{"Dims": [1000, 620], "Walls": [[[348, 28], [416, 261], [0, 0, 0], 1.0]], "Ball": [[594, 360], [296.5214458030244, 45.55252110349169], 20, [0, 0, 255], 1.0], "Name": "intro5", "Occluders": [], "AbnormWalls": [], "ClosedEnds": [1, 3, 2, 4], "Goals": [[[556, 18], [766, 249], 201, [255, 0, 0]], [[22, 238], [96, 499], 202, [0, 255, 0]]], "Paddle": null, "BKColor": [255, 255, 255]}
