{"Dims": [1000, 620], "Walls": [[[489, 36], [606, 513], [0, 0, 0, 255], 1.0]], "Ball": [[78, 579], [289.5114702604185, -78.63274500900256], 20, [0, 0, 255, 255], 1.0], "Name": "Untitled", "Occluders": [], "AbnormWalls": [], "ClosedEnds": [1, 3, 2, 4], "Goals": [[[79, 66], [296, 342], 202, [0, 255, 0, 255]], [[732, 271], [925, 557], 201, [255, 0, 0, 255]]], "Paddle": null, "BKColor": [255, 255, 255, 255]}
