{"Dims": [1000, 620], "Walls": [[[0, 600], [1000, 620], [0, 0, 0], 1.0], [[493, 359], [1001, 384], [0, 0, 0], 1.0], [[493, 266], [518, 382], [0, 0, 0], 1.0], [[493, 247], [1000, 277], [0, 0, 0], 1.0], [[0, 360], [378, 385], [0, 0, 0], 1.0], [[352, 250], [382, 385], [0, 0, 0], 1.0], [[0, 247], [382, 274], [0, 0, 0], 1.0], [[291, 247], [536, 274], [0, 0, 0], 1.0]], "Ball": [[262, 527], [240.85576609910578, -178.8532916577518], 20, [0, 0, 255], 1.0], "Name": "stopper_reach_6_a", "Occluders": [], "AbnormWalls": [], "ClosedEnds": [1, 3, 2, 4], "Goals": [[[780, 9], [860, 242], 201, [255, 0, 0]], [[383, 276], [491, 319], 202, [0, 255, 0]]], "Paddle": null, "BKColor": [255, 255, 255]}
