{"Dims": [1000, 600], "Walls": [[[751, 124], [846, 133], [0, 0, 0], 1.0], [[692, 392], [710, 510], [0, 0, 0], 1.0], [[591, 288], [606, 431], [0, 0, 0], 1.0], [[58, 519], [226, 534], [0, 0, 0], 1.0], [[47, 383], [63, 554], [0, 0, 0], 1.0], [[768, 363], [786, 450], [0, 0, 0], 1.0], [[780, 449], [780, 449], [0, 0, 0], 1.0], [[702, 442], [807, 457], [0, 0, 0], 1.0], [[873, 393], [1000, 414], [0, 0, 0], 1.0], [[825, 242], [1000, 267], [0, 0, 0], 1.0], [[145, 462], [335, 485], [0, 0, 0], 1.0], [[321, 433], [346, 600], [0, 0, 0], 1.0], [[0, 359], [199, 388], [0, 0, 0], 1.0], [[364, 265], [618, 291], [0, 0, 0], 1.0], [[483, 173], [504, 390], [0, 0, 0], 1.0], [[849, 359], [879, 461], [0, 0, 0], 1.0], [[598, 343], [897, 367], [0, 0, 0], 1.0], [[895, 136], [921, 243], [0, 0, 0], 1.0], [[496, 208], [859, 223], [0, 0, 0], 1.0], [[338, 503], [718, 521], [0, 0, 0], 1.0], [[266, 238], [281, 470], [0, 0, 0], 1.0], [[678, 156], [896, 173], [0, 0, 0], 1.0], [[735, 124], [758, 165], [0, 0, 0], 1.0], [[669, 156], [683, 215], [0, 0, 0], 1.0], [[591, 142], [605, 208], [0, 0, 0], 1.0], [[451, 443], [468, 505], [0, 0, 0], 1.0], [[266, 482], [283, 571], [0, 0, 0], 1.0]], "Ball": [[379, 406], [-183.65195789742504, -237.217112284174], 20, [0, 0, 255], 1.0], "Name": "complex_3_c", "Occluders": [], "AbnormWalls": [], "ClosedEnds": [1, 3, 2, 4], "Goals": [[[792, 479], [986, 588], 201, [255, 0, 0]], [[819, 8], [990, 112], 202, [0, 255, 0]]], "Paddle": null, "BKColor": [255, 255, 255]}