{"Dims": [1000, 600], "Walls": [[[928, 506], [1000, 527], [0, 0, 0], 1.0], [[912, 379], [932, 527], [0, 0, 0], 1.0], [[757, 365], [932, 380], [0, 0, 0], 1.0], [[644, 136], [662, 290], [0, 0, 0], 1.0], [[407, 406], [437, 547], [0, 0, 0], 1.0], [[606, 456], [636, 555], [0, 0, 0], 1.0], [[514, 436], [636, 461], [0, 0, 0], 1.0], [[449, 66], [463, 134], [0, 0, 0], 1.0], [[231, 236], [245, 562], [0, 0, 0], 1.0], [[90, 127], [902, 142], [0, 0, 0], 1.0], [[243, 236], [351, 296], [0, 0, 0], 1.0], [[420, 138], [435, 195], [0, 0, 0], 1.0], [[90, 139], [107, 515], [0, 0, 0], 1.0], [[0, 173], [92, 183], [0, 0, 0], 1.0], [[549, 57], [766, 68], [0, 0, 0], 1.0], [[844, 246], [1000, 267], [0, 0, 0], 1.0], [[750, 59], [766, 464], [0, 0, 0], 1.0], [[236, 542], [759, 562], [0, 0, 0], 1.0]], "Ball": [[562, 234], [-246.90777769300757, 170.40114235151225], 20, [0, 0, 255], 1.0], "Name": "complex_4_c", "Occluders": [], "AbnormWalls": [], "ClosedEnds": [1, 3, 2, 4], "Goals": [[[263, 67], [420, 117], 201, [255, 0, 0]], [[270, 471], [395, 532], 202, [0, 255, 0]]], "Paddle": null, "BKColor": [255, 255, 255]}