{"Dims": [1000, 620], "Walls": [[[364, 253], [390, 458], [0, 0, 0], 1.0], [[570, 395], [597, 469], [0, 0, 0], 1.0], [[164, 169], [317, 200], [0, 0, 0], 1.0], [[164, 0], [197, 199], [0, 0, 0], 1.0], [[570, 458], [873, 484], [0, 0, 0], 1.0], [[861, 83], [902, 484], [0, 0, 0], 1.0], [[784, 253], [817, 409], [0, 0, 0], 1.0], [[570, 383], [814, 409], [0, 0, 0], 1.0], [[785, 82], [902, 101], [0, 0, 0], 1.0], [[364, 251], [817, 278], [0, 0, 0], 1.0], [[412, 435], [434, 600], [0, 0, 0], 1.0], [[365, 435], [433, 458], [0, 0, 0], 1.0], [[785, 0], [810, 99], [0, 0, 0], 1.0]], "Ball": [[959, 492], [-185.5678818993782, 235.72136349380474], 20, [0, 0, 255], 1.0], "Name": "complex_2_b", "Occluders": [], "AbnormWalls": [], "ClosedEnds": [1, 3, 2, 4], "Goals": [[[214, 22], [375, 132], 201, [255, 0, 0]], [[399, 399], [568, 431], 202, [0, 255, 0]]], "Paddle": null, "BKColor": [255, 255, 255]}