{"Dims": [1000, 600], "Walls": [[[481, 0], [505, 112], [0, 0, 0], 1.0], [[166, 109], [505, 134], [0, 0, 0], 1.0], [[0, 236], [95, 260], [0, 0, 0], 1.0], [[93, 359], [260, 385], [0, 0, 0], 1.0], [[0, 494], [108, 518], [0, 0, 0], 1.0], [[225, 109], [262, 600], [0, 0, 0], 1.0]], "Ball": [[84, 86], [-260.8369672178305, 148.20282228285822], 20, [0, 0, 255], 1.0], "Name": "complex_6_a", "Occluders": [], "AbnormWalls": [], "ClosedEnds": [1, 3, 2, 4], "Goals": [[[840, 489], [1000, 600], 201, [255, 0, 0]], [[0, 523], [78, 600], 202, [0, 255, 0]]], "Paddle": null, "BKColor": [255, 255, 255]}