{"Dims": [1000, 620], "Walls": [[[496, 208], [1000, 217], [0, 0, 0], 1.0], [[484, 208], [497, 600], [0, 0, 0], 1.0], [[266, 238], [282, 440], [0, 0, 0], 1.0]], "Ball": [[379, 406], [-183.65195789742504, -237.217112284174], 20, [0, 0, 255], 1.0], "Name": "complex_3_a", "Occluders": [], "AbnormWalls": [], "ClosedEnds": [1, 3, 2, 4], "Goals": [[[792, 479], [986, 588], 201, [255, 0, 0]], [[819, 8], [990, 112], 202, [0, 255, 0]]], "Paddle": null, "BKColor": [255, 255, 255]}