{"Dims": [1000, 600], "Walls": [[[233, 126], [761, 145], [0, 0, 0], 1.0], [[231, 0], [253, 562], [0, 0, 0], 1.0], [[236, 542], [759, 562], [0, 0, 0], 1.0], [[750, 0], [765, 563], [0, 0, 0], 1.0]], "Ball": [[562, 234], [-246.90777769300757, 170.40114235151225], 20, [0, 0, 255], 1.0], "Name": "complex_4_a", "Occluders": [], "AbnormWalls": [], "ClosedEnds": [1, 3, 2, 4], "Goals": [[[263, 67], [420, 117], 201, [255, 0, 0]], [[270, 471], [395, 532], 202, [0, 255, 0]]], "Paddle": null, "BKColor": [255, 255, 255]}