{"Dims": [1000, 600], "Walls": [[[438, 357], [481, 617], [0, 0, 0], 1.0], [[438, 0], [481, 235], [0, 0, 0], 1.0]], "Ball": [[736, 532], [-255.39547682670005, -157.39488688157095], 20, [0, 0, 255], 1.0], "Name": "porous_6_c", "Occluders": [], "AbnormWalls": [], "ClosedEnds": [1, 3, 2, 4], "Goals": [[[174, 77], [248, 510], 201, [255, 0, 0]], [[482, 2], [1000, 49], 202, [0, 255, 0]]], "Paddle": null, "BKColor": [255, 255, 255]}