{"Dims": [1000, 620], "Walls": [[[324, 176], [758, 210], [0, 0, 0, 255], 1.0], [[288, 176], [325, 270], [0, 0, 0, 255], 1.0], [[758, 70], [815, 545], [0, 0, 0, 255], 1.0], [[207, 70], [758, 109], [0, 0, 0, 255], 1.0], [[156, 70], [207, 531], [0, 0, 0, 255], 1.0], [[225, 545], [815, 597], [0, 0, 0, 255], 1.0], [[672, 287], [714, 453], [0, 0, 0, 255], 1.0]], "Ball": [[403, 335], [-214.18147457887295, 210.0626000677408], 20, [0, 0, 255, 255], 1.0], "Name": "QTr5", "Occluders": [], "AbnormWalls": [], "ClosedEnds": [1, 3, 2, 4], "Goals": [[[664, 112], [748, 170], 201, [255, 0, 0, 255]], [[148, 540], [215, 600], 202, [0, 255, 0, 255]]], "Paddle": null, "BKColor": [255, 255, 255, 255]}