{"Dims": [1000, 620], "Walls": [[[205, 336], [497, 601], [0, 0, 0], 1.0], [[660, 397], [788, 561], [0, 0, 0], 1.0]], "Ball": [[115, 422], [259.7006810731747, 150.18507332664325], 20, [0, 0, 255], 1.0], "Name": "regular_26", "Occluders": [], "AbnormWalls": [], "ClosedEnds": [1, 3, 2, 4], "Goals": [[[230, 69], [530, 332], 201, [255, 0, 0]], [[897, 256], [985, 479], 202, [0, 255, 0]]], "Paddle": null, "BKColor": [255, 255, 255]}