{"Dims": [1000, 620], "Walls": [[[702, 366], [986, 479], [0, 0, 0], 1.0], [[202, 210], [268, 409], [0, 0, 0], 1.0], [[348, 370], [522, 557], [0, 0, 0], 1.0], [[171, 410], [275, 586], [0, 0, 0], 1.0]], "Ball": [[739, 85], [229.93795178512178, 192.68767041215432], 20, [0, 0, 255], 1.0], "Name": "regular_81", "Occluders": [], "AbnormWalls": [], "ClosedEnds": [1, 3, 2, 4], "Goals": [[[25, 160], [125, 454], 201, [255, 0, 0]], [[324, 84], [473, 224], 202, [0, 255, 0]]], "Paddle": null, "BKColor": [255, 255, 255]}