{"Dims": [1000, 620], "Walls": [[[240, 115], [460, 265], [0, 0, 0], 1.0], [[708, 151], [868, 444], [0, 0, 0], 1.0], [[527, 409], [589, 528], [0, 0, 0], 1.0], [[554, 318], [697, 383], [0, 0, 0], 1.0]], "Ball": [[893, 452], [250.75682412968817, 164.6845929417582], 20, [0, 0, 255], 1.0], "Name": "regular_78", "Occluders": [], "AbnormWalls": [], "ClosedEnds": [1, 3, 2, 4], "Goals": [[[212, 346], [496, 583], 201, [255, 0, 0]], [[50, 186], [185, 441], 202, [0, 255, 0]]], "Paddle": null, "BKColor": [255, 255, 255]}