{"Dims": [1000, 620], "Walls": [[[301, 319], [444, 377], [0, 0, 0], 1.0], [[811, 159], [970, 431], [0, 0, 0], 1.0]], "Ball": [[372, 256], [34.67664273986199, 297.9891448497612], 20, [0, 0, 255], 1.0], "Name": "regular_27", "Occluders": [], "AbnormWalls": [], "ClosedEnds": [1, 3, 2, 4], "Goals": [[[726, 233], [781, 436], 201, [255, 0, 0]], [[601, 497], [746, 595], 202, [0, 255, 0]]], "Paddle": null, "BKColor": [255, 255, 255]}