{"Dims": [1000, 620], "Walls": [[[116, 335], [186, 471], [0, 0, 0], 1.0], [[574, 154], [776, 443], [0, 0, 0], 1.0], [[379, 402], [551, 484], [0, 0, 0], 1.0]], "Ball": [[243, 354], [241.27837024229015, 178.28277553713468], 20, [0, 0, 255], 1.0], "Name": "regular_62", "Occluders": [], "AbnormWalls": [], "ClosedEnds": [1, 3, 2, 4], "Goals": [[[804, 34], [973, 213], 201, [255, 0, 0]], [[246, 99], [441, 194], 202, [0, 255, 0]]], "Paddle": null, "BKColor": [255, 255, 255]}