{"Dims": [1000, 620], "Walls": [[[196, 130], [461, 265], [0, 0, 0], 1.0], [[838, 252], [900, 410], [0, 0, 0], 1.0]], "Ball": [[540, 535], [275.1479937778696, 119.55576740589903], 20, [0, 0, 255], 1.0], "Name": "regular_42", "Occluders": [], "AbnormWalls": [], "ClosedEnds": [1, 3, 2, 4], "Goals": [[[541, 127], [755, 304], 201, [255, 0, 0]], [[81, 274], [362, 567], 202, [0, 255, 0]]], "Paddle": null, "BKColor": [255, 255, 255]}