{"Dims": [1000, 620], "Walls": [[[857, 377], [992, 448], [0, 0, 0], 1.0], [[463, 79], [600, 337], [0, 0, 0], 1.0], [[293, 21], [540, 77], [0, 0, 0], 1.0], [[231, 53], [290, 238], [0, 0, 0], 1.0]], "Ball": [[35, 404], [37.44551510788654, 297.65388188012105], 20, [0, 0, 255], 1.0], "Name": "regular_77", "Occluders": [], "AbnormWalls": [], "ClosedEnds": [1, 3, 2, 4], "Goals": [[[750, 105], [997, 170], 201, [255, 0, 0]], [[171, 288], [356, 572], 202, [0, 255, 0]]], "Paddle": null, "BKColor": [255, 255, 255]}