{"Dims": [1000, 620], "Walls": [[[54, 299], [247, 594], [0, 0, 0], 1.0], [[777, 143], [994, 210], [0, 0, 0], 1.0], [[44, 78], [161, 189], [0, 0, 0], 1.0], [[201, 82], [391, 226], [0, 0, 0], 1.0]], "Ball": [[332, 351], [27.357018821284694, 298.7500519183418], 20, [0, 0, 255], 1.0], "Name": "regular_94", "Occluders": [], "AbnormWalls": [], "ClosedEnds": [1, 3, 2, 4], "Goals": [[[505, 299], [799, 511], 201, [255, 0, 0]], [[494, 17], [769, 258], 202, [0, 255, 0]]], "Paddle": null, "BKColor": [255, 255, 255]}