{"Dims": [1000, 620], "Walls": [[[467, 259], [601, 469], [0, 0, 0], 1.0], [[184, 28], [236, 267], [0, 0, 0], 1.0]], "Ball": [[818, 61], [291.07977950462026, 72.61240915671102], 20, [0, 0, 255], 1.0], "Name": "regular_35", "Occluders": [], "AbnormWalls": [], "ClosedEnds": [1, 3, 2, 4], "Goals": [[[314, 2], [378, 175], 201, [255, 0, 0]], [[127, 397], [374, 546], 202, [0, 255, 0]]], "Paddle": null, "BKColor": [255, 255, 255]}