{"Dims": [1000, 620], "Walls": [[[597, 236], [887, 508], [0, 0, 0], 1.0]], "Ball": [[764, 70], [229.33647329382018, 193.40315927397072], 20, [0, 0, 255], 1.0], "Name": "regular_21", "Occluders": [], "AbnormWalls": [], "ClosedEnds": [1, 3, 2, 4], "Goals": [[[53, 16], [322, 247], 201, [255, 0, 0]], [[370, 167], [630, 235], 202, [0, 255, 0]]], "Paddle": null, "BKColor": [255, 255, 255]}