{"Dims": [1000, 620], "Walls": [[[457, 222], [555, 274], [0, 0, 0], 1.0], [[148, 258], [238, 391], [0, 0, 0], 1.0], [[578, 1], [874, 98], [0, 0, 0], 1.0], [[115, 452], [180, 589], [0, 0, 0], 1.0]], "Ball": [[79, 91], [110.74489444587567, 278.8109903755084], 20, [0, 0, 255], 1.0], "Name": "regular_92", "Occluders": [], "AbnormWalls": [], "ClosedEnds": [1, 3, 2, 4], "Goals": [[[447, 343], [705, 560], 201, [255, 0, 0]], [[800, 327], [983, 606], 202, [0, 255, 0]]], "Paddle": null, "BKColor": [255, 255, 255]}