{"Dims": [1000, 620], "Walls": [[[884, 114], [951, 315], [0, 0, 0], 1.0], [[523, 38], [703, 199], [0, 0, 0], 1.0]], "Ball": [[556, 502], [166.5914532552185, 249.49406346106585], 20, [0, 0, 255], 1.0], "Name": "regular_44", "Occluders": [], "AbnormWalls": [], "ClosedEnds": [1, 3, 2, 4], "Goals": [[[412, 156], [466, 265], 201, [255, 0, 0]], [[74, 365], [206, 481], 202, [0, 255, 0]]], "Paddle": null, "BKColor": [255, 255, 255]}