{"Dims": [1000, 620], "Walls": [[[759, 293], [854, 541], [0, 0, 0], 1.0], [[336, 310], [589, 586], [0, 0, 0], 1.0], [[442, 30], [692, 128], [0, 0, 0], 1.0], [[737, 1], [835, 138], [0, 0, 0], 1.0]], "Ball": [[945, 411], [293.0496090360624, 64.20223238962154], 20, [0, 0, 255], 1.0], "Name": "regular_82", "Occluders": [], "AbnormWalls": [], "ClosedEnds": [1, 3, 2, 4], "Goals": [[[60, 181], [330, 276], 201, [255, 0, 0]], [[130, 435], [242, 604], 202, [0, 255, 0]]], "Paddle": null, "BKColor": [255, 255, 255]}