{"Dims": [1000, 620], "Walls": [[[653, 250], [947, 372], [0, 0, 0], 1.0]], "Ball": [[276, 366], [288.14701431949857, 83.49430003753965], 20, [0, 0, 255], 1.0], "Name": "regular_20", "Occluders": [], "AbnormWalls": [], "ClosedEnds": [1, 3, 2, 4], "Goals": [[[170, 84], [349, 137], 201, [255, 0, 0]], [[524, 162], [589, 366], 202, [0, 255, 0]]], "Paddle": null, "BKColor": [255, 255, 255]}