{"Dims": [1000, 620], "Walls": [[[34, 44], [297, 332], [0, 0, 0], 1.0]], "Ball": [[122, 23], [297.2454866505202, 40.56008710413986], 20, [0, 0, 255], 1.0], "Name": "regular_22", "Occluders": [], "AbnormWalls": [], "ClosedEnds": [1, 3, 2, 4], "Goals": [[[745, 368], [978, 518], 201, [255, 0, 0]], [[354, 340], [433, 466], 202, [0, 255, 0]]], "Paddle": null, "BKColor": [255, 255, 255]}