{"Dims": [1000, 620], "Walls": [[[487, 393], [577, 487], [0, 0, 0], 1.0], [[912, 11], [982, 128], [0, 0, 0], 1.0]], "Ball": [[977, 479], [96.96765242865052, 283.8965910018584], 20, [0, 0, 255], 1.0], "Name": "regular_29", "Occluders": [], "AbnormWalls": [], "ClosedEnds": [1, 3, 2, 4], "Goals": [[[494, 184], [667, 259], 201, [255, 0, 0]], [[29, 406], [166, 610], 202, [0, 255, 0]]], "Paddle": null, "BKColor": [255, 255, 255]}