{"Dims": [1000, 620], "Walls": [[[93, 525], [363, 589], [0, 0, 0], 1.0], [[293, 56], [413, 309], [0, 0, 0], 1.0], [[422, 415], [508, 472], [0, 0, 0], 1.0], [[30, 143], [236, 363], [0, 0, 0], 1.0]], "Ball": [[269, 466], [188.44138017672506, 233.43060261476205], 20, [0, 0, 255], 1.0], "Name": "regular_88", "Occluders": [], "AbnormWalls": [], "ClosedEnds": [1, 3, 2, 4], "Goals": [[[561, 303], [797, 528], 201, [255, 0, 0]], [[838, 339], [896, 470], 202, [0, 255, 0]]], "Paddle": null, "BKColor": [255, 255, 255]}