{"Dims": [1000, 620], "Walls": [[[74, 60], [204, 336], [0, 0, 0], 1.0]], "Ball": [[509, 442], [109.98975463249388, 279.10975238404654], 20, [0, 0, 255], 1.0], "Name": "regular_0", "Occluders": [], "AbnormWalls": [], "ClosedEnds": [1, 3, 2, 4], "Goals": [[[386, 73], [624, 250], 201, [255, 0, 0]], [[241, 318], [397, 616], 202, [0, 255, 0]]], "Paddle": null, "BKColor": [255, 255, 255]}