{"Dims": [1000, 620], "Walls": [[[492, 332], [708, 538], [0, 0, 0], 1.0]], "Ball": [[224, 269], [275.5916290203053, 118.5295491172325], 20, [0, 0, 255], 1.0], "Name": "regular_7", "Occluders": [], "AbnormWalls": [], "ClosedEnds": [1, 3, 2, 4], "Goals": [[[750, 299], [817, 599], 201, [255, 0, 0]], [[324, 124], [567, 276], 202, [0, 255, 0]]], "Paddle": null, "BKColor": [255, 255, 255]}