{"Dims": [1000, 620], "Walls": [[[609, 80], [778, 248], [0, 0, 0], 1.0], [[388, 269], [441, 499], [0, 0, 0], 1.0], [[25, 247], [84, 462], [0, 0, 0], 1.0]], "Ball": [[348, 474], [242.7470260937947, 176.2778526151784], 20, [0, 0, 255], 1.0], "Name": "regular_64", "Occluders": [], "AbnormWalls": [], "ClosedEnds": [1, 3, 2, 4], "Goals": [[[567, 436], [647, 561], 201, [255, 0, 0]], [[287, 28], [394, 201], 202, [0, 255, 0]]], "Paddle": null, "BKColor": [255, 255, 255]}