{"Dims": [1000, 620], "Walls": [[[911, 148], [985, 367], [0, 0, 0], 1.0], [[477, 453], [586, 516], [0, 0, 0], 1.0], [[506, 44], [713, 269], [0, 0, 0], 1.0]], "Ball": [[893, 567], [220.67042436608938, 203.2352425395016], 20, [0, 0, 255], 1.0], "Name": "regular_53", "Occluders": [], "AbnormWalls": [], "ClosedEnds": [1, 3, 2, 4], "Goals": [[[18, 162], [260, 276], 201, [255, 0, 0]], [[206, 401], [415, 574], 202, [0, 255, 0]]], "Paddle": null, "BKColor": [255, 255, 255]}