{"Dims": [1000, 620], "Walls": [[[221, 130], [362, 184], [0, 0, 0], 1.0], [[288, 469], [394, 545], [0, 0, 0], 1.0]], "Ball": [[813, 537], [295.05237800854053, 54.25950821289603], 20, [0, 0, 255], 1.0], "Name": "regular_45", "Occluders": [], "AbnormWalls": [], "ClosedEnds": [1, 3, 2, 4], "Goals": [[[406, 36], [644, 205], 201, [255, 0, 0]], [[216, 353], [461, 437], 202, [0, 255, 0]]], "Paddle": null, "BKColor": [255, 255, 255]}