{"Dims": [1000, 620], "Walls": [[[618, 185], [830, 382], [0, 0, 0], 1.0], [[881, 346], [978, 446], [0, 0, 0], 1.0]], "Ball": [[853, 124], [129.30206700452965, 270.7045907781324], 20, [0, 0, 255], 1.0], "Name": "regular_38", "Occluders": [], "AbnormWalls": [], "ClosedEnds": [1, 3, 2, 4], "Goals": [[[294, 73], [564, 298], 201, [255, 0, 0]], [[501, 4], [687, 55], 202, [0, 255, 0]]], "Paddle": null, "BKColor": [255, 255, 255]}