{"Dims": [1000, 620], "Walls": [[[263, 229], [547, 349], [0, 0, 0], 1.0], [[577, 459], [751, 557], [0, 0, 0], 1.0], [[35, 96], [173, 176], [0, 0, 0], 1.0], [[681, 263], [876, 373], [0, 0, 0], 1.0]], "Ball": [[471, 381], [248.49150578442632, 168.08322805380791], 20, [0, 0, 255], 1.0], "Name": "regular_75", "Occluders": [], "AbnormWalls": [], "ClosedEnds": [1, 3, 2, 4], "Goals": [[[24, 180], [258, 253], 201, [255, 0, 0]], [[654, 45], [895, 111], 202, [0, 255, 0]]], "Paddle": null, "BKColor": [255, 255, 255]}