{"Dims": [1000, 620], "Walls": [[[443, 546], [584, 605], [0, 0, 0], 1.0], [[758, 438], [883, 601], [0, 0, 0], 1.0], [[200, 431], [275, 567], [0, 0, 0], 1.0]], "Ball": [[34, 103], [224.9920168669596, 198.4403999848261], 20, [0, 0, 255], 1.0], "Name": "regular_58", "Occluders": [], "AbnormWalls": [], "ClosedEnds": [1, 3, 2, 4], "Goals": [[[411, 139], [486, 300], 201, [255, 0, 0]], [[488, 219], [625, 320], 202, [0, 255, 0]]], "Paddle": null, "BKColor": [255, 255, 255]}