{"Dims": [1000, 620], "Walls": [[[755, 429], [871, 560], [0, 0, 0], 1.0]], "Ball": [[442, 526], [279.8809046670751, 108.01240300419046], 20, [0, 0, 255], 1.0], "Name": "regular_15", "Occluders": [], "AbnormWalls": [], "ClosedEnds": [1, 3, 2, 4], "Goals": [[[463, 174], [743, 461], 201, [255, 0, 0]], [[23, 212], [183, 363], 202, [0, 255, 0]]], "Paddle": null, "BKColor": [255, 255, 255]}