{"Dims": [1000, 620], "Walls": [[[538, 266], [695, 357], [0, 0, 0], 1.0], [[789, 215], [981, 277], [0, 0, 0], 1.0], [[190, 199], [327, 343], [0, 0, 0], 1.0], [[175, 409], [355, 533], [0, 0, 0], 1.0]], "Ball": [[122, 486], [176.84127322409702, 242.3368813954662], 20, [0, 0, 255], 1.0], "Name": "regular_83", "Occluders": [], "AbnormWalls": [], "ClosedEnds": [1, 3, 2, 4], "Goals": [[[380, 157], [484, 239], 201, [255, 0, 0]], [[482, 422], [779, 478], 202, [0, 255, 0]]], "Paddle": null, "BKColor": [255, 255, 255]}