{"Dims": [1000, 620], "Walls": [[[343, 82], [415, 195], [0, 0, 0], 1.0], [[136, 145], [201, 428], [0, 0, 0], 1.0], [[351, 352], [438, 477], [0, 0, 0], 1.0]], "Ball": [[224, 209], [187.78967316301973, 233.95520651040496], 20, [0, 0, 255], 1.0], "Name": "regular_60", "Occluders": [], "AbnormWalls": [], "ClosedEnds": [1, 3, 2, 4], "Goals": [[[374, 204], [534, 332], 201, [255, 0, 0]], [[652, 350], [946, 486], 202, [0, 255, 0]]], "Paddle": null, "BKColor": [255, 255, 255]}