{"Dims": [1000, 620], "Walls": [[[869, 175], [985, 297], [0, 0, 0], 1.0], [[149, 177], [397, 272], [0, 0, 0], 1.0]], "Ball": [[72, 56], [58.08371634991964, 294.3234307610967], 20, [0, 0, 255], 1.0], "Name": "regular_46", "Occluders": [], "AbnormWalls": [], "ClosedEnds": [1, 3, 2, 4], "Goals": [[[555, 324], [848, 484], 201, [255, 0, 0]], [[327, 292], [515, 375], 202, [0, 255, 0]]], "Paddle": null, "BKColor": [255, 255, 255]}