{"Dims": [1000, 620], "Walls": [[[799, 259], [916, 327], [0, 0, 0], 1.0]], "Ball": [[518, 547], [188.69315187878675, 233.22713057028574], 20, [0, 0, 255], 1.0], "Name": "regular_13", "Occluders": [], "AbnormWalls": [], "ClosedEnds": [1, 3, 2, 4], "Goals": [[[194, 370], [442, 422], 201, [255, 0, 0]], [[27, 75], [231, 210], 202, [0, 255, 0]]], "Paddle": null, "BKColor": [255, 255, 255]}