{"Dims": [1000, 620], "Walls": [[[696, 524], [933, 597], [0, 0, 0], 1.0], [[832, 73], [931, 174], [0, 0, 0], 1.0], [[132, 107], [312, 235], [0, 0, 0], 1.0], [[548, 54], [828, 130], [0, 0, 0], 1.0]], "Ball": [[927, 34], [121.0283709153676, 274.50343064080676], 20, [0, 0, 255], 1.0], "Name": "regular_90", "Occluders": [], "AbnormWalls": [], "ClosedEnds": [1, 3, 2, 4], "Goals": [[[393, 41], [538, 229], 201, [255, 0, 0]], [[240, 318], [348, 481], 202, [0, 255, 0]]], "Paddle": null, "BKColor": [255, 255, 255]}