{"Dims": [1000, 620], "Walls": [[[639, 2], [770, 104], [0, 0, 0], 1.0], [[280, 107], [512, 280], [0, 0, 0], 1.0], [[60, 281], [164, 428], [0, 0, 0], 1.0]], "Ball": [[935, 77], [189.7174233333083, 232.3947057997886], 20, [0, 0, 255], 1.0], "Name": "regular_49", "Occluders": [], "AbnormWalls": [], "ClosedEnds": [1, 3, 2, 4], "Goals": [[[291, 348], [426, 483], 201, [255, 0, 0]], [[522, 126], [684, 304], 202, [0, 255, 0]]], "Paddle": null, "BKColor": [255, 255, 255]}