{"Dims": [1000, 620], "Walls": [[[681, 12], [881, 107], [0, 0, 0], 1.0], [[697, 158], [854, 433], [0, 0, 0], 1.0]], "Ball": [[659, 442], [40.90746844369787, 297.19787856835023], 20, [0, 0, 255], 1.0], "Name": "regular_41", "Occluders": [], "AbnormWalls": [], "ClosedEnds": [1, 3, 2, 4], "Goals": [[[428, 238], [515, 465], 201, [255, 0, 0]], [[148, 35], [275, 142], 202, [0, 255, 0]]], "Paddle": null, "BKColor": [255, 255, 255]}