{"Dims": [1000, 620], "Walls": [[[106, 119], [253, 283], [0, 0, 0], 1.0], [[847, 143], [996, 227], [0, 0, 0], 1.0], [[439, 524], [735, 582], [0, 0, 0], 1.0]], "Ball": [[965, 538], [297.12372274905664, 41.44265169775828], 20, [0, 0, 255], 1.0], "Name": "regular_56", "Occluders": [], "AbnormWalls": [], "ClosedEnds": [1, 3, 2, 4], "Goals": [[[438, 241], [660, 514], 201, [255, 0, 0]], [[349, 50], [492, 102], 202, [0, 255, 0]]], "Paddle": null, "BKColor": [255, 255, 255]}