{"Dims": [1000, 620], "Walls": [[[289, 112], [366, 288], [0, 0, 0], 1.0], [[199, 361], [320, 423], [0, 0, 0], 1.0], [[724, 368], [989, 541], [0, 0, 0], 1.0]], "Ball": [[145, 205], [94.97968649457516, 284.5678463097899], 20, [0, 0, 255], 1.0], "Name": "regular_55", "Occluders": [], "AbnormWalls": [], "ClosedEnds": [1, 3, 2, 4], "Goals": [[[414, 161], [468, 332], 201, [255, 0, 0]], [[438, 364], [712, 595], 202, [0, 255, 0]]], "Paddle": null, "BKColor": [255, 255, 255]}