{"Dims": [1000, 620], "Walls": [[[385, 219], [479, 325], [0, 0, 0], 1.0]], "Ball": [[224, 74], [293.85000284052717, 60.433234487508464], 20, [0, 0, 255], 1.0], "Name": "regular_1", "Occluders": [], "AbnormWalls": [], "ClosedEnds": [1, 3, 2, 4], "Goals": [[[381, 421], [570, 570], 201, [255, 0, 0]], [[857, 337], [963, 592], 202, [0, 255, 0]]], "Paddle": null, "BKColor": [255, 255, 255]}