{"Dims": [1000, 620], "Walls": [[[490, 77], [636, 140], [0, 0, 0], 1.0], [[439, 530], [580, 602], [0, 0, 0], 1.0], [[753, 70], [845, 241], [0, 0, 0], 1.0], [[155, 222], [421, 506], [0, 0, 0], 1.0]], "Ball": [[346, 596], [288.55723605938647, 82.06534906869958], 20, [0, 0, 255], 1.0], "Name": "regular_84", "Occluders": [], "AbnormWalls": [], "ClosedEnds": [1, 3, 2, 4], "Goals": [[[717, 301], [900, 525], 201, [255, 0, 0]], [[370, 141], [591, 212], 202, [0, 255, 0]]], "Paddle": null, "BKColor": [255, 255, 255]}