{"Dims": [1000, 620], "Walls": [[[629, 26], [715, 145], [0, 0, 0], 1.0], [[50, 466], [176, 604], [0, 0, 0], 1.0], [[262, 301], [394, 373], [0, 0, 0], 1.0]], "Ball": [[603, 93], [199.75579181022178, 223.82498439242954], 20, [0, 0, 255], 1.0], "Name": "regular_70", "Occluders": [], "AbnormWalls": [], "ClosedEnds": [1, 3, 2, 4], "Goals": [[[142, 169], [299, 262], 201, [255, 0, 0]], [[602, 176], [666, 339], 202, [0, 255, 0]]], "Paddle": null, "BKColor": [255, 255, 255]}