{"Dims": [1000, 620], "Walls": [[[310, 380], [538, 503], [0, 0, 0], 1.0], [[558, 553], [655, 603], [0, 0, 0], 1.0], [[776, 345], [880, 564], [0, 0, 0], 1.0]], "Ball": [[36, 277], [160.76968377104112, 253.28463984252866], 20, [0, 0, 255], 1.0], "Name": "regular_61", "Occluders": [], "AbnormWalls": [], "ClosedEnds": [1, 3, 2, 4], "Goals": [[[77, 190], [370, 252], 201, [255, 0, 0]], [[873, 13], [995, 184], 202, [0, 255, 0]]], "Paddle": null, "BKColor": [255, 255, 255]}