{"Dims": [1000, 620], "Walls": [[[341, 103], [401, 336], [0, 0, 0], 1.0], [[195, 356], [326, 448], [0, 0, 0], 1.0], [[744, 368], [948, 565], [0, 0, 0], 1.0], [[377, 24], [635, 100], [0, 0, 0], 1.0], [[128, 238], [233, 335], [0, 0, 0], 1.0]], "Ball": [[979, 393], [248.27449181690832, 168.40361252970777], 20, [0, 0, 255], 1.0], "Name": "RTr_Bl5_9", "Occluders": [], "AbnormWalls": [], "ClosedEnds": [1, 3, 2, 4], "Goals": [[[239, 29], [337, 211], 201, [255, 0, 0]], [[558, 264], [802, 343], 202, [0, 255, 0]]], "Paddle": null, "BKColor": [255, 255, 255]}