{"Dims": [1000, 620], "Walls": [[[581, 219], [805, 332], [0, 0, 0], 1.0]], "Ball": [[552, 378], [119.41136911114124, 275.2106918835145], 20, [0, 0, 255], 1.0], "Name": "RTr_Bl1_19", "Occluders": [], "AbnormWalls": [], "ClosedEnds": [1, 3, 2, 4], "Goals": [[[233, 277], [430, 468], 201, [255, 0, 0]], [[854, 330], [904, 420], 202, [0, 255, 0]]], "Paddle": null, "BKColor": [255, 255, 255]}