{"Dims": [1000, 620], "Walls": [[[821, 99], [945, 279], [0, 0, 0, 255], 1.0], [[400, 342], [598, 609], [0, 0, 0, 255], 1.0], [[401, 24], [671, 196], [0, 0, 0, 255], 1.0], [[275, 27], [326, 269], [0, 0, 0, 255], 1.0]], "Ball": [[220, 486], [110.52466332632619, 278.89836642870864], 20, [0, 0, 255, 255], 1.0], "Name": "RTr_Bl4_8", "Occluders": [], "AbnormWalls": [], "ClosedEnds": [1, 3, 2, 4], "Goals": [[[626, 322], [883, 513], 201, [255, 0, 0, 255]], [[104, 333], [178, 473], 202, [0, 255, 0, 255]]], "Paddle": null, "BKColor": [255, 255, 255, 255]}