{"Dims": [1000, 620], "Walls": [[[223, 475], [428, 526], [0, 0, 0], 1.0]], "Ball": [[396, 231], [253.9658346325266, 159.6914363370941], 20, [0, 0, 255], 1.0], "Name": "RTr_Bl1_6", "Occluders": [], "AbnormWalls": [], "ClosedEnds": [1, 3, 2, 4], "Goals": [[[134, 205], [372, 446], 201, [255, 0, 0]], [[444, 39], [560, 196], 202, [0, 255, 0]]], "Paddle": null, "BKColor": [255, 255, 255]}