{"Dims": [1000, 620], "Walls": [[[188, 78], [297, 247], [0, 0, 0], 1.0], [[76, 494], [273, 577], [0, 0, 0], 1.0]], "Ball": [[311, 376], [289.6972090348957, 77.94566747030855], 20, [0, 0, 255], 1.0], "Name": "RTr_Bl2_6", "Occluders": [], "AbnormWalls": [], "ClosedEnds": [1, 3, 2, 4], "Goals": [[[740, 34], [812, 302], 201, [255, 0, 0]], [[316, 147], [574, 351], 202, [0, 255, 0]]], "Paddle": null, "BKColor": [255, 255, 255]}