{"Dims": [1000, 620], "Walls": [[[2, 157], [225, 235], [0, 0, 0], 1.0], [[235, 446], [515, 588], [0, 0, 0], 1.0], [[540, 106], [690, 247], [0, 0, 0], 1.0], [[266, 152], [369, 253], [0, 0, 0], 1.0], [[822, 77], [891, 362], [0, 0, 0], 1.0]], "Ball": [[86, 329], [229.9587568203583, 192.66284063522815], 20, [0, 0, 255], 1.0], "Name": "RTr_Bl5_2", "Occluders": [], "AbnormWalls": [], "ClosedEnds": [1, 3, 2, 4], "Goals": [[[603, 304], [805, 578], 201, [255, 0, 0]], [[414, 57], [476, 151], 202, [0, 255, 0]]], "Paddle": null, "BKColor": [255, 255, 255]}