{"Dims": [1000, 620], "Walls": [[[345, 350], [594, 513], [0, 0, 0], 1.0]], "Ball": [[935, 202], [220.4073977727738, 203.52046336187982], 20, [0, 0, 255], 1.0], "Name": "RTr_Bl1_8", "Occluders": [], "AbnormWalls": [], "ClosedEnds": [1, 3, 2, 4], "Goals": [[[595, 160], [795, 346], 201, [255, 0, 0]], [[55, 447], [144, 576], 202, [0, 255, 0]]], "Paddle": null, "BKColor": [255, 255, 255]}