{"Dims": [1000, 620], "Walls": [[[661, 95], [906, 377], [0, 0, 0], 1.0], [[539, 136], [657, 256], [0, 0, 0], 1.0], [[235, 222], [485, 329], [0, 0, 0], 1.0], [[66, 240], [130, 326], [0, 0, 0], 1.0], [[554, 361], [618, 433], [0, 0, 0], 1.0]], "Ball": [[398, 176], [165.1561068223564, 250.4465219947812], 20, [0, 0, 255], 1.0], "Name": "RTr_Bl5_18", "Occluders": [], "AbnormWalls": [], "ClosedEnds": [1, 3, 2, 4], "Goals": [[[139, 152], [196, 321], 201, [255, 0, 0]], [[293, 376], [423, 520], 202, [0, 255, 0]]], "Paddle": null, "BKColor": [255, 255, 255]}