{"Dims": [1000, 620], "Walls": [[[233, 404], [313, 595], [0, 0, 0], 1.0], [[350, 127], [616, 270], [0, 0, 0], 1.0], [[618, 309], [712, 564], [0, 0, 0], 1.0], [[344, 371], [409, 540], [0, 0, 0], 1.0]], "Ball": [[45, 83], [116.34538447173601, 276.52079761226634], 20, [0, 0, 255], 1.0], "Name": "RTr_Bl4_4", "Occluders": [], "AbnormWalls": [], "ClosedEnds": [1, 3, 2, 4], "Goals": [[[256, 177], [345, 229], 201, [255, 0, 0]], [[691, 226], [966, 282], 202, [0, 255, 0]]], "Paddle": null, "BKColor": [255, 255, 255]}