{"Dims": [1000, 620], "Walls": [[[856, 49], [996, 194], [0, 0, 0], 1.0], [[378, 356], [473, 521], [0, 0, 0], 1.0]], "Ball": [[39, 332], [125.9605835616835, 272.2754696787798], 20, [0, 0, 255], 1.0], "Name": "RTr_Bl2_10", "Occluders": [], "AbnormWalls": [], "ClosedEnds": [1, 3, 2, 4], "Goals": [[[547, 0], [714, 125], 201, [255, 0, 0]], [[49, 1], [285, 274], 202, [0, 255, 0]]], "Paddle": null, "BKColor": [255, 255, 255]}