{"Dims": [1000, 620], "Walls": [[[97, 357], [252, 451], [0, 0, 0], 1.0], [[642, 406], [743, 456], [0, 0, 0], 1.0], [[443, 106], [533, 331], [0, 0, 0], 1.0], [[46, 31], [310, 312], [0, 0, 0], 1.0], [[322, 416], [559, 596], [0, 0, 0], 1.0]], "Ball": [[835, 457], [290.45395724398276, 75.07661900559066], 20, [0, 0, 255], 1.0], "Name": "RTr_Bl5_4", "Occluders": [], "AbnormWalls": [], "ClosedEnds": [1, 3, 2, 4], "Goals": [[[644, 188], [865, 299], 201, [255, 0, 0]], [[10, 524], [208, 598], 202, [0, 255, 0]]], "Paddle": null, "BKColor": [255, 255, 255]}