{"Dims": [1000, 620], "Walls": [[[726, 373], [840, 522], [0, 0, 0], 1.0]], "Ball": [[907, 552], [117.47718993174038, 276.041862487815], 20, [0, 0, 255], 1.0], "Name": "RTr_Bl1_0", "Occluders": [], "AbnormWalls": [], "ClosedEnds": [1, 3, 2, 4], "Goals": [[[390, 174], [649, 326], 201, [255, 0, 0]], [[334, 299], [387, 544], 202, [0, 255, 0]]], "Paddle": null, "BKColor": [255, 255, 255]}