{"Dims": [1000, 620], "Walls": [[[554, 368], [707, 469], [0, 0, 0], 1.0]], "Ball": [[544, 153], [210.52254010897764, 213.72940861300276], 20, [0, 0, 255], 1.0], "Name": "RTr_Bl1_3", "Occluders": [], "AbnormWalls": [], "ClosedEnds": [1, 3, 2, 4], "Goals": [[[301, 163], [465, 305], 201, [255, 0, 0]], [[140, 509], [440, 607], 202, [0, 255, 0]]], "Paddle": null, "BKColor": [255, 255, 255]}