{"Dims": [1000, 620], "Walls": [[[187, 41], [366, 254], [0, 0, 0], 1.0], [[733, 415], [873, 567], [0, 0, 0], 1.0], [[423, 9], [482, 289], [0, 0, 0], 1.0], [[809, 0], [927, 188], [0, 0, 0], 1.0]], "Ball": [[780, 184], [193.79262683949796, 229.00746228594184], 20, [0, 0, 255], 1.0], "Name": "RTr_Bl4_16", "Occluders": [], "AbnormWalls": [], "ClosedEnds": [1, 3, 2, 4], "Goals": [[[15, 303], [307, 548], 201, [255, 0, 0]], [[334, 321], [632, 486], 202, [0, 255, 0]]], "Paddle": null, "BKColor": [255, 255, 255]}