{"Dims": [1000, 620], "Walls": [[[543, 87], [675, 247], [0, 0, 0], 1.0], [[746, 410], [996, 510], [0, 0, 0], 1.0], [[47, 27], [291, 301], [0, 0, 0], 1.0], [[84, 306], [178, 456], [0, 0, 0], 1.0], [[298, 4], [476, 156], [0, 0, 0], 1.0]], "Ball": [[731, 76], [58.862453759328034, 294.1686787158534], 20, [0, 0, 255], 1.0], "Name": "RTr_Bl5_17", "Occluders": [], "AbnormWalls": [], "ClosedEnds": [1, 3, 2, 4], "Goals": [[[318, 310], [459, 360], 201, [255, 0, 0]], [[545, 348], [739, 603], 202, [0, 255, 0]]], "Paddle": null, "BKColor": [255, 255, 255]}