{"Dims": [1000, 620], "Walls": [[[765, 283], [990, 444], [0, 0, 0], 1.0]], "Ball": [[597, 43], [257.1354830142346, 154.53589671994095], 20, [0, 0, 255], 1.0], "Name": "RTr_Bl1_14", "Occluders": [], "AbnormWalls": [], "ClosedEnds": [1, 3, 2, 4], "Goals": [[[408, 367], [471, 433], 201, [255, 0, 0]], [[241, 174], [538, 242], 202, [0, 255, 0]]], "Paddle": null, "BKColor": [255, 255, 255]}