{"Dims": [1000, 620], "Walls": [[[480, 3], [731, 58], [0, 0, 0], 1.0], [[815, 25], [944, 135], [0, 0, 0], 1.0], [[118, 172], [329, 380], [0, 0, 0], 1.0]], "Ball": [[26, 94], [211.5198966140718, 212.74241076093023], 20, [0, 0, 255], 1.0], "Name": "RTr_Bl3_0", "Occluders": [], "AbnormWalls": [], "ClosedEnds": [1, 3, 2, 4], "Goals": [[[415, 147], [649, 310], 201, [255, 0, 0]], [[383, 388], [630, 543], 202, [0, 255, 0]]], "Paddle": null, "BKColor": [255, 255, 255]}