{"Dims": [1000, 620], "Walls": [[[851, 326], [933, 430], [0, 0, 0], 1.0]], "Ball": [[489, 132], [298.9380523408469, 25.219850567778003], 20, [0, 0, 255], 1.0], "Name": "RTr_Bl1_5", "Occluders": [], "AbnormWalls": [], "ClosedEnds": [1, 3, 2, 4], "Goals": [[[713, 300], [767, 553], 201, [255, 0, 0]], [[260, 368], [341, 614], 202, [0, 255, 0]]], "Paddle": null, "BKColor": [255, 255, 255]}