{"Dims": [1000, 620], "Walls": [[[148, 67], [424, 131], [0, 0, 0], 1.0], [[448, 138], [514, 211], [0, 0, 0], 1.0], [[566, 424], [818, 557], [0, 0, 0], 1.0], [[270, 226], [405, 288], [0, 0, 0], 1.0]], "Ball": [[342, 157], [242.7739448207269, 176.24077767696858], 20, [0, 0, 255], 1.0], "Name": "RTr_Bl4_0", "Occluders": [], "AbnormWalls": [], "ClosedEnds": [1, 3, 2, 4], "Goals": [[[112, 385], [404, 544], 201, [255, 0, 0]], [[593, 100], [800, 326], 202, [0, 255, 0]]], "Paddle": null, "BKColor": [255, 255, 255]}