{"Dims": [1000, 620], "Walls": [[[120, 19], [250, 252], [0, 0, 0], 1.0], [[549, 208], [701, 436], [0, 0, 0], 1.0], [[110, 435], [174, 617], [0, 0, 0], 1.0], [[662, 76], [861, 198], [0, 0, 0], 1.0], [[749, 268], [897, 474], [0, 0, 0], 1.0]], "Ball": [[559, 496], [290.8873085802088, 73.37965458464888], 20, [0, 0, 255], 1.0], "Name": "RTr_Bl5_3", "Occluders": [], "AbnormWalls": [], "ClosedEnds": [1, 3, 2, 4], "Goals": [[[334, 49], [549, 290], 201, [255, 0, 0]], [[0, 315], [78, 452], 202, [0, 255, 0]]], "Paddle": null, "BKColor": [255, 255, 255]}