{"Dims": [1000, 620], "Walls": [[[331, 107], [495, 264], [0, 0, 0], 1.0]], "Ball": [[328, 527], [61.00535034118435, 293.73176067587474], 20, [0, 0, 255], 1.0], "Name": "RTr_Bl1_13", "Occluders": [], "AbnormWalls": [], "ClosedEnds": [1, 3, 2, 4], "Goals": [[[838, 78], [917, 334], 201, [255, 0, 0]], [[69, 24], [247, 124], 202, [0, 255, 0]]], "Paddle": null, "BKColor": [255, 255, 255]}