{"Dims": [1000, 620], "Walls": [[[604, 124], [817, 270], [0, 0, 0], 1.0], [[29, 19], [162, 77], [0, 0, 0], 1.0], [[281, 16], [496, 73], [0, 0, 0], 1.0]], "Ball": [[623, 34], [277.2108803280359, 114.69144618390406], 20, [0, 0, 255], 1.0], "Name": "RTr_Bl3_9", "Occluders": [], "AbnormWalls": [], "ClosedEnds": [1, 3, 2, 4], "Goals": [[[92, 437], [290, 609], 201, [255, 0, 0]], [[497, 343], [796, 600], 202, [0, 255, 0]]], "Paddle": null, "BKColor": [255, 255, 255]}