{"Dims": [1000, 620], "Walls": [[[885, 239], [955, 300], [0, 0, 0, 255], 1.0]], "Ball": [[616, 64], [181.7882934489445, 238.6483110456063], 20, [0, 0, 255, 255], 1.0], "Name": "RTr_Bl1_16", "Occluders": [], "AbnormWalls": [], "ClosedEnds": [1, 3, 2, 4], "Goals": [[[361, 137], [632, 335], 201, [255, 0, 0, 255]], [[148, 176], [278, 434], 202, [0, 255, 0, 255]]], "Paddle": null, "BKColor": [255, 255, 255, 255]}