{"Dims": [1000, 620], "Walls": [[[83, 343], [259, 476], [0, 0, 0], 1.0], [[773, 383], [995, 553], [0, 0, 0], 1.0], [[660, 69], [892, 269], [0, 0, 0], 1.0], [[169, 167], [285, 252], [0, 0, 0], 1.0]], "Ball": [[81, 299], [168.89766142622702, 247.9386616983152], 20, [0, 0, 255], 1.0], "Name": "RTr_Bl4_8", "Occluders": [], "AbnormWalls": [], "ClosedEnds": [1, 3, 2, 4], "Goals": [[[289, 8], [538, 265], 201, [255, 0, 0]], [[365, 287], [569, 439], 202, [0, 255, 0]]], "Paddle": null, "BKColor": [255, 255, 255]}