{"Dims": [1000, 620], "Walls": [[[397, 19], [490, 76], [0, 0, 0, 255], 1.0], [[515, 407], [678, 591], [0, 0, 0, 255], 1.0]], "Ball": [[938, 265], [243.39048958308751, 175.38833935157996], 20, [0, 0, 255, 255], 1.0], "Name": "RTr_Bl2_15", "Occluders": [], "AbnormWalls": [], "ClosedEnds": [1, 3, 2, 4], "Goals": [[[409, 146], [673, 361], 201, [255, 0, 0, 255]], [[95, 2], [384, 289], 202, [0, 255, 0, 255]]], "Paddle": null, "BKColor": [255, 255, 255, 255]}