{"Dims": [1000, 620], "Walls": [[[173, 525], [326, 581], [0, 0, 0], 1.0], [[783, 248], [888, 525], [0, 0, 0], 1.0], [[376, 59], [627, 290], [0, 0, 0], 1.0], [[895, 374], [980, 571], [0, 0, 0], 1.0]], "Ball": [[478, 594], [66.56692231211942, 292.5215288724784], 20, [0, 0, 255], 1.0], "Name": "RTr_Bl4_12", "Occluders": [], "AbnormWalls": [], "ClosedEnds": [1, 3, 2, 4], "Goals": [[[790, 15], [990, 143], 201, [255, 0, 0]], [[55, 183], [151, 416], 202, [0, 255, 0]]], "Paddle": null, "BKColor": [255, 255, 255]}