{"Dims": [1000, 620], "Walls": [[[117, 286], [293, 352], [0, 0, 0], 1.0], [[513, 235], [578, 504], [0, 0, 0], 1.0]], "Ball": [[314, 311], [297.4805445431782, 38.79852598094646], 20, [0, 0, 255], 1.0], "Name": "RTr_Bl2_2", "Occluders": [], "AbnormWalls": [], "ClosedEnds": [1, 3, 2, 4], "Goals": [[[57, 35], [275, 234], 201, [255, 0, 0]], [[710, 122], [855, 364], 202, [0, 255, 0]]], "Paddle": null, "BKColor": [255, 255, 255]}