{"Dims": [1000, 620], "Walls": [[[697, 163], [856, 285], [0, 0, 0], 1.0], [[253, 238], [353, 328], [0, 0, 0], 1.0], [[512, 231], [635, 429], [0, 0, 0], 1.0], [[175, 511], [475, 592], [0, 0, 0], 1.0]], "Ball": [[654, 35], [224.3922085466501, 199.11839880723406], 20, [0, 0, 255], 1.0], "Name": "RTr_Bl4_7", "Occluders": [], "AbnormWalls": [], "ClosedEnds": [1, 3, 2, 4], "Goals": [[[518, 563], [756, 616], 201, [255, 0, 0]], [[268, 66], [389, 223], 202, [0, 255, 0]]], "Paddle": null, "BKColor": [255, 255, 255]}