{"Dims": [1000, 620], "Walls": [[[175, 31], [377, 312], [0, 0, 0], 1.0], [[927, 376], [989, 611], [0, 0, 0], 1.0], [[689, 317], [891, 529], [0, 0, 0], 1.0], [[35, 124], [115, 291], [0, 0, 0], 1.0], [[47, 356], [329, 433], [0, 0, 0], 1.0]], "Ball": [[631, 471], [234.46146471190204, 187.15721082862268], 20, [0, 0, 255], 1.0], "Name": "RTr_Bl5_6", "Occluders": [], "AbnormWalls": [], "ClosedEnds": [1, 3, 2, 4], "Goals": [[[689, 108], [890, 249], 201, [255, 0, 0]], [[489, 73], [666, 367], 202, [0, 255, 0]]], "Paddle": null, "BKColor": [255, 255, 255]}