{"Dims": [1000, 620], "Walls": [[[508, 87], [576, 349], [0, 0, 0, 255], 1.0], [[88, 79], [236, 157], [0, 0, 0, 255], 1.0], [[396, 370], [606, 583], [0, 0, 0, 255], 1.0], [[865, 179], [988, 429], [0, 0, 0, 255], 1.0]], "Ball": [[103, 516], [280.91497265943445, 105.29377064076114], 20, [0, 0, 255, 255], 1.0], "Name": "RTr_Bl4_17", "Occluders": [], "AbnormWalls": [], "ClosedEnds": [1, 3, 2, 4], "Goals": [[[271, 78], [457, 297], 201, [255, 0, 0, 255]], [[656, 124], [860, 417], 202, [0, 255, 0, 255]]], "Paddle": null, "BKColor": [255, 255, 255, 255]}