{"Dims": [1000, 620], "Walls": [[[531, 513], [767, 567], [0, 0, 0], 1.0], [[202, 67], [337, 310], [0, 0, 0], 1.0], [[471, 7], [608, 163], [0, 0, 0], 1.0]], "Ball": [[459, 426], [58.890739224786046, 294.16301744705817], 20, [0, 0, 255], 1.0], "Name": "RTr_Bl3_4", "Occluders": [], "AbnormWalls": [], "ClosedEnds": [1, 3, 2, 4], "Goals": [[[151, 522], [360, 577], 201, [255, 0, 0]], [[653, 340], [866, 478], 202, [0, 255, 0]]], "Paddle": null, "BKColor": [255, 255, 255]}