{"Dims": [1000, 620], "Walls": [[[401, 59], [631, 155], [0, 0, 0], 1.0]], "Ball": [[387, 257], [112.63943380698564, 278.0509988323036], 20, [0, 0, 255], 1.0], "Name": "RTr_Bl1_7", "Occluders": [], "AbnormWalls": [], "ClosedEnds": [1, 3, 2, 4], "Goals": [[[709, 216], [946, 465], 201, [255, 0, 0]], [[81, 55], [364, 287], 202, [0, 255, 0]]], "Paddle": null, "BKColor": [255, 255, 255]}