{"Dims": [1000, 620], "Walls": [[[389, 254], [659, 305], [0, 0, 0], 1.0], [[684, 293], [794, 476], [0, 0, 0], 1.0], [[214, 11], [467, 75], [0, 0, 0], 1.0], [[378, 472], [441, 531], [0, 0, 0], 1.0]], "Ball": [[735, 269], [159.81205698164968, 253.8899494727862], 20, [0, 0, 255], 1.0], "Name": "RTr_Bl4_6", "Occluders": [], "AbnormWalls": [], "ClosedEnds": [1, 3, 2, 4], "Goals": [[[448, 92], [747, 144], 201, [255, 0, 0]], [[119, 222], [206, 465], 202, [0, 255, 0]]], "Paddle": null, "BKColor": [255, 255, 255]}