{"Dims": [1000, 620], "Walls": [[[169, 215], [421, 384], [0, 0, 0], 1.0], [[600, 59], [660, 279], [0, 0, 0], 1.0]], "Ball": [[461, 466], [41.338789605453904, 297.1381908707732], 20, [0, 0, 255], 1.0], "Name": "RTr_Bl2_3", "Occluders": [], "AbnormWalls": [], "ClosedEnds": [1, 3, 2, 4], "Goals": [[[544, 383], [828, 591], 201, [255, 0, 0]], [[35, 14], [323, 161], 202, [0, 255, 0]]], "Paddle": null, "BKColor": [255, 255, 255]}