{"Dims": [1000, 620], "Walls": [[[435, 136], [664, 413], [0, 0, 0], 1.0], [[19, 317], [294, 471], [0, 0, 0], 1.0], [[18, 75], [294, 230], [0, 0, 0], 1.0], [[378, 447], [540, 553], [0, 0, 0], 1.0]], "Ball": [[99, 547], [149.67772407211172, 259.9934209102084], 20, [0, 0, 255], 1.0], "Name": "RTr_Bl4_3", "Occluders": [], "AbnormWalls": [], "ClosedEnds": [1, 3, 2, 4], "Goals": [[[896, 58], [987, 200], 201, [255, 0, 0]], [[682, 278], [846, 487], 202, [0, 255, 0]]], "Paddle": null, "BKColor": [255, 255, 255]}