{"Dims": [1000, 620], "Walls": [[[700, 371], [882, 476], [0, 0, 0], 1.0], [[244, 147], [544, 217], [0, 0, 0], 1.0], [[592, 172], [789, 261], [0, 0, 0], 1.0], [[74, 480], [326, 604], [0, 0, 0], 1.0]], "Ball": [[467, 117], [215.8944618879582, 208.30165944156323], 20, [0, 0, 255], 1.0], "Name": "RTr_Bl4_5", "Occluders": [], "AbnormWalls": [], "ClosedEnds": [1, 3, 2, 4], "Goals": [[[76, 262], [350, 456], 201, [255, 0, 0]], [[523, 277], [668, 469], 202, [0, 255, 0]]], "Paddle": null, "BKColor": [255, 255, 255]}