{"Dims": [1000, 620], "Walls": [[[630, 296], [896, 508], [0, 0, 0], 1.0]], "Ball": [[764, 584], [261.6818763592597, 146.7058130583008], 20, [0, 0, 255], 1.0], "Name": "RTr_Bl1_11", "Occluders": [], "AbnormWalls": [], "ClosedEnds": [1, 3, 2, 4], "Goals": [[[86, 53], [376, 265], 201, [255, 0, 0]], [[586, 46], [748, 286], 202, [0, 255, 0]]], "Paddle": null, "BKColor": [255, 255, 255]}