{"Dims": [1000, 620], "Walls": [[[607, 153], [887, 399], [0, 0, 0], 1.0], [[272, 417], [375, 580], [0, 0, 0], 1.0], [[43, 97], [231, 195], [0, 0, 0], 1.0]], "Ball": [[863, 109], [143.62546587436327, 263.38512781167447], 20, [0, 0, 255], 1.0], "Name": "RTr_Bl3_6", "Occluders": [], "AbnormWalls": [], "ClosedEnds": [1, 3, 2, 4], "Goals": [[[452, 57], [515, 325], 201, [255, 0, 0]], [[142, 274], [427, 381], 202, [0, 255, 0]]], "Paddle": null, "BKColor": [255, 255, 255]}