{"Dims": [1000, 620], "Walls": [[[37, 153], [237, 421], [0, 0, 0, 255], 1.0], [[781, 320], [913, 431], [0, 0, 0, 255], 1.0], [[310, 163], [386, 386], [0, 0, 0, 255], 1.0], [[835, 25], [986, 159], [0, 0, 0, 255], 1.0], [[47, 86], [292, 145], [0, 0, 0, 255], 1.0]], "Ball": [[577, 524], [297.2537669877558, 40.49935816267966], 20, [0, 0, 255, 255], 1.0], "Name": "RTr_Bl5_14", "Occluders": [], "AbnormWalls": [], "ClosedEnds": [1, 3, 2, 4], "Goals": [[[482, 261], [750, 417], 201, [255, 0, 0, 255]], [[583, 175], [718, 255], 202, [0, 255, 0, 255]]], "Paddle": null, "BKColor": [255, 255, 255, 255]}