{"Dims": [1000, 620], "Walls": [[[124, 467], [360, 602], [0, 0, 0], 1.0], [[708, 97], [759, 345], [0, 0, 0], 1.0], [[13, 249], [216, 356], [0, 0, 0], 1.0], [[477, 155], [637, 221], [0, 0, 0], 1.0], [[513, 239], [686, 313], [0, 0, 0], 1.0]], "Ball": [[183, 208], [142.9085623622311, 263.77479561845996], 20, [0, 0, 255], 1.0], "Name": "RTr_Bl5_16", "Occluders": [], "AbnormWalls": [], "ClosedEnds": [1, 3, 2, 4], "Goals": [[[672, 431], [953, 482], 201, [255, 0, 0]], [[283, 268], [390, 452], 202, [0, 255, 0]]], "Paddle": null, "BKColor": [255, 255, 255]}