{"Dims": [1000, 620], "Walls": [[[129, 168], [345, 341], [0, 0, 0], 1.0], [[483, 339], [750, 441], [0, 0, 0], 1.0], [[323, 434], [418, 563], [0, 0, 0], 1.0], [[791, 258], [989, 467], [0, 0, 0], 1.0], [[182, 429], [321, 588], [0, 0, 0], 1.0]], "Ball": [[372, 33], [262.1190158204428, 145.9233413314074], 20, [0, 0, 255], 1.0], "Name": "RTr_Bl5_19", "Occluders": [], "AbnormWalls": [], "ClosedEnds": [1, 3, 2, 4], "Goals": [[[819, 506], [916, 619], 201, [255, 0, 0]], [[707, 25], [979, 130], 202, [0, 255, 0]]], "Paddle": null, "BKColor": [255, 255, 255]}