{"Dims": [1000, 620], "Walls": [[[105, 186], [164, 242], [0, 0, 0], 1.0], [[406, 418], [570, 554], [0, 0, 0], 1.0]], "Ball": [[796, 379], [63.91401742288644, 293.1126035790119], 20, [0, 0, 255], 1.0], "Name": "RTr_Bl2_19", "Occluders": [], "AbnormWalls": [], "ClosedEnds": [1, 3, 2, 4], "Goals": [[[345, 165], [635, 398], 201, [255, 0, 0]], [[222, 225], [304, 516], 202, [0, 255, 0]]], "Paddle": null, "BKColor": [255, 255, 255]}