{"Dims": [1000, 620], "Walls": [[[651, 364], [745, 431], [0, 0, 0], 1.0], [[332, 160], [476, 281], [0, 0, 0], 1.0], [[765, 189], [828, 436], [0, 0, 0], 1.0], [[626, 0], [701, 112], [0, 0, 0], 1.0], [[543, 273], [643, 514], [0, 0, 0], 1.0]], "Ball": [[892, 276], [262.4122416294137, 145.39537627801712], 20, [0, 0, 255], 1.0], "Name": "RTr_Bl5_15", "Occluders": [], "AbnormWalls": [], "ClosedEnds": [1, 3, 2, 4], "Goals": [[[108, 510], [362, 620], 201, [255, 0, 0]], [[72, 275], [258, 417], 202, [0, 255, 0]]], "Paddle": null, "BKColor": [255, 255, 255]}