{"Dims": [1000, 620], "Walls": [[[446, 378], [525, 546], [0, 0, 0], 1.0], [[515, 103], [691, 317], [0, 0, 0], 1.0], [[728, 208], [969, 504], [0, 0, 0], 1.0]], "Ball": [[956, 39], [241.86162222807434, 177.4907200199612], 20, [0, 0, 255], 1.0], "Name": "RTr_Bl3_5", "Occluders": [], "AbnormWalls": [], "ClosedEnds": [1, 3, 2, 4], "Goals": [[[102, 296], [377, 346], 201, [255, 0, 0]], [[576, 376], [685, 456], 202, [0, 255, 0]]], "Paddle": null, "BKColor": [255, 255, 255]}