{"Dims": [1000, 620], "Walls": [[[236, 327], [523, 470], [0, 0, 0], 1.0], [[529, 86], [591, 169], [0, 0, 0], 1.0]], "Ball": [[172, 441], [291.9082223608237, 69.20686178511434], 20, [0, 0, 255], 1.0], "Name": "RTr_Bl2_13", "Occluders": [], "AbnormWalls": [], "ClosedEnds": [1, 3, 2, 4], "Goals": [[[38, 118], [236, 301], 201, [255, 0, 0]], [[590, 183], [784, 303], 202, [0, 255, 0]]], "Paddle": null, "BKColor": [255, 255, 255]}