{"Dims": [1000, 620], "Walls": [[[199, 76], [279, 173], [0, 0, 0], 1.0], [[640, 424], [726, 516], [0, 0, 0], 1.0], [[386, 33], [544, 106], [0, 0, 0], 1.0]], "Ball": [[622, 91], [114.3010575162536, 277.3720754702356], 20, [0, 0, 255], 1.0], "Name": "RTr_Bl3_16", "Occluders": [], "AbnormWalls": [], "ClosedEnds": [1, 3, 2, 4], "Goals": [[[217, 291], [501, 456], 201, [255, 0, 0]], [[752, 93], [805, 306], 202, [0, 255, 0]]], "Paddle": null, "BKColor": [255, 255, 255]}