{"Dims": [1000, 620], "Walls": [[[880, 189], [986, 285], [0, 0, 0], 1.0], [[788, 338], [850, 444], [0, 0, 0], 1.0], [[462, 29], [724, 135], [0, 0, 0], 1.0]], "Ball": [[899, 567], [199.67765579847776, 223.89469349411706], 20, [0, 0, 255], 1.0], "Name": "RTr_Bl3_8", "Occluders": [], "AbnormWalls": [], "ClosedEnds": [1, 3, 2, 4], "Goals": [[[246, 159], [322, 215], 201, [255, 0, 0]], [[248, 217], [383, 441], 202, [0, 255, 0]]], "Paddle": null, "BKColor": [255, 255, 255]}