{"Dims": [1000, 620], "Walls": [[[183, 258], [319, 420], [0, 0, 0], 1.0], [[190, 165], [483, 257], [0, 0, 0], 1.0]], "Ball": [[168, 30], [62.97458122852518, 293.31587430463406], 20, [0, 0, 255], 1.0], "Name": "RTr_Bl2_0", "Occluders": [], "AbnormWalls": [], "ClosedEnds": [1, 3, 2, 4], "Goals": [[[527, 242], [825, 493], 201, [255, 0, 0]], [[688, 3], [767, 121], 202, [0, 255, 0]]], "Paddle": null, "BKColor": [255, 255, 255]}