{"Dims": [1000, 620], "Walls": [[[517, 276], [666, 359], [0, 0, 0], 1.0], [[310, 92], [405, 235], [0, 0, 0], 1.0], [[131, 282], [415, 370], [0, 0, 0], 1.0]], "Ball": [[454, 141], [136.08453761045473, 267.35930622169997], 20, [0, 0, 255], 1.0], "Name": "RTr_Bl3_7", "Occluders": [], "AbnormWalls": [], "ClosedEnds": [1, 3, 2, 4], "Goals": [[[434, 460], [593, 510], 201, [255, 0, 0]], [[644, 2], [862, 137], 202, [0, 255, 0]]], "Paddle": null, "BKColor": [255, 255, 255]}