{"Dims": [1000, 620], "Walls": [[[37, 321], [180, 565], [0, 0, 0], 1.0], [[718, 247], [857, 507], [0, 0, 0], 1.0]], "Ball": [[93, 73], [294.8264192595647, 55.47416071094136], 20, [0, 0, 255], 1.0], "Name": "RTr_Bl2_17", "Occluders": [], "AbnormWalls": [], "ClosedEnds": [1, 3, 2, 4], "Goals": [[[49, 121], [167, 215], 201, [255, 0, 0]], [[735, 520], [938, 591], 202, [0, 255, 0]]], "Paddle": null, "BKColor": [255, 255, 255]}