{"Dims": [1000, 620], "Walls": [[[920, 261], [981, 467], [0, 0, 0, 255], 1.0], [[688, 44], [950, 150], [0, 0, 0, 255], 1.0], [[383, 28], [503, 101], [0, 0, 0, 255], 1.0]], "Ball": [[701, 333], [82.94498161794814, 288.305619134276], 20, [0, 0, 255, 255], 1.0], "Name": "RTr_Bl3_9", "Occluders": [], "AbnormWalls": [], "ClosedEnds": [1, 3, 2, 4], "Goals": [[[182, 296], [449, 502], 201, [255, 0, 0, 255]], [[465, 139], [560, 195], 202, [0, 255, 0, 255]]], "Paddle": null, "BKColor": [255, 255, 255, 255]}