{"Dims": [1000, 620], "Walls": [[[127, 481], [344, 556], [0, 0, 0, 255], 1.0], [[887, 126], [985, 331], [0, 0, 0, 255], 1.0]], "Ball": [[621, 455], [214.31320202169815, 209.92820543987608], 20, [0, 0, 255, 255], 1.0], "Name": "RTr_Bl2_17", "Occluders": [], "AbnormWalls": [], "ClosedEnds": [1, 3, 2, 4], "Goals": [[[545, 86], [670, 243], 201, [255, 0, 0, 255]], [[66, 100], [299, 306], 202, [0, 255, 0, 255]]], "Paddle": null, "BKColor": [255, 255, 255, 255]}