{"Dims": [1000, 620], "Walls": [[[421, 166], [502, 413], [0, 0, 0, 255], 1.0], [[503, 251], [588, 494], [0, 0, 0, 255], 1.0], [[81, 344], [234, 482], [0, 0, 0, 255], 1.0], [[291, 343], [417, 596], [0, 0, 0, 255], 1.0]], "Ball": [[844, 524], [295.6929703074849, 50.65241663274186], 20, [0, 0, 255, 255], 1.0], "Name": "RTr_Bl4_14", "Occluders": [], "AbnormWalls": [], "ClosedEnds": [1, 3, 2, 4], "Goals": [[[78, 205], [262, 335], 201, [255, 0, 0, 255]], [[856, 414], [958, 479], 202, [0, 255, 0, 255]]], "Paddle": null, "BKColor": [255, 255, 255, 255]}