{"Dims": [1000, 620], "Walls": [[[11, 67], [273, 236], [0, 0, 0], 1.0], [[613, 383], [720, 476], [0, 0, 0], 1.0], [[200, 373], [338, 461], [0, 0, 0], 1.0], [[651, 492], [835, 552], [0, 0, 0], 1.0], [[653, 24], [883, 177], [0, 0, 0], 1.0]], "Ball": [[642, 261], [263.6363550024648, 143.16379542682688], 20, [0, 0, 255], 1.0], "Name": "RTr_Bl5_8", "Occluders": [], "AbnormWalls": [], "ClosedEnds": [1, 3, 2, 4], "Goals": [[[347, 369], [578, 556], 201, [255, 0, 0]], [[442, 130], [587, 276], 202, [0, 255, 0]]], "Paddle": null, "BKColor": [255, 255, 255]}