{"Dims": [1000, 620], "Walls": [[[226, 427], [500, 527], [0, 0, 0], 1.0], [[875, 59], [961, 115], [0, 0, 0], 1.0], [[119, 470], [180, 563], [0, 0, 0], 1.0], [[649, 126], [907, 284], [0, 0, 0], 1.0]], "Ball": [[671, 356], [257.31473594709234, 154.23724149659228], 20, [0, 0, 255], 1.0], "Name": "RTr_Bl4_2", "Occluders": [], "AbnormWalls": [], "ClosedEnds": [1, 3, 2, 4], "Goals": [[[476, 123], [638, 251], 201, [255, 0, 0]], [[201, 207], [296, 380], 202, [0, 255, 0]]], "Paddle": null, "BKColor": [255, 255, 255]}