{"Dims": [1000, 620], "Walls": [[[562, 94], [828, 239], [0, 0, 0], 1.0], [[532, 372], [607, 536], [0, 0, 0], 1.0], [[849, 313], [964, 459], [0, 0, 0], 1.0], [[68, 57], [278, 218], [0, 0, 0], 1.0], [[80, 475], [364, 598], [0, 0, 0], 1.0]], "Ball": [[821, 365], [242.05631374482996, 177.2251138418719], 20, [0, 0, 255], 1.0], "Name": "RTr_Bl5_10", "Occluders": [], "AbnormWalls": [], "ClosedEnds": [1, 3, 2, 4], "Goals": [[[563, 250], [832, 335], 201, [255, 0, 0]], [[174, 283], [272, 432], 202, [0, 255, 0]]], "Paddle": null, "BKColor": [255, 255, 255]}