{"Dims": [1000, 620], "Walls": [[[530, 346], [760, 515], [0, 0, 0, 255], 1.0], [[22, 211], [147, 430], [0, 0, 0, 255], 1.0], [[249, 319], [525, 461], [0, 0, 0, 255], 1.0], [[752, 79], [997, 301], [0, 0, 0, 255], 1.0]], "Ball": [[194, 430], [282.04568270064357, 102.22638049900758], 20, [0, 0, 255, 255], 1.0], "Name": "RTr_Bl4_12", "Occluders": [], "AbnormWalls": [], "ClosedEnds": [1, 3, 2, 4], "Goals": [[[816, 374], [941, 572], 201, [255, 0, 0, 255]], [[456, 27], [560, 308], 202, [0, 255, 0, 255]]], "Paddle": null, "BKColor": [255, 255, 255, 255]}