{"Dims": [1000, 620], "Walls": [[[368, 33], [435, 218], [0, 0, 0], 1.0], [[752, 267], [877, 390], [0, 0, 0], 1.0], [[163, 520], [333, 613], [0, 0, 0], 1.0]], "Ball": [[376, 464], [188.78555613031878, 233.15234031972795], 20, [0, 0, 255], 1.0], "Name": "RTr_Bl3_18", "Occluders": [], "AbnormWalls": [], "ClosedEnds": [1, 3, 2, 4], "Goals": [[[362, 226], [595, 291], 201, [255, 0, 0]], [[13, 340], [246, 464], 202, [0, 255, 0]]], "Paddle": null, "BKColor": [255, 255, 255]}