{"Dims": [1000, 620], "Walls": [[[756, 67], [814, 336], [0, 0, 0], 1.0], [[58, 112], [220, 211], [0, 0, 0], 1.0]], "Ball": [[954, 484], [298.0883632809742, 33.81312875895933], 20, [0, 0, 255], 1.0], "Name": "RTr_Bl2_4", "Occluders": [], "AbnormWalls": [], "ClosedEnds": [1, 3, 2, 4], "Goals": [[[586, 208], [756, 346], 201, [255, 0, 0]], [[301, 242], [538, 483], 202, [0, 255, 0]]], "Paddle": null, "BKColor": [255, 255, 255]}