{"Dims": [1000, 620], "Walls": [[[79, 432], [163, 486], [0, 0, 0], 1.0], [[465, 213], [611, 321], [0, 0, 0], 1.0]], "Ball": [[944, 295], [132.4803818973137, 269.1634232438388], 20, [0, 0, 255], 1.0], "Name": "RTr_Bl2_1", "Occluders": [], "AbnormWalls": [], "ClosedEnds": [1, 3, 2, 4], "Goals": [[[166, 188], [451, 257], 201, [255, 0, 0]], [[427, 331], [608, 596], 202, [0, 255, 0]]], "Paddle": null, "BKColor": [255, 255, 255]}