{"Dims": [1000, 620], "Walls": [[[77, 373], [308, 514], [0, 0, 0], 1.0]], "Ball": [[53, 490], [225.7101277024254, 197.62322295862603], 20, [0, 0, 255], 1.0], "Name": "RTr_Bl1_1", "Occluders": [], "AbnormWalls": [], "ClosedEnds": [1, 3, 2, 4], "Goals": [[[596, 24], [824, 118], 201, [255, 0, 0]], [[74, 78], [302, 256], 202, [0, 255, 0]]], "Paddle": null, "BKColor": [255, 255, 255]}