{"Dims": [1000, 620], "Walls": [[[509, 279], [743, 445], [0, 0, 0], 1.0]], "Ball": [[641, 467], [120.22258156171272, 274.8572918491291], 20, [0, 0, 255], 1.0], "Name": "RTr_Bl1_2", "Occluders": [], "AbnormWalls": [], "ClosedEnds": [1, 3, 2, 4], "Goals": [[[82, 365], [312, 474], 201, [255, 0, 0]], [[402, 288], [496, 452], 202, [0, 255, 0]]], "Paddle": null, "BKColor": [255, 255, 255]}