{"Dims": [1000, 620], "Walls": [[[339, 11], [413, 105], [0, 0, 0, 255], 1.0]], "Ball": [[921, 378], [279.006913081053, 110.25036259796038], 20, [0, 0, 255, 255], 1.0], "Name": "RTr_Bl1_5", "Occluders": [], "AbnormWalls": [], "ClosedEnds": [1, 3, 2, 4], "Goals": [[[105, 259], [254, 339], 201, [255, 0, 0, 255]], [[624, 170], [680, 350], 202, [0, 255, 0, 255]]], "Paddle": null, "BKColor": [255, 255, 255, 255]}