{"Dims": [1000, 620], "Walls": [[[487, 457], [590, 603], [0, 0, 0], 1.0], [[725, 366], [827, 456], [0, 0, 0], 1.0], [[207, 25], [340, 290], [0, 0, 0], 1.0], [[597, 17], [787, 278], [0, 0, 0], 1.0]], "Ball": [[62, 566], [172.5571681914953, 245.4058347018913], 20, [0, 0, 255], 1.0], "Name": "RTr_Bl4_15", "Occluders": [], "AbnormWalls": [], "ClosedEnds": [1, 3, 2, 4], "Goals": [[[9, 271], [156, 370], 201, [255, 0, 0]], [[348, 52], [495, 283], 202, [0, 255, 0]]], "Paddle": null, "BKColor": [255, 255, 255]}