{"Dims": [1000, 620], "Walls": [[[235, 270], [327, 323], [0, 0, 0, 255], 1.0], [[454, 116], [508, 413], [0, 0, 0, 255], 1.0], [[103, 438], [283, 520], [0, 0, 0, 255], 1.0], [[803, 162], [906, 454], [0, 0, 0, 255], 1.0], [[289, 368], [430, 423], [0, 0, 0, 255], 1.0]], "Ball": [[47, 450], [203.12783408215583, 220.76929818498803], 20, [0, 0, 255, 255], 1.0], "Name": "RTr_Bl5_18", "Occluders": [], "AbnormWalls": [], "ClosedEnds": [1, 3, 2, 4], "Goals": [[[676, 173], [755, 451], 201, [255, 0, 0, 255]], [[133, 12], [187, 242], 202, [0, 255, 0, 255]]], "Paddle": null, "BKColor": [255, 255, 255, 255]}