{"Dims": [1000, 620], "Walls": [[[39, 368], [297, 568], [0, 0, 0, 255], 1.0], [[293, 93], [578, 338], [0, 0, 0, 255], 1.0], [[498, 439], [556, 537], [0, 0, 0, 255], 1.0]], "Ball": [[327, 562], [110.85242969055014, 278.7682529121664], 20, [0, 0, 255, 255], 1.0], "Name": "RTr_Bl3_18", "Occluders": [], "AbnormWalls": [], "ClosedEnds": [1, 3, 2, 4], "Goals": [[[159, 125], [259, 261], 201, [255, 0, 0, 255]], [[581, 321], [811, 371], 202, [0, 255, 0, 255]]], "Paddle": null, "BKColor": [255, 255, 255, 255]}