{"Dims": [1000, 620], "Walls": [[[892, 188], [956, 246], [0, 0, 0, 255], 1.0], [[309, 171], [600, 405], [0, 0, 0, 255], 1.0], [[767, 269], [839, 484], [0, 0, 0, 255], 1.0], [[640, 460], [691, 583], [0, 0, 0, 255], 1.0]], "Ball": [[749, 529], [262.56414639090934, 145.1208773058279], 20, [0, 0, 255, 255], 1.0], "Name": "RTr_Bl4_13", "Occluders": [], "AbnormWalls": [], "ClosedEnds": [1, 3, 2, 4], "Goals": [[[675, 226], [745, 384], 201, [255, 0, 0, 255]], [[45, 113], [191, 181], 202, [0, 255, 0, 255]]], "Paddle": null, "BKColor": [255, 255, 255, 255]}