{"Dims": [1000, 620], "Walls": [[[798, 274], [887, 436], [0, 0, 0], 1.0], [[293, 326], [537, 419], [0, 0, 0], 1.0], [[731, 33], [869, 92], [0, 0, 0], 1.0]], "Ball": [[549, 478], [155.1743351010385, 256.75070735238614], 20, [0, 0, 255], 1.0], "Name": "RTr_Bl3_3", "Occluders": [], "AbnormWalls": [], "ClosedEnds": [1, 3, 2, 4], "Goals": [[[65, 484], [265, 544], 201, [255, 0, 0]], [[11, 332], [83, 455], 202, [0, 255, 0]]], "Paddle": null, "BKColor": [255, 255, 255]}