{"Dims": [1000, 620], "Walls": [[[10, 370], [209, 617], [0, 0, 0], 1.0], [[160, 124], [436, 365], [0, 0, 0], 1.0], [[824, 366], [963, 573], [0, 0, 0], 1.0]], "Ball": [[247, 550], [90.15227867230575, 286.1338264696974], 20, [0, 0, 255], 1.0], "Name": "RTr_Bl3_14", "Occluders": [], "AbnormWalls": [], "ClosedEnds": [1, 3, 2, 4], "Goals": [[[587, 61], [735, 159], 201, [255, 0, 0]], [[46, 3], [147, 121], 202, [0, 255, 0]]], "Paddle": null, "BKColor": [255, 255, 255]}