{"Dims": [1000, 620], "Walls": [[[629, 25], [886, 305], [0, 0, 0], 1.0], [[555, 375], [676, 567], [0, 0, 0], 1.0]], "Ball": [[949, 195], [253.5519707835846, 160.34774121190569], 20, [0, 0, 255], 1.0], "Name": "RTr_Bl2_12", "Occluders": [], "AbnormWalls": [], "ClosedEnds": [1, 3, 2, 4], "Goals": [[[187, 91], [417, 316], 201, [255, 0, 0]], [[2, 360], [242, 539], 202, [0, 255, 0]]], "Paddle": null, "BKColor": [255, 255, 255]}