{"Dims": [1000, 620], "Walls": [[[267, 284], [382, 477], [0, 0, 0], 1.0], [[493, 414], [709, 474], [0, 0, 0], 1.0], [[404, 9], [506, 266], [0, 0, 0], 1.0], [[25, 23], [261, 255], [0, 0, 0], 1.0]], "Ball": [[534, 332], [159.559362661591, 254.0488334691322], 20, [0, 0, 255], 1.0], "Name": "RTr_Bl4_1", "Occluders": [], "AbnormWalls": [], "ClosedEnds": [1, 3, 2, 4], "Goals": [[[735, 296], [851, 524], 201, [255, 0, 0]], [[36, 329], [223, 494], 202, [0, 255, 0]]], "Paddle": null, "BKColor": [255, 255, 255]}