{"Dims": [1000, 620], "Walls": [[[658, 417], [948, 517], [0, 0, 0], 1.0], [[12, 380], [152, 569], [0, 0, 0], 1.0], [[652, 60], [737, 261], [0, 0, 0], 1.0], [[375, 383], [585, 438], [0, 0, 0], 1.0], [[231, 141], [294, 333], [0, 0, 0], 1.0]], "Ball": [[601, 331], [172.345998931156, 245.5541827223107], 20, [0, 0, 255], 1.0], "Name": "RTr_Bl5_14", "Occluders": [], "AbnormWalls": [], "ClosedEnds": [1, 3, 2, 4], "Goals": [[[261, 512], [507, 563], 201, [255, 0, 0]], [[921, 90], [975, 201], 202, [0, 255, 0]]], "Paddle": null, "BKColor": [255, 255, 255]}