{"Dims": [1000, 620], "Walls": [[[851, 20], [910, 80], [0, 0, 0], 1.0], [[311, 405], [576, 613], [0, 0, 0], 1.0], [[820, 177], [942, 310], [0, 0, 0], 1.0], [[169, 23], [348, 100], [0, 0, 0], 1.0], [[124, 260], [414, 388], [0, 0, 0], 1.0]], "Ball": [[82, 422], [247.40563961384441, 169.67748668360375], 20, [0, 0, 255], 1.0], "Name": "RTr_Bl5_12", "Occluders": [], "AbnormWalls": [], "ClosedEnds": [1, 3, 2, 4], "Goals": [[[436, 18], [667, 97], 201, [255, 0, 0]], [[645, 212], [813, 443], 202, [0, 255, 0]]], "Paddle": null, "BKColor": [255, 255, 255]}