{"Dims": [1000, 620], "Walls": [[[435, 383], [703, 532], [0, 0, 0, 255], 1.0], [[105, 6], [298, 62], [0, 0, 0, 255], 1.0]], "Ball": [[759, 441], [79.44738511277868, 289.28897835683586], 20, [0, 0, 255, 255], 1.0], "Name": "RTr_Bl2_5", "Occluders": [], "AbnormWalls": [], "ClosedEnds": [1, 3, 2, 4], "Goals": [[[120, 165], [211, 379], 201, [255, 0, 0, 255]], [[482, 173], [679, 277], 202, [0, 255, 0, 255]]], "Paddle": null, "BKColor": [255, 255, 255, 255]}