{"Dims": [1000, 620], "Walls": [[[902, 435], [981, 615], [0, 0, 0], 1.0], [[181, 411], [331, 561], [0, 0, 0], 1.0], [[513, 504], [749, 554], [0, 0, 0], 1.0], [[559, 43], [777, 133], [0, 0, 0], 1.0]], "Ball": [[26, 412], [223.2686739666085, 200.37739200117437], 20, [0, 0, 255], 1.0], "Name": "RTr_Bl4_10", "Occluders": [], "AbnormWalls": [], "ClosedEnds": [1, 3, 2, 4], "Goals": [[[507, 433], [758, 485], 201, [255, 0, 0]], [[282, 34], [454, 227], 202, [0, 255, 0]]], "Paddle": null, "BKColor": [255, 255, 255]}