{"Dims": [1000, 620], "Walls": [[[440, 547], [593, 615], [0, 0, 0], 1.0], [[816, 361], [920, 606], [0, 0, 0], 1.0]], "Ball": [[151, 471], [243.25506949131943, 175.57611217581206], 20, [0, 0, 255], 1.0], "Name": "RTr_Bl2_11", "Occluders": [], "AbnormWalls": [], "ClosedEnds": [1, 3, 2, 4], "Goals": [[[84, 144], [381, 393], 201, [255, 0, 0]], [[639, 25], [697, 97], 202, [0, 255, 0]]], "Paddle": null, "BKColor": [255, 255, 255]}