{"Dims": [1000, 620], "Walls": [[[626, 329], [819, 494], [0, 0, 0], 1.0]], "Ball": [[929, 194], [137.36934237459013, 266.7014506439225], 20, [0, 0, 255], 1.0], "Name": "RTr_Bl1_12", "Occluders": [], "AbnormWalls": [], "ClosedEnds": [1, 3, 2, 4], "Goals": [[[408, 251], [461, 471], 201, [255, 0, 0]], [[698, 199], [908, 257], 202, [0, 255, 0]]], "Paddle": null, "BKColor": [255, 255, 255]}