{"Dims": [1000, 620], "Walls": [[[165, 314], [215, 549], [0, 0, 0, 255], 1.0], [[516, 235], [593, 528], [0, 0, 0, 255], 1.0], [[806, 70], [970, 275], [0, 0, 0, 255], 1.0]], "Ball": [[80, 567], [272.16355731618194, 126.20221103055744], 20, [0, 0, 255, 255], 1.0], "Name": "RTr_Bl3_11", "Occluders": [], "AbnormWalls": [], "ClosedEnds": [1, 3, 2, 4], "Goals": [[[670, 184], [765, 463], 201, [255, 0, 0, 255]], [[297, 279], [397, 400], 202, [0, 255, 0, 255]]], "Paddle": null, "BKColor": [255, 255, 255, 255]}