{"Dims": [1000, 620], "Walls": [[[146, 551], [369, 602], [0, 0, 0, 255], 1.0]], "Ball": [[722, 259], [117.16394743311562, 276.17496161290603], 20, [0, 0, 255, 255], 1.0], "Name": "RTr_Bl1_17", "Occluders": [], "AbnormWalls": [], "ClosedEnds": [1, 3, 2, 4], "Goals": [[[193, 89], [425, 316], 201, [255, 0, 0, 255]], [[5, 182], [123, 313], 202, [0, 255, 0, 255]]], "Paddle": null, "BKColor": [255, 255, 255, 255]}