{"Dims": [1000, 620], "Walls": [[[505, 186], [783, 293], [0, 0, 0], 1.0], [[808, 177], [884, 280], [0, 0, 0], 1.0], [[891, 218], [994, 380], [0, 0, 0], 1.0], [[578, 294], [764, 576], [0, 0, 0], 1.0], [[230, 344], [307, 504], [0, 0, 0], 1.0]], "Ball": [[330, 370], [143.0593417484889, 263.69305022789104], 20, [0, 0, 255], 1.0], "Name": "RTr_Bl5_11", "Occluders": [], "AbnormWalls": [], "ClosedEnds": [1, 3, 2, 4], "Goals": [[[217, 278], [359, 331], 201, [255, 0, 0]], [[66, 174], [213, 232], 202, [0, 255, 0]]], "Paddle": null, "BKColor": [255, 255, 255]}