{"Dims": [1000, 620], "Walls": [[[138, 372], [197, 534], [0, 0, 0], 1.0]], "Ball": [[377, 74], [287.7540001282811, 84.83887911902885], 20, [0, 0, 255], 1.0], "Name": "RTr_Bl1_9", "Occluders": [], "AbnormWalls": [], "ClosedEnds": [1, 3, 2, 4], "Goals": [[[34, 208], [98, 407], 201, [255, 0, 0]], [[118, 138], [357, 270], 202, [0, 255, 0]]], "Paddle": null, "BKColor": [255, 255, 255]}