{"Dims": [1000, 620], "Walls": [[[331, 29], [610, 101], [0, 0, 0, 255], 1.0], [[136, 348], [324, 527], [0, 0, 0, 255], 1.0]], "Ball": [[256, 290], [174.36156013665087, 244.12711104404832], 20, [0, 0, 255, 255], 1.0], "Name": "RTr_Bl2_11", "Occluders": [], "AbnormWalls": [], "ClosedEnds": [1, 3, 2, 4], "Goals": [[[689, 6], [742, 75], 201, [255, 0, 0, 255]], [[747, 274], [942, 506], 202, [0, 255, 0, 255]]], "Paddle": null, "BKColor": [255, 255, 255, 255]}