{"Dims": [1000, 620], "Walls": [[[811, 170], [919, 415], [0, 0, 0], 1.0]], "Ball": [[979, 437], [86.56288603767753, 287.2400855744686], 20, [0, 0, 255], 1.0], "Name": "RTr_Bl1_17", "Occluders": [], "AbnormWalls": [], "ClosedEnds": [1, 3, 2, 4], "Goals": [[[242, 83], [444, 176], 201, [255, 0, 0]], [[98, 243], [180, 458], 202, [0, 255, 0]]], "Paddle": null, "BKColor": [255, 255, 255]}