{"Dims": [1000, 620], "Walls": [[[149, 222], [262, 510], [0, 0, 0], 1.0]], "Ball": [[669, 550], [180.05513656903491, 239.95863767555068], 20, [0, 0, 255], 1.0], "Name": "RTr_Bl1_10", "Occluders": [], "AbnormWalls": [], "ClosedEnds": [1, 3, 2, 4], "Goals": [[[455, 135], [595, 287], 201, [255, 0, 0]], [[318, 469], [601, 525], 202, [0, 255, 0]]], "Paddle": null, "BKColor": [255, 255, 255]}