{"Dims": [1000, 620], "Walls": [[[412, 467], [577, 577], [0, 0, 0, 255], 1.0], [[424, 239], [610, 418], [0, 0, 0, 255], 1.0], [[53, 346], [148, 602], [0, 0, 0, 255], 1.0], [[708, 478], [893, 609], [0, 0, 0, 255], 1.0], [[613, 290], [835, 406], [0, 0, 0, 255], 1.0]], "Ball": [[198, 457], [287.4591124291042, 85.83273665374797], 20, [0, 0, 255, 255], 1.0], "Name": "RTr_Bl5_1", "Occluders": [], "AbnormWalls": [], "ClosedEnds": [1, 3, 2, 4], "Goals": [[[129, 148], [386, 269], 201, [255, 0, 0, 255]], [[566, 3], [776, 191], 202, [0, 255, 0, 255]]], "Paddle": null, "BKColor": [255, 255, 255, 255]}