{"Dims": [1000, 620], "Walls": [[[237, 212], [499, 266], [0, 0, 0], 1.0], [[534, 190], [636, 432], [0, 0, 0], 1.0], [[293, 459], [500, 597], [0, 0, 0], 1.0]], "Ball": [[213, 339], [252.94502033407952, 161.30349248603423], 20, [0, 0, 255], 1.0], "Name": "RTr_Bl3_15", "Occluders": [], "AbnormWalls": [], "ClosedEnds": [1, 3, 2, 4], "Goals": [[[236, 64], [370, 156], 201, [255, 0, 0]], [[684, 16], [976, 176], 202, [0, 255, 0]]], "Paddle": null, "BKColor": [255, 255, 255]}