{"Dims": [1000, 620], "Walls": [[[532, 248], [674, 516], [0, 0, 0], 1.0]], "Ball": [[60, 319], [261.08607907731096, 147.7635249716117], 20, [0, 0, 255], 1.0], "Name": "RTr_Bl1_15", "Occluders": [], "AbnormWalls": [], "ClosedEnds": [1, 3, 2, 4], "Goals": [[[625, 25], [757, 203], 201, [255, 0, 0]], [[7, 451], [226, 593], 202, [0, 255, 0]]], "Paddle": null, "BKColor": [255, 255, 255]}