{"Dims": [1000, 620], "Walls": [[[461, 99], [740, 202], [0, 0, 0, 255], 1.0], [[356, 205], [455, 441], [0, 0, 0, 255], 1.0]], "Ball": [[48, 486], [33.75172292815555, 298.09532233730374], 20, [0, 0, 255, 255], 1.0], "Name": "RTr_Bl2_7", "Occluders": [], "AbnormWalls": [], "ClosedEnds": [1, 3, 2, 4], "Goals": [[[195, 81], [273, 366], 201, [255, 0, 0, 255]], [[438, 490], [707, 607], 202, [0, 255, 0, 255]]], "Paddle": null, "BKColor": [255, 255, 255, 255]}