{"Dims": [1000, 620], "Walls": [[[78, 49], [233, 256], [0, 0, 0], 1.0], [[459, 117], [528, 362], [0, 0, 0], 1.0], [[197, 360], [299, 583], [0, 0, 0], 1.0], [[796, 238], [908, 364], [0, 0, 0], 1.0], [[565, 510], [843, 610], [0, 0, 0], 1.0]], "Ball": [[608, 196], [292.59147642323825, 66.25879507257598], 20, [0, 0, 255], 1.0], "Name": "RTr_Bl5_1", "Occluders": [], "AbnormWalls": [], "ClosedEnds": [1, 3, 2, 4], "Goals": [[[705, 17], [956, 88], 201, [255, 0, 0]], [[713, 291], [790, 422], 202, [0, 255, 0]]], "Paddle": null, "BKColor": [255, 255, 255]}