{"Dims": [1000, 620], "Walls": [[[439, 331], [525, 589], [0, 0, 0], 1.0], [[180, 194], [233, 434], [0, 0, 0], 1.0], [[643, 475], [938, 532], [0, 0, 0], 1.0], [[748, 2], [957, 163], [0, 0, 0], 1.0]], "Ball": [[119, 509], [175.7297775707844, 243.1440833640059], 20, [0, 0, 255], 1.0], "Name": "RTr_Bl4_11", "Occluders": [], "AbnormWalls": [], "ClosedEnds": [1, 3, 2, 4], "Goals": [[[503, 266], [767, 320], 201, [255, 0, 0]], [[276, 159], [358, 214], 202, [0, 255, 0]]], "Paddle": null, "BKColor": [255, 255, 255]}