{"Dims": [1000, 620], "Walls": [[[542, 276], [756, 511], [0, 0, 0, 255], 1.0], [[263, 96], [378, 216], [0, 0, 0, 255], 1.0], [[267, 365], [372, 466], [0, 0, 0, 255], 1.0], [[86, 360], [216, 524], [0, 0, 0, 255], 1.0]], "Ball": [[798, 171], [166.60447647881531, 249.48536714047953], 20, [0, 0, 255, 255], 1.0], "Name": "RTr_Bl4_7", "Occluders": [], "AbnormWalls": [], "ClosedEnds": [1, 3, 2, 4], "Goals": [[[45, 25], [231, 210], 201, [255, 0, 0, 255]], [[652, 68], [727, 274], 202, [0, 255, 0, 255]]], "Paddle": null, "BKColor": [255, 255, 255, 255]}