{"Dims": [1000, 620], "Walls": [[[149, 394], [250, 577], [0, 0, 0, 255], 1.0], [[186, 86], [263, 151], [0, 0, 0, 255], 1.0], [[517, 532], [765, 620], [0, 0, 0, 255], 1.0], [[766, 289], [845, 450], [0, 0, 0, 255], 1.0], [[841, 490], [956, 573], [0, 0, 0, 255], 1.0]], "Ball": [[114, 360], [82.63316133482569, 288.39514671334655], 20, [0, 0, 255, 255], 1.0], "Name": "RTr_Bl5_6", "Occluders": [], "AbnormWalls": [], "ClosedEnds": [1, 3, 2, 4], "Goals": [[[296, 25], [523, 319], 201, [255, 0, 0, 255]], [[628, 63], [866, 250], 202, [0, 255, 0, 255]]], "Paddle": null, "BKColor": [255, 255, 255, 255]}