{"Dims": [1000, 620], "Walls": [[[789, 101], [962, 363], [0, 0, 0], 1.0], [[120, 244], [355, 541], [0, 0, 0], 1.0], [[570, 142], [765, 304], [0, 0, 0], 1.0], [[294, 7], [348, 232], [0, 0, 0], 1.0], [[803, 477], [925, 613], [0, 0, 0], 1.0]], "Ball": [[444, 417], [259.7832216629908, 150.04225319021776], 20, [0, 0, 255], 1.0], "Name": "RTr_Bl5_0", "Occluders": [], "AbnormWalls": [], "ClosedEnds": [1, 3, 2, 4], "Goals": [[[714, 35], [764, 109], 201, [255, 0, 0]], [[123, 152], [222, 239], 202, [0, 255, 0]]], "Paddle": null, "BKColor": [255, 255, 255]}