{"Dims": [1000, 620], "Walls": [[[87, 56], [202, 232], [0, 0, 0, 255], 1.0], [[270, 172], [391, 288], [0, 0, 0, 255], 1.0], [[200, 482], [465, 552], [0, 0, 0, 255], 1.0], [[213, 384], [305, 452], [0, 0, 0, 255], 1.0]], "Ball": [[803, 524], [297.323483567068, 39.98432342235445], 20, [0, 0, 255, 255], 1.0], "Name": "RTr_Bl4_11", "Occluders": [], "AbnormWalls": [], "ClosedEnds": [1, 3, 2, 4], "Goals": [[[602, 43], [661, 298], 201, [255, 0, 0, 255]], [[637, 316], [789, 459], 202, [0, 255, 0, 255]]], "Paddle": null, "BKColor": [255, 255, 255, 255]}