{"Dims": [1000, 620], "Walls": [[[248, 231], [453, 467], [0, 0, 0, 255], 1.0]], "Ball": [[300, 509], [79.68665973719868, 289.22315996463334], 20, [0, 0, 255, 255], 1.0], "Name": "RTr_Bl1_7", "Occluders": [], "AbnormWalls": [], "ClosedEnds": [1, 3, 2, 4], "Goals": [[[755, 180], [973, 270], 201, [255, 0, 0, 255]], [[633, 239], [687, 537], 202, [0, 255, 0, 255]]], "Paddle": null, "BKColor": [255, 255, 255, 255]}