{"Dims": [1000, 620], "Walls": [[[389, 309], [633, 431], [0, 0, 0, 255], 1.0], [[375, 86], [599, 214], [0, 0, 0, 255], 1.0]], "Ball": [[251, 239], [193.88571494143292, 228.9286560080442], 20, [0, 0, 255, 255], 1.0], "Name": "RTr_Bl2_13", "Occluders": [], "AbnormWalls": [], "ClosedEnds": [1, 3, 2, 4], "Goals": [[[444, 232], [591, 306], 201, [255, 0, 0, 255]], [[792, 286], [895, 395], 202, [0, 255, 0, 255]]], "Paddle": null, "BKColor": [255, 255, 255, 255]}