{"Dims": [1000, 620], "Walls": [[[666, 419], [944, 576], [0, 0, 0], 1.0], [[625, 52], [886, 212], [0, 0, 0], 1.0], [[279, 55], [433, 171], [0, 0, 0], 1.0]], "Ball": [[186, 468], [66.64301134148891, 292.5042034558447], 20, [0, 0, 255], 1.0], "Name": "RTr_Bl3_11", "Occluders": [], "AbnormWalls": [], "ClosedEnds": [1, 3, 2, 4], "Goals": [[[526, 272], [638, 553], 201, [255, 0, 0]], [[767, 272], [901, 405], 202, [0, 255, 0]]], "Paddle": null, "BKColor": [255, 255, 255]}