{"Dims": [1000, 620], "Walls": [[[118, 163], [341, 414], [0, 0, 0], 1.0], [[914, 62], [979, 291], [0, 0, 0], 1.0], [[351, 161], [453, 440], [0, 0, 0], 1.0], [[518, 3], [594, 85], [0, 0, 0], 1.0]], "Ball": [[379, 111], [201.54582799554225, 222.21448921614294], 20, [0, 0, 255], 1.0], "Name": "RTr_Bl4_14", "Occluders": [], "AbnormWalls": [], "ClosedEnds": [1, 3, 2, 4], "Goals": [[[599, 248], [773, 437], 201, [255, 0, 0]], [[304, 494], [573, 551], 202, [0, 255, 0]]], "Paddle": null, "BKColor": [255, 255, 255]}