{"Dims": [1000, 620], "Walls": [[[621, 310], [894, 566], [0, 0, 0], 1.0], [[462, 390], [524, 600], [0, 0, 0], 1.0], [[21, 352], [110, 489], [0, 0, 0], 1.0], [[126, 463], [401, 581], [0, 0, 0], 1.0], [[311, 30], [530, 228], [0, 0, 0], 1.0]], "Ball": [[286, 347], [64.4382110375724, 292.99781050082487], 20, [0, 0, 255], 1.0], "Name": "RTr_Bl5_13", "Occluders": [], "AbnormWalls": [], "ClosedEnds": [1, 3, 2, 4], "Goals": [[[90, 109], [274, 315], 201, [255, 0, 0]], [[593, 55], [768, 197], 202, [0, 255, 0]]], "Paddle": null, "BKColor": [255, 255, 255]}