{"Dims": [1000, 620], "Walls": [[[613, 217], [742, 457], [0, 0, 0, 255], 1.0]], "Ball": [[473, 362], [83.03457863480536, 288.27982716614133], 20, [0, 0, 255, 255], 1.0], "Name": "RTr_Bl1_6", "Occluders": [], "AbnormWalls": [], "ClosedEnds": [1, 3, 2, 4], "Goals": [[[351, 19], [433, 184], 201, [255, 0, 0, 255]], [[838, 346], [975, 580], 202, [0, 255, 0, 255]]], "Paddle": null, "BKColor": [255, 255, 255, 255]}