{"Dims": [1000, 620], "Walls": [[[834, 128], [928, 426], [0, 0, 0], 1.0], [[56, 172], [221, 448], [0, 0, 0], 1.0]], "Ball": [[635, 65], [143.81121576048312, 263.28375229301895], 20, [0, 0, 255], 1.0], "Name": "RTr_Bl2_5", "Occluders": [], "AbnormWalls": [], "ClosedEnds": [1, 3, 2, 4], "Goals": [[[315, 166], [573, 298], 201, [255, 0, 0]], [[478, 43], [578, 108], 202, [0, 255, 0]]], "Paddle": null, "BKColor": [255, 255, 255]}