{"Dims": [1000, 620], "Walls": [[[711, 383], [769, 573], [0, 0, 0], 1.0], [[217, 11], [457, 63], [0, 0, 0], 1.0], [[809, 286], [926, 534], [0, 0, 0], 1.0]], "Ball": [[909, 143], [176.38482261213966, 242.66931069272857], 20, [0, 0, 255], 1.0], "Name": "RTr_Bl3_10", "Occluders": [], "AbnormWalls": [], "ClosedEnds": [1, 3, 2, 4], "Goals": [[[533, 167], [668, 368], 201, [255, 0, 0]], [[291, 103], [496, 345], 202, [0, 255, 0]]], "Paddle": null, "BKColor": [255, 255, 255]}