{"Dims": [1000, 620], "Walls": [[[308, 119], [477, 336], [0, 0, 0, 255], 1.0], [[26, 49], [279, 182], [0, 0, 0, 255], 1.0], [[672, 114], [924, 212], [0, 0, 0, 255], 1.0], [[36, 195], [307, 284], [0, 0, 0, 255], 1.0]], "Ball": [[404, 81], [247.52433309331985, 169.5042905849502], 20, [0, 0, 255, 255], 1.0], "Name": "RTr_Bl4_18", "Occluders": [], "AbnormWalls": [], "ClosedEnds": [1, 3, 2, 4], "Goals": [[[719, 245], [848, 367], 201, [255, 0, 0, 255]], [[102, 337], [372, 613], 202, [0, 255, 0, 255]]], "Paddle": null, "BKColor": [255, 255, 255, 255]}