{"Dims": [1000, 620], "Walls": [[[825, 229], [958, 524], [0, 0, 0], 1.0], [[219, 27], [475, 130], [0, 0, 0], 1.0], [[14, 353], [165, 406], [0, 0, 0], 1.0]], "Ball": [[675, 318], [172.3420642949997, 245.55694426046716], 20, [0, 0, 255], 1.0], "Name": "RTr_Bl3_1", "Occluders": [], "AbnormWalls": [], "ClosedEnds": [1, 3, 2, 4], "Goals": [[[298, 392], [421, 545], 201, [255, 0, 0]], [[501, 112], [726, 189], 202, [0, 255, 0]]], "Paddle": null, "BKColor": [255, 255, 255]}