{"Dims": [1000, 620], "Walls": [[[305, 519], [527, 597], [0, 0, 0], 1.0], [[726, 232], [822, 285], [0, 0, 0], 1.0], [[762, 5], [955, 86], [0, 0, 0], 1.0], [[468, 8], [526, 65], [0, 0, 0], 1.0]], "Ball": [[410, 192], [275.21685320884205, 119.3971679304945], 20, [0, 0, 255], 1.0], "Name": "RTr_Bl4_18", "Occluders": [], "AbnormWalls": [], "ClosedEnds": [1, 3, 2, 4], "Goals": [[[543, 481], [626, 553], 201, [255, 0, 0]], [[133, 185], [193, 474], 202, [0, 255, 0]]], "Paddle": null, "BKColor": [255, 255, 255]}