{"Dims": [1000, 620], "Walls": [[[435, 442], [542, 555], [0, 0, 0], 1.0]], "Ball": [[830, 384], [294.4201835191447, 57.591280039196526], 20, [0, 0, 255], 1.0], "Name": "RTr_Bl1_4", "Occluders": [], "AbnormWalls": [], "ClosedEnds": [1, 3, 2, 4], "Goals": [[[595, 134], [769, 423], 201, [255, 0, 0]], [[10, 82], [200, 317], 202, [0, 255, 0]]], "Paddle": null, "BKColor": [255, 255, 255]}