{"Dims": [1000, 620], "Walls": [[[1, 525], [287, 596], [0, 0, 0], 1.0], [[772, 350], [837, 604], [0, 0, 0], 1.0], [[112, 15], [299, 77], [0, 0, 0], 1.0]], "Ball": [[456, 577], [289.27664563709686, 79.49227817184193], 20, [0, 0, 255], 1.0], "Name": "RTr_Bl3_17", "Occluders": [], "AbnormWalls": [], "ClosedEnds": [1, 3, 2, 4], "Goals": [[[268, 78], [507, 378], 201, [255, 0, 0]], [[599, 17], [783, 239], 202, [0, 255, 0]]], "Paddle": null, "BKColor": [255, 255, 255]}