{"Dims": [1000, 620], "Walls": [[[708, 281], [975, 362], [0, 0, 0], 1.0], [[233, 342], [333, 423], [0, 0, 0], 1.0], [[850, 443], [906, 545], [0, 0, 0], 1.0], [[379, 389], [534, 444], [0, 0, 0], 1.0]], "Ball": [[477, 35], [284.542442718394, 95.05576411690912], 20, [0, 0, 255], 1.0], "Name": "RTr_Bl4_9", "Occluders": [], "AbnormWalls": [], "ClosedEnds": [1, 3, 2, 4], "Goals": [[[289, 92], [555, 330], 201, [255, 0, 0]], [[3, 457], [201, 545], 202, [0, 255, 0]]], "Paddle": null, "BKColor": [255, 255, 255]}