{"Dims": [1000, 620], "Walls": [[[904, 230], [972, 506], [0, 0, 0], 1.0], [[363, 426], [607, 617], [0, 0, 0], 1.0]], "Ball": [[449, 77], [295.5817236292714, 51.297608680610665], 20, [0, 0, 255], 1.0], "Name": "RTr_Bl2_18", "Occluders": [], "AbnormWalls": [], "ClosedEnds": [1, 3, 2, 4], "Goals": [[[180, 6], [251, 158], 201, [255, 0, 0]], [[41, 230], [134, 430], 202, [0, 255, 0]]], "Paddle": null, "BKColor": [255, 255, 255]}