{"Dims": [1000, 620], "Walls": [[[829, 183], [993, 325], [0, 0, 0], 1.0], [[591, 1], [829, 91], [0, 0, 0], 1.0], [[81, 195], [343, 307], [0, 0, 0], 1.0]], "Ball": [[604, 490], [224.0000013234614, 199.55951344671416], 20, [0, 0, 255], 1.0], "Name": "RTr_Bl3_13", "Occluders": [], "AbnormWalls": [], "ClosedEnds": [1, 3, 2, 4], "Goals": [[[345, 189], [624, 405], 201, [255, 0, 0]], [[198, 337], [292, 395], 202, [0, 255, 0]]], "Paddle": null, "BKColor": [255, 255, 255]}