{"Dims": [1000, 620], "Walls": [[[98, 265], [336, 368], [0, 0, 0], 1.0], [[883, 441], [959, 537], [0, 0, 0], 1.0], [[658, 355], [712, 425], [0, 0, 0], 1.0]], "Ball": [[827, 157], [128.4196486202381, 271.1243143804232], 20, [0, 0, 255], 1.0], "Name": "RTr_Bl3_12", "Occluders": [], "AbnormWalls": [], "ClosedEnds": [1, 3, 2, 4], "Goals": [[[303, 370], [541, 494], 201, [255, 0, 0]], [[512, 33], [638, 131], 202, [0, 255, 0]]], "Paddle": null, "BKColor": [255, 255, 255]}