{"Dims": [1000, 620], "Walls": [[[620, 172], [767, 472], [0, 0, 0], 1.0], [[110, 209], [220, 360], [0, 0, 0], 1.0]], "Ball": [[924, 262], [259.7328424995624, 150.12944590285247], 20, [0, 0, 255], 1.0], "Name": "RTr_Bl2_7", "Occluders": [], "AbnormWalls": [], "ClosedEnds": [1, 3, 2, 4], "Goals": [[[259, 122], [528, 384], 201, [255, 0, 0]], [[774, 0], [870, 255], 202, [0, 255, 0]]], "Paddle": null, "BKColor": [255, 255, 255]}