{"Dims": [1000, 620], "Walls": [[[858, 226], [999, 383], [0, 0, 0], 1.0]], "Ball": [[599, 463], [250.1551303379934, 165.59713392924868], 20, [0, 0, 255], 1.0], "Name": "RTr_Bl1_18", "Occluders": [], "AbnormWalls": [], "ClosedEnds": [1, 3, 2, 4], "Goals": [[[241, 103], [359, 165], 201, [255, 0, 0]], [[464, 196], [715, 346], 202, [0, 255, 0]]], "Paddle": null, "BKColor": [255, 255, 255]}