{"Dims": [1000, 620], "Walls": [[[758, 235], [825, 426], [0, 0, 0], 1.0], [[502, 375], [710, 512], [0, 0, 0], 1.0], [[180, 149], [381, 204], [0, 0, 0], 1.0], [[1, 124], [86, 266], [0, 0, 0], 1.0]], "Ball": [[279, 349], [273.5822950975724, 123.0964167193539], 20, [0, 0, 255], 1.0], "Name": "RTr_Bl4_13", "Occluders": [], "AbnormWalls": [], "ClosedEnds": [1, 3, 2, 4], "Goals": [[[412, 117], [696, 197], 201, [255, 0, 0]], [[20, 295], [259, 362], 202, [0, 255, 0]]], "Paddle": null, "BKColor": [255, 255, 255]}