{"Dims": [1000, 620], "Walls": [[[120, 23], [374, 101], [0, 0, 0], 1.0], [[596, 375], [850, 535], [0, 0, 0], 1.0]], "Ball": [[847, 45], [172.78121070476203, 245.24814622621847], 20, [0, 0, 255], 1.0], "Name": "RTr_Bl2_9", "Occluders": [], "AbnormWalls": [], "ClosedEnds": [1, 3, 2, 4], "Goals": [[[427, 1], [718, 112], 201, [255, 0, 0]], [[7, 209], [130, 262], 202, [0, 255, 0]]], "Paddle": null, "BKColor": [255, 255, 255]}