{"Dims": [1000, 620], "Walls": [[[52, 62], [258, 193], [0, 0, 0, 255], 1.0], [[371, 325], [502, 380], [0, 0, 0, 255], 1.0], [[205, 423], [344, 595], [0, 0, 0, 255], 1.0], [[790, 366], [856, 513], [0, 0, 0, 255], 1.0], [[378, 120], [560, 224], [0, 0, 0, 255], 1.0]], "Ball": [[319, 152], [169.38063752566757, 247.6089651676579], 20, [0, 0, 255, 255], 1.0], "Name": "RTr_Bl5_5", "Occluders": [], "AbnormWalls": [], "ClosedEnds": [1, 3, 2, 4], "Goals": [[[644, 53], [811, 231], 201, [255, 0, 0, 255]], [[439, 417], [669, 488], 202, [0, 255, 0, 255]]], "Paddle": null, "BKColor": [255, 255, 255, 255]}