{"Dims": [1000, 620], "Walls": [[[555, 225], [762, 338], [0, 0, 0], 1.0], [[65, 166], [115, 407], [0, 0, 0], 1.0], [[532, 520], [709, 600], [0, 0, 0], 1.0], [[799, 413], [889, 539], [0, 0, 0], 1.0], [[552, 364], [605, 468], [0, 0, 0], 1.0]], "Ball": [[491, 423], [163.53583446994446, 251.50751647658348], 20, [0, 0, 255], 1.0], "Name": "RTr_Bl5_5", "Occluders": [], "AbnormWalls": [], "ClosedEnds": [1, 3, 2, 4], "Goals": [[[899, 146], [983, 442], 201, [255, 0, 0]], [[134, 191], [259, 442], 202, [0, 255, 0]]], "Paddle": null, "BKColor": [255, 255, 255]}