{"Dims": [1000, 620], "Walls": [[[206, 518], [298, 611], [0, 0, 0], 1.0], [[670, 317], [970, 529], [0, 0, 0], 1.0], [[469, 82], [566, 184], [0, 0, 0], 1.0], [[14, 49], [136, 293], [0, 0, 0], 1.0]], "Ball": [[175, 417], [125.16599210768646, 272.64165936206183], 20, [0, 0, 255], 1.0], "Name": "RTr_Bl4_17", "Occluders": [], "AbnormWalls": [], "ClosedEnds": [1, 3, 2, 4], "Goals": [[[366, 366], [417, 600], 201, [255, 0, 0]], [[486, 191], [757, 257], 202, [0, 255, 0]]], "Paddle": null, "BKColor": [255, 255, 255]}