{"Dims": [1000, 620], "Walls": [[[18, 1], [157, 161], [0, 0, 0, 255], 1.0], [[896, 362], [999, 525], [0, 0, 0, 255], 1.0], [[493, 424], [579, 476], [0, 0, 0, 255], 1.0], [[650, 215], [910, 324], [0, 0, 0, 255], 1.0]], "Ball": [[816, 193], [297.04148910654493, 42.02801148479843], 20, [0, 0, 255, 255], 1.0], "Name": "RTr_Bl4_5", "Occluders": [], "AbnormWalls": [], "ClosedEnds": [1, 3, 2, 4], "Goals": [[[650, 341], [880, 576], 201, [255, 0, 0, 255]], [[114, 228], [414, 364], 202, [0, 255, 0, 255]]], "Paddle": null, "BKColor": [255, 255, 255, 255]}