{"Dims": [1000, 620], "Walls": [[[752, 227], [816, 423], [0, 0, 0, 255], 1.0], [[834, 214], [977, 422], [0, 0, 0, 255], 1.0], [[117, 352], [188, 446], [0, 0, 0, 255], 1.0]], "Ball": [[554, 558], [276.78250195918986, 115.72141810922926], 20, [0, 0, 255, 255], 1.0], "Name": "RTr_Bl3_15", "Occluders": [], "AbnormWalls": [], "ClosedEnds": [1, 3, 2, 4], "Goals": [[[476, 297], [641, 519], 201, [255, 0, 0, 255]], [[396, 136], [624, 238], 202, [0, 255, 0, 255]]], "Paddle": null, "BKColor": [255, 255, 255, 255]}