{"Dims": [1000, 620], "Walls": [[[703, 128], [835, 181], [0, 0, 0], 1.0], [[27, 252], [301, 507], [0, 0, 0], 1.0], [[716, 385], [803, 587], [0, 0, 0], 1.0]], "Ball": [[47, 133], [88.64385655981579, 286.6047220375177], 20, [0, 0, 255], 1.0], "Name": "RTr_Bl3_19", "Occluders": [], "AbnormWalls": [], "ClosedEnds": [1, 3, 2, 4], "Goals": [[[370, 214], [551, 409], 201, [255, 0, 0]], [[752, 214], [876, 293], 202, [0, 255, 0]]], "Paddle": null, "BKColor": [255, 255, 255]}