{"Dims": [1000, 620], "Walls": [[[87, 413], [356, 487], [0, 0, 0], 1.0], [[183, 494], [276, 600], [0, 0, 0], 1.0], [[642, 53], [835, 339], [0, 0, 0], 1.0], [[429, 46], [500, 239], [0, 0, 0], 1.0], [[93, 40], [261, 191], [0, 0, 0], 1.0]], "Ball": [[960, 405], [251.06843924234485, 164.2091313429707], 20, [0, 0, 255], 1.0], "Name": "RTr_Bl5_7", "Occluders": [], "AbnormWalls": [], "ClosedEnds": [1, 3, 2, 4], "Goals": [[[264, 10], [401, 273], 201, [255, 0, 0]], [[529, 113], [589, 321], 202, [0, 255, 0]]], "Paddle": null, "BKColor": [255, 255, 255]}