{"Dims": [1000, 620], "Walls": [[[555, 177], [701, 428], [0, 0, 0], 1.0], [[53, 67], [319, 249], [0, 0, 0], 1.0], [[723, 74], [932, 207], [0, 0, 0], 1.0], [[395, 99], [516, 189], [0, 0, 0], 1.0]], "Ball": [[457, 457], [288.99334972575525, 80.5161090359397], 20, [0, 0, 255], 1.0], "Name": "RTr_Bl4_19", "Occluders": [], "AbnormWalls": [], "ClosedEnds": [1, 3, 2, 4], "Goals": [[[256, 336], [458, 435], 201, [255, 0, 0]], [[189, 450], [377, 531], 202, [0, 255, 0]]], "Paddle": null, "BKColor": [255, 255, 255]}