{"Dims": [1000, 620], "Walls": [[[4, 348], [298, 601], [0, 0, 0], 1.0], [[713, 335], [878, 418], [0, 0, 0], 1.0]], "Ball": [[615, 369], [172.577142011147, 245.39178889128382], 20, [0, 0, 255], 1.0], "Name": "RTr_Bl2_15", "Occluders": [], "AbnormWalls": [], "ClosedEnds": [1, 3, 2, 4], "Goals": [[[302, 398], [373, 579], 201, [255, 0, 0]], [[530, 47], [659, 337], 202, [0, 255, 0]]], "Paddle": null, "BKColor": [255, 255, 255]}