{"Dims": [1000, 620], "Walls": [[[203, 398], [477, 608], [0, 0, 0], 1.0], [[355, 194], [623, 257], [0, 0, 0], 1.0]], "Ball": [[555, 155], [226.5662929104359, 196.64108145762054], 20, [0, 0, 255], 1.0], "Name": "RTr_Bl2_14", "Occluders": [], "AbnormWalls": [], "ClosedEnds": [1, 3, 2, 4], "Goals": [[[486, 474], [732, 614], 201, [255, 0, 0]], [[141, 33], [312, 223], 202, [0, 255, 0]]], "Paddle": null, "BKColor": [255, 255, 255]}