{"Dims": [1000, 620], "Walls": [[[5, 296], [63, 466], [0, 0, 0], 1.0], [[557, 442], [692, 532], [0, 0, 0], 1.0]], "Ball": [[954, 363], [205.55831228711813, 218.50807822520343], 20, [0, 0, 255], 1.0], "Name": "RTr_Bl2_8", "Occluders": [], "AbnormWalls": [], "ClosedEnds": [1, 3, 2, 4], "Goals": [[[594, 74], [808, 158], 201, [255, 0, 0]], [[233, 255], [379, 445], 202, [0, 255, 0]]], "Paddle": null, "BKColor": [255, 255, 255]}