{"Dims": [1000, 620], "Walls": [[[769, 204], [919, 402], [0, 0, 0], 1.0], [[539, 271], [709, 497], [0, 0, 0], 1.0], [[229, 517], [509, 571], [0, 0, 0], 1.0]], "Ball": [[76, 538], [82.9452245301112, 288.30554924879516], 20, [0, 0, 255], 1.0], "Name": "RTr_Bl3_2", "Occluders": [], "AbnormWalls": [], "ClosedEnds": [1, 3, 2, 4], "Goals": [[[731, 56], [986, 128], 201, [255, 0, 0]], [[518, 556], [808, 608], 202, [0, 255, 0]]], "Paddle": null, "BKColor": [255, 255, 255]}