{"Dims": [1000, 620], "Walls": [[[484, 495], [534, 601], [0, 0, 0, 255], 1.0], [[635, 498], [787, 613], [0, 0, 0, 255], 1.0], [[286, 54], [442, 341], [0, 0, 0, 255], 1.0], [[50, 314], [203, 613], [0, 0, 0, 255], 1.0], [[476, 400], [710, 485], [0, 0, 0, 255], 1.0]], "Ball": [[931, 513], [113.21510239679131, 277.8170991664913], 20, [0, 0, 255, 255], 1.0], "Name": "RTr_Bl5_4", "Occluders": [], "AbnormWalls": [], "ClosedEnds": [1, 3, 2, 4], "Goals": [[[462, 267], [654, 364], 201, [255, 0, 0, 255]], [[23, 46], [242, 278], 202, [0, 255, 0, 255]]], "Paddle": null, "BKColor": [255, 255, 255, 255]}