{"Dims": [1000, 620], "Walls": [[[779, 293], [840, 477], [0, 0, 0], 1.0], [[851, 149], [948, 286], [0, 0, 0], 1.0]], "Ball": [[871, 316], [156.64834422537683, 255.85405263831146], 20, [0, 0, 255], 1.0], "Name": "RTr_Bl2_16", "Occluders": [], "AbnormWalls": [], "ClosedEnds": [1, 3, 2, 4], "Goals": [[[261, 172], [535, 424], 201, [255, 0, 0]], [[141, 216], [205, 369], 202, [0, 255, 0]]], "Paddle": null, "BKColor": [255, 255, 255]}