{"Dims": [1000, 620], "Walls": [[[373, 9], [488, 246], [0, 0, 0], 1.0]], "Ball": [[779, 248], [76.71216969512342, 290.02627987936984], 20, [0, 0, 255], 1.0], "Name": "RTr_Bl1_16", "Occluders": [], "AbnormWalls": [], "ClosedEnds": [1, 3, 2, 4], "Goals": [[[7, 140], [146, 334], 201, [255, 0, 0]], [[132, 404], [417, 526], 202, [0, 255, 0]]], "Paddle": null, "BKColor": [255, 255, 255]}