{"Dims": [1000, 600], "Walls": [[[441, 301], [622, 311], [0, 0, 0], 1.0], [[617, 150], [622, 311], [0, 0, 0], 1.0], [[441, 301], [448, 450], [0, 0, 0], 1.0], [[250, 442], [446, 450], [0, 0, 0], 1.0], [[250, 150], [255, 450], [0, 0, 0], 1.0], [[253, 150], [622, 154], [0, 0, 0], 1.0]], "Ball": [[394, 201], [-235.21374733852844, 186.21088330966836], 20, [0, 0, 255], 1.0], "Name": "size_6_a", "Occluders": [], "AbnormWalls": [], "ClosedEnds": [1, 3, 2, 4], "Goals": [[[459, 314], [556, 394], 201, [255, 0, 0]], [[265, 404], [438, 429], 202, [0, 255, 0]]], "Paddle": null, "BKColor": [255, 255, 255]}