{"Dims": [1000, 620], "Walls": [[[87, 6], [838, 20], [0, 0, 0], 1.0], [[249, 222], [562, 236], [0, 0, 0], 1.0], [[813, 13], [839, 577], [0, 0, 0], 1.0], [[546, 558], [827, 578], [0, 0, 0], 1.0], [[87, 562], [268, 577], [0, 0, 0], 1.0], [[87, 6], [111, 568], [0, 0, 0], 1.0], [[542, 231], [562, 578], [0, 0, 0], 1.0], [[249, 231], [268, 575], [0, 0, 0], 1.0]], "Ball": [[437, 154], [236.116774545392, -185.06449896800993], 20, [0, 0, 255], 1.0], "Name": "size_5_c", "Occluders": [], "AbnormWalls": [], "ClosedEnds": [1, 3, 2, 4], "Goals": [[[318, 250], [511, 306], 201, [255, 0, 0]], [[621, 501], [759, 545], 202, [0, 255, 0]]], "Paddle": null, "BKColor": [255, 255, 255]}