{"Dims": [1000, 620], "Walls": [[[156, 14], [882, 57], [0, 0, 0], 1.0], [[836, 52], [882, 568], [0, 0, 0], 1.0], [[154, 553], [882, 586], [0, 0, 0], 1.0], [[154, 14], [199, 573], [0, 0, 0], 1.0], [[367, 132], [701, 334], [0, 0, 0], 1.0], [[367, 55], [404, 151], [0, 0, 0], 1.0]], "Ball": [[748, 394], [-262.02812938742596, 146.08647921599854], 20, [0, 0, 255], 1.0], "Name": "size_3_c", "Occluders": [], "AbnormWalls": [], "ClosedEnds": [1, 3, 2, 4], "Goals": [[[53, 31], [148, 123], 201, [255, 0, 0]], [[215, 68], [354, 132], 202, [0, 255, 0]]], "Paddle": null, "BKColor": [255, 255, 255]}