{"Dims": [1000, 620], "Walls": [[[411, 302], [683, 316], [0, 0, 0], 1.0], [[676, 75], [683, 316], [0, 0, 0], 1.0], [[411, 302], [422, 525], [0, 0, 0], 1.0], [[125, 513], [419, 525], [0, 0, 0], 1.0], [[125, 75], [133, 525], [0, 0, 0], 1.0], [[130, 75], [683, 81], [0, 0, 0], 1.0]], "Ball": [[341, 152], [-235.21374733852844, 186.21088330966836], 20, [0, 0, 255], 1.0], "Name": "size_6_b", "Occluders": [], "AbnormWalls": [], "ClosedEnds": [1, 3, 2, 4], "Goals": [[[438, 321], [584, 441], 201, [255, 0, 0]], [[147, 456], [407, 493], 202, [0, 255, 0]]], "Paddle": null, "BKColor": [255, 255, 255]}