{"Dims": [1000, 600], "Walls": [[[235, 127], [723, 162], [0, 0, 0], 1.0], [[234, 127], [266, 403], [0, 0, 0], 1.0], [[234, 378], [715, 409], [0, 0, 0], 1.0], [[688, 321], [725, 409], [0, 0, 0], 1.0], [[688, 154], [723, 235], [0, 0, 0], 1.0]], "Ball": [[545, 354], [261.0516129105689, -147.82440731080408], 20, [0, 0, 255], 1.0], "Name": "stopper_1_c", "Occluders": [], "AbnormWalls": [], "ClosedEnds": [1, 3, 2, 4], "Goals": [[[795, 497], [973, 581], 201, [255, 0, 0]], [[864, 211], [896, 356], 202, [0, 255, 0]]], "Paddle": null, "BKColor": [255, 255, 255]}