{"Dims": [1000, 620], "Walls": [[[209, 154], [239, 414], [0, 0, 0], 1.0], [[220, 371], [798, 413], [0, 0, 0], 1.0], [[748, 183], [798, 402], [0, 0, 0], 1.0], [[541, 151], [797, 202], [0, 0, 0], 1.0], [[217, 154], [402, 199], [0, 0, 0], 1.0]], "Ball": [[329, 284], [161.7161089270102, 252.68142019845342], 20, [0, 0, 255], 1.0], "Name": "stopper_4_a", "Occluders": [], "AbnormWalls": [], "ClosedEnds": [1, 3, 2, 4], "Goals": [[[563, 73], [640, 135], 201, [255, 0, 0]], [[404, 139], [537, 221], 202, [0, 255, 0]]], "Paddle": null, "BKColor": [255, 255, 255]}