{"Dims": [1000, 620], "Walls": [[[235, 127], [723, 162], [0, 0, 0], 1.0], [[234, 127], [266, 403], [0, 0, 0], 1.0], [[234, 378], [715, 409], [0, 0, 0], 1.0], [[687, 140], [723, 409], [0, 0, 0], 1.0]], "Ball": [[361, 344], [281.50293504513303, -103.7116076482069], 20, [0, 0, 255], 1.0], "Name": "stopper_reach_1_a", "Occluders": [], "AbnormWalls": [], "ClosedEnds": [1, 3, 2, 4], "Goals": [[[795, 497], [973, 581], 201, [255, 0, 0]], [[653, 198], [685, 343], 202, [0, 255, 0]]], "Paddle": null, "BKColor": [255, 255, 255]}
