{"Dims": [1000, 620], "Walls": [[[798, 84], [826, 436], [0, 0, 0], 1.0], [[199, 410], [821, 436], [0, 0, 0], 1.0], [[199, 84], [226, 435], [0, 0, 0], 1.0], [[200, 84], [824, 107], [0, 0, 0], 1.0]], "Ball": [[391, 344], [126.28113251322422, -272.1269475284973], 20, [0, 0, 255], 1.0], "Name": "porous_2_a", "Occluders": [], "AbnormWalls": [], "ClosedEnds": [1, 3, 2, 4], "Goals": [[[7, 487], [211, 583], 201, [255, 0, 0]], [[757, 114], [793, 407], 202, [0, 255, 0]]], "Paddle": null, "BKColor": [255, 255, 255]}
