{"Dims": [1000, 620], "Walls": [[[673, 98], [703, 426], [0, 0, 0], 1.0], [[266, 398], [703, 436], [0, 0, 0], 1.0], [[266, 99], [301, 404], [0, 0, 0], 1.0], [[266, 98], [702, 140], [0, 0, 0], 1.0]], "Ball": [[439, 294], [192.5809969378028, 230.02730189793115], 20, [0, 0, 255], 1.0], "Name": "stopper_reach_2_a", "Occluders": [], "AbnormWalls": [], "ClosedEnds": [1, 3, 2, 4], "Goals": [[[135, 189], [218, 361], 201, [255, 0, 0]], [[566, 147], [670, 216], 202, [0, 255, 0]]], "Paddle": null, "BKColor": [255, 255, 255]}
