{"Dims": [1000, 620], "Walls": [[[102, 369], [128, 620], [0, 0, 0], 1.0], [[103, 0], [129, 252], [0, 0, 0], 1.0], [[127, 252], [153, 364], [0, 0, 0], 1.0], [[128, 369], [160, 395], [0, 0, 0], 1.0], [[128, 596], [471, 620], [0, 0, 0], 1.0], [[129, 0], [270, 26], [0, 0, 0], 1.0], [[129, 226], [153, 252], [0, 0, 0], 1.0], [[134, 364], [160, 369], [0, 0, 0], 1.0], [[153, 338], [160, 364], [0, 0, 0], 1.0], [[244, 26], [270, 136], [0, 0, 0], 1.0], [[258, 206], [326, 239], [0, 0, 0], 1.0], [[270, 110], [326, 136], [0, 0, 0], 1.0], [[300, 69], [326, 110], [0, 0, 0], 1.0], [[326, 69], [384, 95], [0, 0, 0], 1.0], [[358, 67], [834, 69], [0, 0, 0], 1.0], [[384, 69], [486, 93], [0, 0, 0], 1.0], [[405, 356], [449, 395], [0, 0, 0], 1.0], [[423, 395], [449, 490], [0, 0, 0], 1.0], [[445, 490], [471, 596], [0, 0, 0], 1.0], [[449, 356], [503, 382], [0, 0, 0], 1.0], [[449, 464], [471, 490], [0, 0, 0], 1.0], [[460, 49], [834, 67], [0, 0, 0], 1.0], [[465, 294], [503, 356], [0, 0, 0], 1.0], [[477, 382], [884, 388], [0, 0, 0], 1.0], [[486, 69], [834, 75], [0, 0, 0], 1.0], [[503, 362], [884, 382], [0, 0, 0], 1.0], [[808, 75], [834, 153], [0, 0, 0], 1.0], [[834, 127], [884, 153], [0, 0, 0], 1.0], [[858, 153], [884, 362], [0, 0, 0], 1.0]], "Ball": [[189, 128], [132.8662569668213, -268.9731543474675], 20, [0, 0, 255], 1.0], "Name": "size_1_a", "Occluders": [], "AbnormWalls": [], "ClosedEnds": [1, 3, 2, 4], "Goals": [[[547, 273], [583, 295], 201, [255, 0, 0]], [[682, 480], [738, 516], 202, [0, 255, 0]]], "Paddle": null, "BKColor": [255, 255, 255]}