{"Dims": [1000, 620], "Walls": [[[79, 106], [105, 417], [0, 0, 0], 1.0], [[105, 106], [456, 132], [0, 0, 0], 1.0], [[105, 391], [142, 417], [0, 0, 0], 1.0], [[116, 417], [142, 488], [0, 0, 0], 1.0], [[142, 462], [201, 488], [0, 0, 0], 1.0], [[175, 391], [201, 462], [0, 0, 0], 1.0], [[201, 391], [456, 417], [0, 0, 0], 1.0], [[430, 132], [456, 225], [0, 0, 0], 1.0], [[430, 327], [456, 391], [0, 0, 0], 1.0], [[456, 199], [578, 225], [0, 0, 0], 1.0], [[456, 327], [564, 353], [0, 0, 0], 1.0], [[497, 493], [523, 620], [0, 0, 0], 1.0], [[521, 468], [691, 493], [0, 0, 0], 1.0], [[523, 493], [547, 519], [0, 0, 0], 1.0], [[523, 596], [1000, 620], [0, 0, 0], 1.0], [[538, 353], [564, 426], [0, 0, 0], 1.0], [[547, 493], [691, 494], [0, 0, 0], 1.0], [[552, 225], [683, 241], [0, 0, 0], 1.0], [[564, 400], [691, 426], [0, 0, 0], 1.0], [[578, 215], [683, 225], [0, 0, 0], 1.0], [[657, 185], [683, 215], [0, 0, 0], 1.0], [[665, 426], [691, 468], [0, 0, 0], 1.0], [[683, 185], [1000, 211], [0, 0, 0], 1.0], [[955, 293], [981, 381], [0, 0, 0], 1.0], [[960, 381], [986, 482], [0, 0, 0], 1.0], [[974, 211], [1000, 293], [0, 0, 0], 1.0], [[974, 482], [1000, 596], [0, 0, 0], 1.0], [[981, 293], [1000, 319], [0, 0, 0], 1.0], [[981, 355], [986, 381], [0, 0, 0], 1.0], [[986, 456], [1000, 482], [0, 0, 0], 1.0]], "Ball": [[206, 347], [132.8662569668213, -268.9731543474675], 20, [0, 0, 255], 1.0], "Name": "size_1_a", "Occluders": [], "AbnormWalls": [], "ClosedEnds": [1, 3, 2, 4], "Goals": [[[746, 553], [820, 596], 201, [255, 0, 0]], [[442, 494], [473, 562], 202, [0, 255, 0]]], "Paddle": null, "BKColor": [255, 255, 255]}