{"Dims": [1000, 620], "Walls": [[[62, 204], [88, 324], [0, 0, 0], 1.0], [[88, 204], [127, 230], [0, 0, 0], 1.0], [[88, 298], [133, 324], [0, 0, 0], 1.0], [[101, 158], [127, 204], [0, 0, 0], 1.0], [[107, 77], [133, 158], [0, 0, 0], 1.0], [[107, 324], [133, 368], [0, 0, 0], 1.0], [[127, 158], [133, 184], [0, 0, 0], 1.0], [[130, 33], [156, 77], [0, 0, 0], 1.0], [[133, 77], [156, 103], [0, 0, 0], 1.0], [[133, 342], [160, 368], [0, 0, 0], 1.0], [[134, 368], [327, 372], [0, 0, 0], 1.0], [[156, 33], [343, 59], [0, 0, 0], 1.0], [[160, 346], [390, 368], [0, 0, 0], 1.0], [[301, 342], [390, 346], [0, 0, 0], 1.0], [[317, 59], [343, 87], [0, 0, 0], 1.0], [[343, 61], [669, 87], [0, 0, 0], 1.0], [[364, 368], [390, 428], [0, 0, 0], 1.0], [[390, 402], [866, 428], [0, 0, 0], 1.0], [[643, 87], [669, 160], [0, 0, 0], 1.0], [[669, 134], [866, 160], [0, 0, 0], 1.0], [[840, 160], [866, 236], [0, 0, 0], 1.0], [[840, 400], [1000, 402], [0, 0, 0], 1.0], [[866, 210], [1000, 236], [0, 0, 0], 1.0], [[866, 402], [1000, 426], [0, 0, 0], 1.0], [[974, 236], [1000, 400], [0, 0, 0], 1.0]], "Ball": [[789, 185], [132.8662569668213, -268.9731543474675], 20, [0, 0, 255], 1.0], "Name": "size_1_a", "Occluders": [], "AbnormWalls": [], "ClosedEnds": [1, 3, 2, 4], "Goals": [[[450, 319], [518, 346], 201, [255, 0, 0]], [[875, 64], [933, 113], 202, [0, 255, 0]]], "Paddle": null, "BKColor": [255, 255, 255]}