{"Dims": [1000, 620], "Walls": [[[13, 336], [39, 494], [0, 0, 0], 1.0], [[39, 336], [99, 362], [0, 0, 0], 1.0], [[39, 468], [363, 494], [0, 0, 0], 1.0], [[73, 229], [99, 336], [0, 0, 0], 1.0], [[89, 137], [115, 229], [0, 0, 0], 1.0], [[99, 229], [115, 255], [0, 0, 0], 1.0], [[115, 137], [352, 163], [0, 0, 0], 1.0], [[326, 70], [352, 137], [0, 0, 0], 1.0], [[337, 494], [363, 565], [0, 0, 0], 1.0], [[352, 70], [573, 96], [0, 0, 0], 1.0], [[363, 539], [396, 565], [0, 0, 0], 1.0], [[370, 565], [396, 620], [0, 0, 0], 1.0], [[396, 596], [775, 620], [0, 0, 0], 1.0], [[544, 153], [573, 286], [0, 0, 0], 1.0], [[544, 286], [570, 363], [0, 0, 0], 1.0], [[547, 34], [573, 70], [0, 0, 0], 1.0], [[570, 337], [611, 363], [0, 0, 0], 1.0], [[573, 34], [739, 60], [0, 0, 0], 1.0], [[573, 260], [739, 286], [0, 0, 0], 1.0], [[585, 363], [611, 431], [0, 0, 0], 1.0], [[607, 431], [633, 469], [0, 0, 0], 1.0], [[611, 405], [633, 431], [0, 0, 0], 1.0], [[633, 443], [775, 469], [0, 0, 0], 1.0], [[713, 60], [739, 260], [0, 0, 0], 1.0], [[749, 469], [775, 596], [0, 0, 0], 1.0]], "Ball": [[483, 466], [132.8662569668213, -268.9731543474675], 20, [0, 0, 255], 1.0], "Name": "size_1_a", "Occluders": [], "AbnormWalls": [], "ClosedEnds": [1, 3, 2, 4], "Goals": [[[253, 354], [299, 387], 201, [255, 0, 0]], [[281, 545], [311, 582], 202, [0, 255, 0]]], "Paddle": null, "BKColor": [255, 255, 255]}