{"Dims": [1000, 620], "Walls": [[[4, 193], [30, 324], [0, 0, 0], 1.0], [[23, 376], [49, 620], [0, 0, 0], 1.0], [[30, 193], [180, 219], [0, 0, 0], 1.0], [[30, 298], [388, 324], [0, 0, 0], 1.0], [[49, 376], [442, 402], [0, 0, 0], 1.0], [[49, 596], [485, 620], [0, 0, 0], 1.0], [[154, 21], [180, 193], [0, 0, 0], 1.0], [[180, 21], [459, 47], [0, 0, 0], 1.0], [[348, 228], [388, 298], [0, 0, 0], 1.0], [[362, 324], [388, 376], [0, 0, 0], 1.0], [[388, 365], [442, 376], [0, 0, 0], 1.0], [[433, 47], [459, 203], [0, 0, 0], 1.0], [[459, 177], [507, 203], [0, 0, 0], 1.0], [[459, 398], [507, 465], [0, 0, 0], 1.0], [[459, 465], [485, 596], [0, 0, 0], 1.0], [[481, 153], [678, 177], [0, 0, 0], 1.0], [[507, 177], [678, 179], [0, 0, 0], 1.0], [[507, 439], [557, 465], [0, 0, 0], 1.0], [[531, 465], [557, 559], [0, 0, 0], 1.0], [[557, 533], [692, 559], [0, 0, 0], 1.0], [[652, 179], [678, 250], [0, 0, 0], 1.0], [[666, 476], [692, 533], [0, 0, 0], 1.0], [[678, 224], [756, 250], [0, 0, 0], 1.0], [[692, 476], [801, 502], [0, 0, 0], 1.0], [[730, 250], [801, 264], [0, 0, 0], 1.0], [[756, 238], [801, 250], [0, 0, 0], 1.0], [[775, 264], [801, 476], [0, 0, 0], 1.0]], "Ball": [[387, 152], [132.8662569668213, -268.9731543474675], 20, [0, 0, 255], 1.0], "Name": "size_1_a", "Occluders": [], "AbnormWalls": [], "ClosedEnds": [1, 3, 2, 4], "Goals": [[[652, 270], [693, 310], 201, [255, 0, 0]], [[868, 226], [926, 250], 202, [0, 255, 0]]], "Paddle": null, "BKColor": [255, 255, 255]}