{"Dims": [1000, 620], "Walls": [[[0, 269], [26, 426], [0, 0, 0], 1.0], [[26, 269], [57, 295], [0, 0, 0], 1.0], [[26, 400], [57, 426], [0, 0, 0], 1.0], [[31, 263], [179, 269], [0, 0, 0], 1.0], [[31, 426], [57, 542], [0, 0, 0], 1.0], [[57, 269], [179, 289], [0, 0, 0], 1.0], [[57, 516], [342, 542], [0, 0, 0], 1.0], [[153, 102], [179, 263], [0, 0, 0], 1.0], [[179, 102], [315, 128], [0, 0, 0], 1.0], [[289, 100], [677, 102], [0, 0, 0], 1.0], [[315, 102], [677, 126], [0, 0, 0], 1.0], [[316, 542], [342, 620], [0, 0, 0], 1.0], [[342, 596], [618, 620], [0, 0, 0], 1.0], [[592, 549], [618, 596], [0, 0, 0], 1.0], [[618, 549], [700, 575], [0, 0, 0], 1.0], [[651, 126], [677, 300], [0, 0, 0], 1.0], [[674, 300], [780, 320], [0, 0, 0], 1.0], [[674, 462], [700, 549], [0, 0, 0], 1.0], [[677, 274], [700, 300], [0, 0, 0], 1.0], [[700, 294], [780, 300], [0, 0, 0], 1.0], [[700, 462], [780, 488], [0, 0, 0], 1.0], [[754, 320], [780, 462], [0, 0, 0], 1.0]], "Ball": [[613, 337], [132.8662569668213, -268.9731543474675], 20, [0, 0, 255], 1.0], "Name": "size_1_a", "Occluders": [], "AbnormWalls": [], "ClosedEnds": [1, 3, 2, 4], "Goals": [[[155, 412], [221, 474], 201, [255, 0, 0]], [[932, 510], [974, 579], 202, [0, 255, 0]]], "Paddle": null, "BKColor": [255, 255, 255]}