{"Dims": [1000, 620], "Walls": [[[89, 16], [115, 122], [0, 0, 0], 1.0], [[93, 136], [119, 251], [0, 0, 0], 1.0], [[115, 16], [172, 42], [0, 0, 0], 1.0], [[115, 96], [151, 122], [0, 0, 0], 1.0], [[119, 136], [151, 162], [0, 0, 0], 1.0], [[119, 225], [174, 251], [0, 0, 0], 1.0], [[125, 122], [151, 136], [0, 0, 0], 1.0], [[146, 42], [316, 53], [0, 0, 0], 1.0], [[148, 251], [174, 366], [0, 0, 0], 1.0], [[172, 27], [316, 42], [0, 0, 0], 1.0], [[174, 340], [203, 366], [0, 0, 0], 1.0], [[177, 366], [203, 515], [0, 0, 0], 1.0], [[198, 225], [249, 256], [0, 0, 0], 1.0], [[203, 489], [640, 515], [0, 0, 0], 1.0], [[249, 228], [372, 256], [0, 0, 0], 1.0], [[290, 53], [316, 162], [0, 0, 0], 1.0], [[316, 84], [636, 110], [0, 0, 0], 1.0], [[316, 110], [330, 162], [0, 0, 0], 1.0], [[534, 147], [714, 173], [0, 0, 0], 1.0], [[610, 110], [636, 147], [0, 0, 0], 1.0], [[614, 266], [640, 489], [0, 0, 0], 1.0], [[640, 266], [742, 292], [0, 0, 0], 1.0], [[688, 173], [801, 177], [0, 0, 0], 1.0], [[714, 151], [742, 173], [0, 0, 0], 1.0], [[716, 177], [801, 191], [0, 0, 0], 1.0], [[716, 265], [801, 266], [0, 0, 0], 1.0], [[742, 165], [801, 173], [0, 0, 0], 1.0], [[742, 266], [801, 291], [0, 0, 0], 1.0], [[775, 191], [801, 265], [0, 0, 0], 1.0]], "Ball": [[206, 160], [132.8662569668213, -268.9731543474675], 20, [0, 0, 255], 1.0], "Name": "size_1_a", "Occluders": [], "AbnormWalls": [], "ClosedEnds": [1, 3, 2, 4], "Goals": [[[365, 385], [421, 405], 201, [255, 0, 0]], [[500, 10], [568, 42], 202, [0, 255, 0]]], "Paddle": null, "BKColor": [255, 255, 255]}