{"Dims": [1000, 620], "Walls": [[[107, 5], [133, 322], [0, 0, 0], 1.0], [[133, 5], [247, 31], [0, 0, 0], 1.0], [[133, 296], [186, 322], [0, 0, 0], 1.0], [[157, 352], [183, 477], [0, 0, 0], 1.0], [[160, 322], [186, 352], [0, 0, 0], 1.0], [[183, 352], [186, 378], [0, 0, 0], 1.0], [[183, 451], [576, 477], [0, 0, 0], 1.0], [[221, 31], [247, 159], [0, 0, 0], 1.0], [[221, 250], [366, 285], [0, 0, 0], 1.0], [[247, 133], [335, 159], [0, 0, 0], 1.0], [[309, 40], [335, 133], [0, 0, 0], 1.0], [[324, 205], [366, 250], [0, 0, 0], 1.0], [[335, 40], [473, 66], [0, 0, 0], 1.0], [[447, 36], [598, 40], [0, 0, 0], 1.0], [[473, 40], [598, 62], [0, 0, 0], 1.0], [[550, 413], [576, 451], [0, 0, 0], 1.0], [[572, 62], [647, 87], [0, 0, 0], 1.0], [[576, 413], [627, 439], [0, 0, 0], 1.0], [[598, 61], [647, 62], [0, 0, 0], 1.0], [[601, 339], [627, 413], [0, 0, 0], 1.0], [[621, 87], [663, 93], [0, 0, 0], 1.0], [[627, 339], [663, 365], [0, 0, 0], 1.0], [[637, 93], [663, 339], [0, 0, 0], 1.0], [[647, 67], [663, 87], [0, 0, 0], 1.0]], "Ball": [[285, 382], [132.8662569668213, -268.9731543474675], 20, [0, 0, 255], 1.0], "Name": "size_1_a", "Occluders": [], "AbnormWalls": [], "ClosedEnds": [1, 3, 2, 4], "Goals": [[[510, 159], [544, 205], 201, [255, 0, 0]], [[784, 452], [816, 472], 202, [0, 255, 0]]], "Paddle": null, "BKColor": [255, 255, 255]}