{"Dims": [1000, 620], "Walls": [[[53, 52], [79, 284], [0, 0, 0], 1.0], [[79, 52], [519, 78], [0, 0, 0], 1.0], [[79, 258], [153, 284], [0, 0, 0], 1.0], [[127, 284], [153, 457], [0, 0, 0], 1.0], [[153, 431], [464, 457], [0, 0, 0], 1.0], [[438, 365], [464, 431], [0, 0, 0], 1.0], [[464, 365], [551, 391], [0, 0, 0], 1.0], [[493, 78], [519, 114], [0, 0, 0], 1.0], [[519, 88], [704, 114], [0, 0, 0], 1.0], [[525, 391], [551, 427], [0, 0, 0], 1.0], [[551, 401], [588, 427], [0, 0, 0], 1.0], [[562, 427], [588, 495], [0, 0, 0], 1.0], [[588, 469], [663, 495], [0, 0, 0], 1.0], [[637, 495], [663, 586], [0, 0, 0], 1.0], [[656, 401], [699, 469], [0, 0, 0], 1.0], [[663, 469], [699, 491], [0, 0, 0], 1.0], [[663, 560], [909, 586], [0, 0, 0], 1.0], [[678, 114], [704, 163], [0, 0, 0], 1.0], [[704, 137], [954, 163], [0, 0, 0], 1.0], [[883, 586], [909, 620], [0, 0, 0], 1.0], [[909, 596], [1000, 620], [0, 0, 0], 1.0], [[928, 163], [954, 269], [0, 0, 0], 1.0], [[934, 269], [960, 491], [0, 0, 0], 1.0], [[954, 243], [960, 269], [0, 0, 0], 1.0], [[960, 465], [1000, 491], [0, 0, 0], 1.0], [[974, 491], [1000, 596], [0, 0, 0], 1.0]], "Ball": [[790, 218], [132.8662569668213, -268.9731543474675], 20, [0, 0, 255], 1.0], "Name": "size_1_a", "Occluders": [], "AbnormWalls": [], "ClosedEnds": [1, 3, 2, 4], "Goals": [[[333, 372], [363, 397], 201, [255, 0, 0]], [[377, 546], [417, 596], 202, [0, 255, 0]]], "Paddle": null, "BKColor": [255, 255, 255]}