{"Dims": [1000, 620], "Walls": [[[152, 135], [178, 324], [0, 0, 0], 1.0], [[178, 135], [234, 161], [0, 0, 0], 1.0], [[178, 298], [238, 324], [0, 0, 0], 1.0], [[205, 406], [231, 620], [0, 0, 0], 1.0], [[208, 49], [234, 135], [0, 0, 0], 1.0], [[212, 324], [238, 406], [0, 0, 0], 1.0], [[231, 406], [238, 432], [0, 0, 0], 1.0], [[231, 596], [772, 620], [0, 0, 0], 1.0], [[234, 49], [490, 75], [0, 0, 0], 1.0], [[464, 75], [490, 103], [0, 0, 0], 1.0], [[490, 77], [551, 103], [0, 0, 0], 1.0], [[525, 103], [551, 319], [0, 0, 0], 1.0], [[551, 260], [741, 286], [0, 0, 0], 1.0], [[551, 286], [561, 319], [0, 0, 0], 1.0], [[715, 286], [741, 423], [0, 0, 0], 1.0], [[741, 397], [772, 423], [0, 0, 0], 1.0], [[746, 423], [772, 596], [0, 0, 0], 1.0]], "Ball": [[262, 214], [132.8662569668213, -268.9731543474675], 20, [0, 0, 255], 1.0], "Name": "size_1_a", "Occluders": [], "AbnormWalls": [], "ClosedEnds": [1, 3, 2, 4], "Goals": [[[627, 319], [689, 356], 201, [255, 0, 0]], [[565, 101], [641, 133], 202, [0, 255, 0]]], "Paddle": null, "BKColor": [255, 255, 255]}