{"Dims": [1000, 620], "Walls": [[[551, 38], [660, 318], [0, 0, 0, 255], 1.0]], "Ball": [[791, 42], [169.61970697110254, 247.44525658625446], 20, [0, 0, 255, 255], 1.0], "Name": "RTr_Bl1_14", "Occluders": [], "AbnormWalls": [], "ClosedEnds": [1, 3, 2, 4], "Goals": [[[223, 198], [410, 461], 201, [255, 0, 0, 255]], [[135, 26], [192, 241], 202, [0, 255, 0, 255]]], "Paddle": null, "BKColor": [255, 255, 255, 255]}