{"Dims": [1000, 620], "Walls": [[[305, 53], [483, 186], [0, 0, 0, 255], 1.0], [[89, 263], [236, 313], [0, 0, 0, 255], 1.0], [[104, 374], [401, 471], [0, 0, 0, 255], 1.0]], "Ball": [[103, 175], [29.364541758643348, 298.55941399879674], 20, [0, 0, 255, 255], 1.0], "Name": "RTr_Bl3_14", "Occluders": [], "AbnormWalls": [], "ClosedEnds": [1, 3, 2, 4], "Goals": [[[435, 289], [699, 437], 201, [255, 0, 0, 255]], [[787, 83], [932, 298], 202, [0, 255, 0, 255]]], "Paddle": null, "BKColor": [255, 255, 255, 255]}