{"Dims": [1000, 620], "Walls": [[[421, 350], [540, 585], [0, 0, 0, 255], 1.0], [[667, 141], [915, 358], [0, 0, 0, 255], 1.0], [[83, 22], [358, 204], [0, 0, 0, 255], 1.0], [[167, 460], [241, 600], [0, 0, 0, 255], 1.0], [[772, 10], [898, 127], [0, 0, 0, 255], 1.0]], "Ball": [[87, 443], [274.8740584217282, 120.18424192367482], 20, [0, 0, 255, 255], 1.0], "Name": "RTr_Bl5_9", "Occluders": [], "AbnormWalls": [], "ClosedEnds": [1, 3, 2, 4], "Goals": [[[102, 241], [165, 326], 201, [255, 0, 0, 255]], [[400, 104], [458, 337], 202, [0, 255, 0, 255]]], "Paddle": null, "BKColor": [255, 255, 255, 255]}