{"Dims": [1000, 620], "Walls": [[[195, 398], [298, 504], [0, 0, 0, 255], 1.0], [[493, 204], [608, 425], [0, 0, 0, 255], 1.0], [[686, 213], [858, 289], [0, 0, 0, 255], 1.0], [[847, 361], [939, 447], [0, 0, 0, 255], 1.0]], "Ball": [[282, 573], [263.29222467257114, 143.79570378480832], 20, [0, 0, 255, 255], 1.0], "Name": "RTr_Bl4_15", "Occluders": [], "AbnormWalls": [], "ClosedEnds": [1, 3, 2, 4], "Goals": [[[73, 252], [234, 376], 201, [255, 0, 0, 255]], [[683, 44], [968, 152], 202, [0, 255, 0, 255]]], "Paddle": null, "BKColor": [255, 255, 255, 255]}