{"Dims": [1000, 620], "Walls": [[[58, 234], [160, 401], [0, 0, 0, 255], 1.0], [[26, 144], [185, 214], [0, 0, 0, 255], 1.0]], "Ball": [[822, 381], [128.2910883617314, 271.18517040384495], 20, [0, 0, 255, 255], 1.0], "Name": "RTr_Bl2_18", "Occluders": [], "AbnormWalls": [], "ClosedEnds": [1, 3, 2, 4], "Goals": [[[258, 325], [389, 596], 201, [255, 0, 0, 255]], [[438, 187], [726, 287], 202, [0, 255, 0, 255]]], "Paddle": null, "BKColor": [255, 255, 255, 255]}