{"Dims": [1000, 620], "Walls": [[[196, 462], [288, 554], [0, 0, 0, 255], 1.0], [[551, 57], [643, 138], [0, 0, 0, 255], 1.0], [[528, 326], [615, 526], [0, 0, 0, 255], 1.0]], "Ball": [[185, 71], [167.36412684342946, 248.97640258855148], 20, [0, 0, 255, 255], 1.0], "Name": "RTr_Bl3_13", "Occluders": [], "AbnormWalls": [], "ClosedEnds": [1, 3, 2, 4], "Goals": [[[501, 212], [614, 322], 201, [255, 0, 0, 255]], [[709, 202], [941, 495], 202, [0, 255, 0, 255]]], "Paddle": null, "BKColor": [255, 255, 255, 255]}