{"Dims": [1000, 620], "Walls": [[[390, 191], [494, 446], [0, 0, 0, 255], 1.0], [[196, 107], [280, 220], [0, 0, 0, 255], 1.0], [[564, 109], [621, 216], [0, 0, 0, 255], 1.0], [[537, 281], [769, 479], [0, 0, 0, 255], 1.0], [[844, 70], [913, 308], [0, 0, 0, 255], 1.0]], "Ball": [[782, 221], [197.41603034751574, 225.89136982591597], 20, [0, 0, 255, 255], 1.0], "Name": "RTr_Bl5_17", "Occluders": [], "AbnormWalls": [], "ClosedEnds": [1, 3, 2, 4], "Goals": [[[4, 189], [183, 271], 201, [255, 0, 0, 255]], [[920, 10], [978, 177], 202, [0, 255, 0, 255]]], "Paddle": null, "BKColor": [255, 255, 255, 255]}