{"Dims": [1000, 620], "Walls": [[[593, 391], [736, 588], [0, 0, 0, 255], 1.0], [[271, 494], [321, 612], [0, 0, 0, 255], 1.0]], "Ball": [[740, 268], [248.96127730795035, 167.3866255146863], 20, [0, 0, 255, 255], 1.0], "Name": "RTr_Bl2_12", "Occluders": [], "AbnormWalls": [], "ClosedEnds": [1, 3, 2, 4], "Goals": [[[346, 48], [631, 329], 201, [255, 0, 0, 255]], [[41, 24], [205, 168], 202, [0, 255, 0, 255]]], "Paddle": null, "BKColor": [255, 255, 255, 255]}