{"Dims": [1000, 620], "Walls": [[[563, 16], [786, 269], [0, 0, 0, 255], 1.0], [[180, 77], [413, 240], [0, 0, 0, 255], 1.0], [[56, 257], [142, 338], [0, 0, 0, 255], 1.0], [[84, 344], [266, 552], [0, 0, 0, 255], 1.0], [[94, 40], [144, 226], [0, 0, 0, 255], 1.0]], "Ball": [[538, 415], [271.1433935240817, 128.37936028912506], 20, [0, 0, 255, 255], 1.0], "Name": "RTr_Bl5_3", "Occluders": [], "AbnormWalls": [], "ClosedEnds": [1, 3, 2, 4], "Goals": [[[449, 278], [620, 351], 201, [255, 0, 0, 255]], [[844, 160], [964, 376], 202, [0, 255, 0, 255]]], "Paddle": null, "BKColor": [255, 255, 255, 255]}