{"Dims": [1000, 620], "Walls": [[[403, 179], [568, 429], [0, 0, 0, 255], 1.0], [[436, 458], [688, 551], [0, 0, 0, 255], 1.0]], "Ball": [[878, 403], [31.743616701345232, 298.3158440289722], 20, [0, 0, 255, 255], 1.0], "Name": "RTr_Bl2_14", "Occluders": [], "AbnormWalls": [], "ClosedEnds": [1, 3, 2, 4], "Goals": [[[761, 58], [895, 358], 201, [255, 0, 0, 255]], [[57, 117], [298, 384], 202, [0, 255, 0, 255]]], "Paddle": null, "BKColor": [255, 255, 255, 255]}