{"Dims": [1000, 620], "Walls": [[[898, 23], [968, 211], [0, 0, 0, 255], 1.0], [[198, 315], [297, 499], [0, 0, 0, 255], 1.0], [[6, 234], [142, 516], [0, 0, 0, 255], 1.0]], "Ball": [[245, 256], [257.2140378183664, 154.40511244506115], 20, [0, 0, 255, 255], 1.0], "Name": "RTr_Bl3_12", "Occluders": [], "AbnormWalls": [], "ClosedEnds": [1, 3, 2, 4], "Goals": [[[471, 514], [569, 610], 201, [255, 0, 0, 255]], [[681, 111], [890, 362], 202, [0, 255, 0, 255]]], "Paddle": null, "BKColor": [255, 255, 255, 255]}