{"Dims": [1000, 620], "Walls": [[[512, 6], [729, 62], [0, 0, 0, 255], 1.0]], "Ball": [[23, 71], [95.18587013045065, 284.4989457405932], 20, [0, 0, 255, 255], 1.0], "Name": "RTr_Bl1_2", "Occluders": [], "AbnormWalls": [], "ClosedEnds": [1, 3, 2, 4], "Goals": [[[822, 149], [903, 384], 201, [255, 0, 0, 255]], [[331, 238], [615, 427], 202, [0, 255, 0, 255]]], "Paddle": null, "BKColor": [255, 255, 255, 255]}