{"Dims": [1000, 620], "Walls": [[[310, 120], [513, 170], [0, 0, 0, 255], 1.0], [[250, 120], [310, 515], [0, 0, 0, 255], 1.0], [[310, 468], [547, 515], [0, 0, 0, 255], 1.0], [[547, 284], [598, 515], [0, 0, 0, 255], 1.0]], "Ball": [[374, 407], [-147.6171770003706, 261.16885161604023], 20, [0, 0, 255, 255], 1.0], "Name": "QTr3", "Occluders": [], "AbnormWalls": [], "ClosedEnds": [1, 3, 2, 4], "Goals": [[[526, 88], [632, 270], 201, [255, 0, 0, 255]], [[323, 552], [707, 598], 202, [0, 255, 0, 255]]], "Paddle": null, "BKColor": [255, 255, 255, 255]}