{"Dims": [1000, 620], "Walls": [[[115, 91], [186, 252], [0, 0, 0, 255], 1.0], [[8, 530], [165, 614], [0, 0, 0, 255], 1.0], [[337, 318], [603, 420], [0, 0, 0, 255], 1.0], [[300, 529], [371, 586], [0, 0, 0, 255], 1.0], [[229, 87], [452, 140], [0, 0, 0, 255], 1.0]], "Ball": [[937, 485], [263.2656560214978, 143.8443407283388], 20, [0, 0, 255, 255], 1.0], "Name": "RTr_Bl5_16", "Occluders": [], "AbnormWalls": [], "ClosedEnds": [1, 3, 2, 4], "Goals": [[[76, 286], [284, 468], 201, [255, 0, 0, 255]], [[679, 216], [854, 497], 202, [0, 255, 0, 255]]], "Paddle": null, "BKColor": [255, 255, 255, 255]}