{"Dims": [1000, 620], "Walls": [[[790, 10], [932, 232], [0, 0, 0, 255], 1.0], [[10, 303], [85, 448], [0, 0, 0, 255], 1.0], [[411, 117], [545, 379], [0, 0, 0, 255], 1.0], [[634, 410], [728, 555], [0, 0, 0, 255], 1.0], [[60, 516], [175, 598], [0, 0, 0, 255], 1.0]], "Ball": [[40, 554], [52.976835144044834, 295.28537880857004], 20, [0, 0, 255, 255], 1.0], "Name": "RTr_Bl5_0", "Occluders": [], "AbnormWalls": [], "ClosedEnds": [1, 3, 2, 4], "Goals": [[[567, 66], [621, 346], 201, [255, 0, 0, 255]], [[190, 234], [344, 447], 202, [0, 255, 0, 255]]], "Paddle": null, "BKColor": [255, 255, 255, 255]}