{"Dims": [1000, 620], "Walls": [[[88, 68], [267, 199], [0, 0, 0, 255], 1.0], [[648, 453], [774, 530], [0, 0, 0, 255], 1.0]], "Ball": [[588, 400], [232.46229717557944, 189.63459703295865], 20, [0, 0, 255, 255], 1.0], "Name": "RTr_Bl2_16", "Occluders": [], "AbnormWalls": [], "ClosedEnds": [1, 3, 2, 4], "Goals": [[[742, 172], [885, 450], 201, [255, 0, 0, 255]], [[746, 47], [993, 135], 202, [0, 255, 0, 255]]], "Paddle": null, "BKColor": [255, 255, 255, 255]}