{"Dims": [1000, 620], "Walls": [[[262, 128], [491, 183], [0, 0, 0, 255], 1.0]], "Ball": [[865, 331], [272.97052747365643, 124.44714191476552], 20, [0, 0, 255, 255], 1.0], "Name": "RTr_Bl1_4", "Occluders": [], "AbnormWalls": [], "ClosedEnds": [1, 3, 2, 4], "Goals": [[[80, 286], [143, 431], 201, [255, 0, 0, 255]], [[97, 532], [288, 615], 202, [0, 255, 0, 255]]], "Paddle": null, "BKColor": [255, 255, 255, 255]}