{"Dims": [1000, 620], "Walls": [[[584, 198], [803, 269], [0, 0, 0, 255], 1.0], [[256, 107], [542, 340], [0, 0, 0, 255], 1.0], [[592, 399], [723, 496], [0, 0, 0, 255], 1.0], [[816, 183], [1000, 346], [0, 0, 0, 255], 1.0], [[110, 191], [200, 346], [0, 0, 0, 255], 1.0]], "Ball": [[979, 141], [295.10178222105907, 53.990166974687405], 20, [0, 0, 255, 255], 1.0], "Name": "RTr_Bl5_15", "Occluders": [], "AbnormWalls": [], "ClosedEnds": [1, 3, 2, 4], "Goals": [[[431, 27], [512, 94], 201, [255, 0, 0, 255]], [[8, 134], [218, 185], 202, [0, 255, 0, 255]]], "Paddle": null, "BKColor": [255, 255, 255, 255]}