{"Dims": [1000, 620], "Walls": [[[75, 285], [251, 500], [0, 0, 0, 255], 1.0], [[172, 165], [437, 256], [0, 0, 0, 255], 1.0], [[882, 74], [944, 338], [0, 0, 0, 255], 1.0]], "Ball": [[98, 255], [93.21782564952379, 285.1498500458574], 20, [0, 0, 255, 255], 1.0], "Name": "RTr_Bl3_10", "Occluders": [], "AbnormWalls": [], "ClosedEnds": [1, 3, 2, 4], "Goals": [[[579, 205], [692, 261], 201, [255, 0, 0, 255]], [[616, 378], [907, 533], 202, [0, 255, 0, 255]]], "Paddle": null, "BKColor": [255, 255, 255, 255]}