{"Dims": [1000, 620], "Walls": [[[603, 138], [851, 321], [0, 0, 0, 255], 1.0], [[94, 79], [390, 271], [0, 0, 0, 255], 1.0]], "Ball": [[714, 77], [32.740824075995015, 298.2080455635373], 20, [0, 0, 255, 255], 1.0], "Name": "RTr_Bl2_3", "Occluders": [], "AbnormWalls": [], "ClosedEnds": [1, 3, 2, 4], "Goals": [[[242, 372], [499, 537], 201, [255, 0, 0, 255]], [[885, 230], [948, 480], 202, [0, 255, 0, 255]]], "Paddle": null, "BKColor": [255, 255, 255, 255]}