{"Dims": [1000, 620], "Walls": [[[219, 233], [331, 508], [0, 0, 0, 255], 1.0], [[632, 344], [796, 453], [0, 0, 0, 255], 1.0], [[486, 139], [658, 301], [0, 0, 0, 255], 1.0]], "Ball": [[102, 406], [278.96066125396476, 110.36733879527368], 20, [0, 0, 255, 255], 1.0], "Name": "RTr_Bl3_4", "Occluders": [], "AbnormWalls": [], "ClosedEnds": [1, 3, 2, 4], "Goals": [[[838, 324], [947, 579], 201, [255, 0, 0, 255]], [[230, 24], [492, 126], 202, [0, 255, 0, 255]]], "Paddle": null, "BKColor": [255, 255, 255, 255]}