{"Dims": [1000, 620], "Walls": [[[343, 116], [540, 374], [0, 0, 0, 255], 1.0], [[737, 264], [985, 539], [0, 0, 0, 255], 1.0]], "Ball": [[622, 370], [157.54466865981823, 255.3031088272685], 20, [0, 0, 255, 255], 1.0], "Name": "RTr_Bl2_10", "Occluders": [], "AbnormWalls": [], "ClosedEnds": [1, 3, 2, 4], "Goals": [[[663, 17], [961, 252], 201, [255, 0, 0, 255]], [[38, 34], [170, 225], 202, [0, 255, 0, 255]]], "Paddle": null, "BKColor": [255, 255, 255, 255]}