{"regular_29": {"p_red": 0.907, "p_green": 0.0928, "avg_time": 5.8750399999999985, "avg_bounces": 2.938}, "regular_28": {"p_red": 0.8474, "p_green": 0.1526, "avg_time": 4.58124, "avg_bounces": 3.8768}, "regular_23": {"p_red": 0.7334, "p_green": 0.2634, "avg_time": 7.2758199999999995, "avg_bounces": 4.7646}, "regular_22": {"p_red": 0.5852, "p_green": 0.4142, "avg_time": 7.177760000000015, "avg_bounces": 5.4834}, "regular_21": {"p_red": 0.453, "p_green": 0.5468, "avg_time": 8.252880000000019, "avg_bounces": 12.636}, "regular_20": {"p_red": 0.3136, "p_green": 0.6846, "avg_time": 9.65031000000001, "avg_bounces": 5.6494}, "regular_27": {"p_red": 0.3828, "p_green": 0.6136, "avg_time": 8.592039999999988, "avg_bounces": 5.9144}, "regular_26": {"p_red": 1.0, "p_green": 0.0, "avg_time": 5.6960900000000025, "avg_bounces": 7.7184}, "regular_25": {"p_red": 0.3672, "p_green": 0.6328, "avg_time": 4.736200000000001, "avg_bounces": 3.4274}, "regular_24": {"p_red": 0.0734, "p_green": 0.9266, "avg_time": 4.674930000000012, "avg_bounces": 4.3766}, "regular_58": {"p_red": 0.5448, "p_green": 0.4552, "avg_time": 6.556080000000005, "avg_bounces": 4.364}, "regular_59": {"p_red": 0.5046, "p_green": 0.4954, "avg_time": 6.337109999999999, "avg_bounces": 6.6168}, "regular_56": {"p_red": 0.8814, "p_green": 0.1166, "avg_time": 4.95291, "avg_bounces": 9.045}, "regular_57": {"p_red": 0.4968, "p_green": 0.5032, "avg_time": 7.128929999999994, "avg_bounces": 4.7352}, "regular_54": {"p_red": 0.2296, "p_green": 0.7702, "avg_time": 4.5327699999999975, "avg_bounces": 2.9606}, "regular_55": {"p_red": 0.3464, "p_green": 0.651, "avg_time": 10.954520000000032, "avg_bounces": 10.6672}, "regular_52": {"p_red": 0.8184, "p_green": 0.1798, "avg_time": 6.749410000000015, "avg_bounces": 7.5122}, "regular_53": {"p_red": 0.3988, "p_green": 0.5974, "avg_time": 7.692929999999999, "avg_bounces": 7.5264}, "regular_50": {"p_red": 0.4618, "p_green": 0.5382, "avg_time": 6.6499400000000035, "avg_bounces": 6.7226}, "regular_51": {"p_red": 0.0566, "p_green": 0.9408, "avg_time": 10.422690000000006, "avg_bounces": 14.0714}, "regular_49": {"p_red": 0.6504, "p_green": 0.3496, "avg_time": 3.771359999999988, "avg_bounces": 1.8292}, "regular_48": {"p_red": 0.4, "p_green": 0.5994, "avg_time": 3.242169999999994, "avg_bounces": 1.9986}, "regular_45": {"p_red": 0.3426, "p_green": 0.6574, "avg_time": 5.586880000000017, "avg_bounces": 4.4024}, "regular_44": {"p_red": 0.4048, "p_green": 0.594, "avg_time": 11.647109999999993, "avg_bounces": 12.2318}, "regular_47": {"p_red": 0.6228, "p_green": 0.3772, "avg_time": 6.817119999999984, "avg_bounces": 4.6282}, "regular_46": {"p_red": 0.2258, "p_green": 0.7736, "avg_time": 7.426580000000032, "avg_bounces": 6.1372}, "regular_41": {"p_red": 0.8644, "p_green": 0.135, "avg_time": 8.897140000000018, "avg_bounces": 11.3808}, "regular_40": {"p_red": 0.7128, "p_green": 0.287, "avg_time": 7.157000000000014, "avg_bounces": 4.2644}, "regular_43": {"p_red": 0.4, "p_green": 0.5998, "avg_time": 7.546009999999998, "avg_bounces": 6.4664}, "regular_42": {"p_red": 0.3788, "p_green": 0.6212, "avg_time": 4.166929999999992, "avg_bounces": 4.2498}, "regular_70": {"p_red": 0.476, "p_green": 0.524, "avg_time": 6.019380000000003, "avg_bounces": 4.3868}, "regular_71": {"p_red": 0.8142, "p_green": 0.1858, "avg_time": 6.670129999999986, "avg_bounces": 7.5944}, "regular_72": {"p_red": 0.8668, "p_green": 0.1328, "avg_time": 7.586340000000001, "avg_bounces": 11.561}, "regular_73": {"p_red": 0.1786, "p_green": 0.7048, "avg_time": 21.814300000000188, "avg_bounces": 28.5518}, "regular_74": {"p_red": 0.4868, "p_green": 0.5128, "avg_time": 7.309069999999994, "avg_bounces": 11.4534}, "regular_75": {"p_red": 0.7802, "p_green": 0.2192, "avg_time": 6.106210000000012, "avg_bounces": 6.6296}, "regular_76": {"p_red": 0.9032, "p_green": 0.081, "avg_time": 15.113800000000023, "avg_bounces": 17.4586}, "regular_77": {"p_red": 0.0, "p_green": 1.0, "avg_time": 4.061390000000003, "avg_bounces": 3.4308}, "regular_78": {"p_red": 0.8626, "p_green": 0.1238, "avg_time": 10.78538000000003, "avg_bounces": 16.8788}, "regular_79": {"p_red": 0.1346, "p_green": 0.845, "avg_time": 10.324959999999994, "avg_bounces": 14.1728}, "regular_92": {"p_red": 0.8072, "p_green": 0.1918, "avg_time": 9.519430000000012, "avg_bounces": 11.4644}, "regular_93": {"p_red": 0.6192, "p_green": 0.327, "avg_time": 19.898000000000035, "avg_bounces": 24.7576}, "regular_90": {"p_red": 0.685, "p_green": 0.315, "avg_time": 6.944910000000013, "avg_bounces": 17.4704}, "regular_91": {"p_red": 0.382, "p_green": 0.6176, "avg_time": 4.0801999999999765, "avg_bounces": 3.837}, "regular_94": {"p_red": 0.5466, "p_green": 0.4534, "avg_time": 4.1141900000000025, "avg_bounces": 3.8694}, "regular_95": {"p_red": 0.235, "p_green": 0.765, "avg_time": 6.739450000000003, "avg_bounces": 10.4054}, "regular_0": {"p_red": 0.82, "p_green": 0.1796, "avg_time": 6.257239999999999, "avg_bounces": 3.8306}, "regular_1": {"p_red": 0.3798, "p_green": 0.6184, "avg_time": 7.512180000000015, "avg_bounces": 3.298}, "regular_2": {"p_red": 0.4838, "p_green": 0.5162, "avg_time": 5.922090000000026, "avg_bounces": 4.6438}, "regular_3": {"p_red": 0.8218, "p_green": 0.1782, "avg_time": 4.180089999999994, "avg_bounces": 3.2996}, "regular_4": {"p_red": 0.8758, "p_green": 0.1242, "avg_time": 2.2399799999999974, "avg_bounces": 1.5478}, "regular_5": {"p_red": 0.4542, "p_green": 0.5458, "avg_time": 6.274519999999985, "avg_bounces": 4.4172}, "regular_6": {"p_red": 0.5236, "p_green": 0.4764, "avg_time": 2.870280000000002, "avg_bounces": 0.7808}, "regular_7": {"p_red": 0.2026, "p_green": 0.7974, "avg_time": 6.097770000000003, "avg_bounces": 4.5744}, "regular_8": {"p_red": 0.5668, "p_green": 0.4326, "avg_time": 6.942990000000003, "avg_bounces": 5.2156}, "regular_9": {"p_red": 0.9732, "p_green": 0.0268, "avg_time": 2.6942100000000053, "avg_bounces": 1.5158}, "regular_67": {"p_red": 0.0464, "p_green": 0.9534, "avg_time": 5.793189999999991, "avg_bounces": 5.274}, "regular_66": {"p_red": 0.3654, "p_green": 0.6254, "avg_time": 14.737280000000093, "avg_bounces": 13.5556}, "regular_65": {"p_red": 0.516, "p_green": 0.4836, "avg_time": 7.7339399999999765, "avg_bounces": 6.5292}, "regular_64": {"p_red": 0.3048, "p_green": 0.6952, "avg_time": 5.3262200000000135, "avg_bounces": 5.5376}, "regular_63": {"p_red": 0.7106, "p_green": 0.2884, "avg_time": 7.388690000000004, "avg_bounces": 7.9966}, "regular_62": {"p_red": 0.2314, "p_green": 0.7678, "avg_time": 7.863969999999987, "avg_bounces": 8.7602}, "regular_61": {"p_red": 0.8896, "p_green": 0.1104, "avg_time": 5.1193200000000205, "avg_bounces": 6.3308}, "regular_60": {"p_red": 0.663, "p_green": 0.334, "avg_time": 7.870790000000011, "avg_bounces": 10.0508}, "regular_69": {"p_red": 0.3562, "p_green": 0.6424, "avg_time": 8.870499999999982, "avg_bounces": 9.1052}, "regular_68": {"p_red": 0.8182, "p_green": 0.1816, "avg_time": 5.986530000000022, "avg_bounces": 6.9386}, "regular_89": {"p_red": 0.5208, "p_green": 0.4792, "avg_time": 3.370289999999998, "avg_bounces": 3.3478}, "regular_88": {"p_red": 0.7156, "p_green": 0.2834, "avg_time": 5.2780999999999985, "avg_bounces": 7.0244}, "regular_81": {"p_red": 0.0124, "p_green": 0.9866, "avg_time": 6.505580000000002, "avg_bounces": 6.6962}, "regular_80": {"p_red": 0.5898, "p_green": 0.4102, "avg_time": 6.7924799999999985, "avg_bounces": 6.713}, "regular_83": {"p_red": 0.7594, "p_green": 0.2394, "avg_time": 9.61694000000002, "avg_bounces": 11.2922}, "regular_82": {"p_red": 0.9378, "p_green": 0.0274, "avg_time": 16.240140000000096, "avg_bounces": 27.8976}, "regular_85": {"p_red": 0.143, "p_green": 0.857, "avg_time": 3.632160000000009, "avg_bounces": 7.003}, "regular_84": {"p_red": 0.088, "p_green": 0.9014, "avg_time": 14.46735000000004, "avg_bounces": 23.191}, "regular_87": {"p_red": 0.5096, "p_green": 0.4904, "avg_time": 2.448359999999994, "avg_bounces": 1.9888}, "regular_86": {"p_red": 0.0818, "p_green": 0.9178, "avg_time": 5.624690000000023,