{"regular_29": {"p_red": 0.9104, "p_green": 0.0894, "avg_time": 5.902839999999995, "goal": "R", "avg_bounces": 2.9412}, "regular_28": {"p_red": 0.8402, "p_green": 0.1598, "avg_time": 4.539939999999982, "goal": "R", "avg_bounces": 3.8556}, "regular_23": {"p_red": 0.7304, "p_green": 0.2634, "avg_time": 7.2186299999999886, "goal": "R", "avg_bounces": 4.6902}, "regular_22": {"p_red": 0.5746, "p_green": 0.4252, "avg_time": 7.163360000000015, "goal": "G", "avg_bounces": 5.3314}, "regular_21": {"p_red": 0.4604, "p_green": 0.5396, "avg_time": 8.170390000000019, "goal": "R", "avg_bounces": 12.5504}, "regular_20": {"p_red": 0.3166, "p_green": 0.6826, "avg_time": 9.65012000000003, "goal": "G", "avg_bounces": 5.6986}, "regular_27": {"p_red": 0.4012, "p_green": 0.5958, "avg_time": 8.580530000000007, "goal": "G", "avg_bounces": 5.9124}, "regular_26": {"p_red": 1.0, "p_green": 0.0, "avg_time": 5.65102000000001, "goal": "R", "avg_bounces": 7.678}, "regular_25": {"p_red": 0.3648, "p_green": 0.635, "avg_time": 4.797439999999996, "goal": "R", "avg_bounces": 3.4848}, "regular_24": {"p_red": 0.0792, "p_green": 0.9208, "avg_time": 4.718210000000009, "goal": "G", "avg_bounces": 4.4096}, "regular_58": {"p_red": 0.5492, "p_green": 0.4504, "avg_time": 6.574730000000015, "goal": "G", "avg_bounces": 4.384}, "regular_59": {"p_red": 0.5044, "p_green": 0.4956, "avg_time": 6.366710000000014, "goal": "R", "avg_bounces": 6.6156}, "regular_56": {"p_red": 0.8822, "p_green": 0.116, "avg_time": 4.8572299999999995, "goal": "R", "avg_bounces": 8.8528}, "regular_57": {"p_red": 0.5028, "p_green": 0.4968, "avg_time": 7.132650000000006, "goal": "G", "avg_bounces": 4.7294}, "regular_54": {"p_red": 0.209, "p_green": 0.7908, "avg_time": 4.299720000000003, "goal": "R", "avg_bounces": 2.7468}, "regular_55": {"p_red": 0.3302, "p_green": 0.6674, "avg_time": 10.78682000000003, "goal": "G", "avg_bounces": 10.4652}, "regular_52": {"p_red": 0.8246, "p_green": 0.175, "avg_time": 6.66522999999999, "goal": "R", "avg_bounces": 7.443}, "regular_53": {"p_red": 0.3942, "p_green": 0.6026, "avg_time": 7.637950000000018, "goal": "R", "avg_bounces": 7.6858}, "regular_50": {"p_red": 0.4664, "p_green": 0.5336, "avg_time": 6.648740000000008, "goal": "R", "avg_bounces": 6.7466}, "regular_51": {"p_red": 0.0556, "p_green": 0.9414, "avg_time": 10.384780000000026, "goal": "G", "avg_bounces": 14.12}, "regular_49": {"p_red": 0.6528, "p_green": 0.3472, "avg_time": 3.850890000000013, "goal": "R", "avg_bounces": 1.9324}, "regular_48": {"p_red": 0.4062, "p_green": 0.5936, "avg_time": 3.3455200000000014, "goal": "R", "avg_bounces": 2.0948}, "regular_45": {"p_red": 0.3478, "p_green": 0.6522, "avg_time": 5.680570000000001, "goal": "G", "avg_bounces": 4.4618}, "regular_44": {"p_red": 0.4358, "p_green": 0.5632, "avg_time": 11.535820000000037, "goal": "G", "avg_bounces": 12.4062}, "regular_47": {"p_red": 0.6184, "p_green": 0.3814, "avg_time": 6.831600000000015, "goal": "R", "avg_bounces": 4.6588}, "regular_46": {"p_red": 0.2284, "p_green": 0.7712, "avg_time": 7.381259999999988, "goal": "G", "avg_bounces": 6.066}, "regular_41": {"p_red": 0.8714, "p_green": 0.1286, "avg_time": 8.855850000000007, "goal": "R", "avg_bounces": 11.2918}, "regular_40": {"p_red": 0.7176, "p_green": 0.2802, "avg_time": 7.15349, "goal": "R", "avg_bounces": 4.2384}, "regular_43": {"p_red": 0.41, "p_green": 0.5896, "avg_time": 7.53016, "goal": "R", "avg_bounces": 6.506}, "regular_42": {"p_red": 0.3868, "p_green": 0.6132, "avg_time": 4.196389999999988, "goal": "G", "avg_bounces": 4.3478}, "regular_70": {"p_red": 0.4786, "p_green": 0.5212, "avg_time": 5.952179999999986, "goal": "G", "avg_bounces": 4.3348}, "regular_71": {"p_red": 0.8052, "p_green": 0.1946, "avg_time": 6.789339999999999, "goal": "R", "avg_bounces": 7.7654}, "regular_72": {"p_red": 0.858, "p_green": 0.1416, "avg_time": 7.586339999999976, "goal": "R", "avg_bounces": 11.4506}, "regular_73": {"p_red": 0.1712, "p_green": 0.709, "avg_time": 21.898980000000172, "goal": "G", "avg_bounces": 28.6658}, "regular_74": {"p_red": 0.4806, "p_green": 0.5192, "avg_time": 7.258899999999984, "goal": "G", "avg_bounces": 11.3416}, "regular_75": {"p_red": 0.7656, "p_green": 0.2334, "avg_time": 6.185040000000002, "goal": "R", "avg_bounces": 6.6434}, "regular_76": {"p_red": 0.9124, "p_green": 0.0724, "avg_time": 15.208219999999999, "goal": "R", "avg_bounces": 17.4874}, "regular_77": {"p_red": 0.0, "p_green": 1.0, "avg_time": 4.078650000000006, "goal": "G", "avg_bounces": 3.4788}, "regular_78": {"p_red": 0.861, "p_green": 0.1288, "avg_time": 10.867880000000007, "goal": "G", "avg_bounces": 17.0134}, "regular_79": {"p_red": 0.1522, "p_green": 0.826, "avg_time": 10.550180000000001, "goal": "G", "avg_bounces": 14.3122}, "regular_92": {"p_red": 0.7986, "p_green": 0.1992, "avg_time": 9.690200000000033, "goal": "R", "avg_bounces": 11.4052}, "regular_93": {"p_red": 0.6034, "p_green": 0.3438, "avg_time": 19.951300000000057, "goal": "G", "avg_bounces": 24.7884}, "regular_90": {"p_red": 0.6714, "p_green": 0.3286, "avg_time": 7.009820000000004, "goal": "G", "avg_bounces": 17.159}, "regular_91": {"p_red": 0.3706, "p_green": 0.6292, "avg_time": 4.101649999999992, "goal": "R", "avg_bounces": 3.8994}, "regular_94": {"p_red": 0.5524, "p_green": 0.4476, "avg_time": 4.159669999999992, "goal": "G", "avg_bounces": 3.9942}, "regular_95": {"p_red": 0.2408, "p_green": 0.7588, "avg_time": 6.770970000000033, "goal": "G", "avg_bounces": 10.6168}, "regular_0": {"p_red": 0.8176, "p_green": 0.1822, "avg_time": 6.209889999999985, "goal": "R", "avg_bounces": 3.796}, "regular_1": {"p_red": 0.3736, "p_green": 0.6258, "avg_time": 7.498600000000013, "goal": "G", "avg_bounces": 3.2828}, "regular_2": {"p_red": 0.4708, "p_green": 0.5288, "avg_time": 5.925099999999987, "goal": "G", "avg_bounces": 4.6602}, "regular_3": {"p_red": 0.8298, "p_green": 0.1702, "avg_time": 4.1768900000000055, "goal": "R", "avg_bounces": 3.4716}, "regular_4": {"p_red": 0.8814, "p_green": 0.1186, "avg_time": 2.248829999999997, "goal": "R", "avg_bounces": 1.571}, "regular_5": {"p_red": 0.4666, "p_green": 0.5332, "avg_time": 6.171169999999987, "goal": "R", "avg_bounces": 4.3222}, "regular_6": {"p_red": 0.5484, "p_green": 0.4516, "avg_time": 2.8818600000000107, "goal": "G", "avg_bounces": 0.8314}, "regular_7": {"p_red": 0.1902, "p_green": 0.8098, "avg_time": 6.142459999999982, "goal": "G", "avg_bounces": 4.6518}, "regular_8": {"p_red": 0.5728, "p_green": 0.4266, "avg_time": 7.080890000000008, "goal": "R", "avg_bounces": 5.3206}, "regular_9": {"p_red": 0.9722, "p_green": 0.0278, "avg_time": 2.69337, "goal": "R", "avg_bounces": 1.5122}, "regular_67": {"p_red": 0.0582, "p_green": 0.9416, "avg_time": 5.854610000000008, "goal": "G", "avg_bounces": 5.3392}, "regular_66": {"p_red": 0.3642, "p_green": 0.6266, "avg_time": 14.945310000000076, "goal": "R", "avg_bounces": 13.689}, "regular_65": {"p_red": 0.5092, "p_green": 0.4908, "avg_time": 7.700280000000032, "goal": "G", "avg_bounces": 6.4756}, "regular_64": {"p_red": 0.2934, "p_green": 0.7066, "avg_time": 5.341070000000012, "goal": "G", "avg_bounces": 5.5738}, "regular_63": {"p_red": 0.7108, "p_green": 0.2882, "avg_time": 7.362890000000018, "goal": "R", "avg_bounces": 8.0588}, "regular_62": {"p_red": 0.2448, "p_green": 0.7552, "avg_time": 7.734369999999988, "goal": "G", "avg_bounces": 8.714}, "regular_61": {"p_red": 0.8864, "p_green": 0.1136, "avg_time": 5.136650000000007, "goal": "R", "avg_bounces": 6.4378}, "regular_60": {"p_red": 0.658, "p_green": 0.339, "avg_time": 8.12070999999999, "goal": "R", "avg_bounces": 10.3916}, "regular_69": {"p_red": 0.3522, "p_green": 0.646, "avg_time": 8.69455000000002, "goal": "G", "avg_bounces": 9.1208}, "regular_68": {"p_red": 0.8294, "p_green": 0.1706, "avg_time": 5.974340000000013, "goal": "R", "avg_bounces": 6.9614}, "regular_89": {"p_red": 0.5066, "p_green": 0.4934, "avg_time": 3.37784, "goal": "R", "avg_bounces": 3.419}, "regular_88": {"p_red": 0.7172, "p_green": 0.2812, "avg_time": 5.36648000000001,