{"stopper_2_a": {"p_red": 0.0, "p_green": 1.0, "avg_time": 1.2034200000000002, "goal": "G", "avg_bounces": 0.4974}, "stopper_2_b": {"p_red": 0.0, "p_green": 1.0, "avg_time": 2.519200000000002, "goal": "G", "avg_bounces": 2.2384}, "stopper_2_c": {"p_red": 0.0368, "p_green": 0.962, "avg_time": 5.459840000000012, "goal": "G", "avg_bounces": 5.914}, "stopper_3_a": {"p_red": 0.0, "p_green": 0.9508, "avg_time": 8.693859999999994, "goal": "G", "avg_bounces": 10.6956}, "porous_2_b": {"p_red": 0.029, "p_green": 0.9706, "avg_time": 4.894870000000009, "goal": "G", "avg_bounces": 5.9566}, "stopper_3_c": {"p_red": 0.2074, "p_green": 0.7228, "avg_time": 13.06492000000006, "goal": "G", "avg_bounces": 14.5432}, "stopper_3_b": {"p_red": 0.0714, "p_green": 0.8828, "avg_time": 9.193789999999996, "goal": "G", "avg_bounces": 10.9332}, "complex_6_a": {"p_red": 0.0, "p_green": 0.784, "avg_time": 24.391760000000332, "goal": "G", "avg_bounces": 55.2016}, "complex_6_c": {"p_red": 0.0, "p_green": 0.652, "avg_time": 26.806200000000583, "goal": "G", "avg_bounces": 59.0672}, "complex_6_b": {"p_red": 0.0, "p_green": 0.6234, "avg_time": 27.42739000000062, "goal": "G", "avg_bounces": 50.7628}, "complex_4_c": {"p_red": 0.0, "p_green": 0.9562, "avg_time": 5.313129999999959, "goal": "G", "avg_bounces": 10.3298}, "complex_4_b": {"p_red": 0.0, "p_green": 0.9856, "avg_time": 4.623989999999996, "goal": "G", "avg_bounces": 7.4278}, "complex_4_a": {"p_red": 0.0, "p_green": 0.9998, "avg_time": 3.005230000000008, "goal": "G", "avg_bounces": 2.01}, "size_6_a": {"p_red": 0.047, "p_green": 0.9414, "avg_time": 2.773479999999992, "goal": "G", "avg_bounces": 3.1718}, "stopper_6_b": {"p_red": 0.0, "p_green": 0.8534, "avg_time": 16.168780000000172, "goal": "G", "avg_bounces": 21.3584}, "stopper_6_c": {"p_red": 0.108, "p_green": 0.7422, "avg_time": 16.937370000000183, "goal": "G", "avg_bounces": 21.8766}, "stopper_1_c": {"p_red": 0.1942, "p_green": 0.7994, "avg_time": 5.005889999999995, "goal": "G", "avg_bounces": 6.2454}, "stopper_1_b": {"p_red": 0.01, "p_green": 0.9842, "avg_time": 3.3304100000000014, "goal": "G", "avg_bounces": 4.465}, "stopper_1_a": {"p_red": 0.0, "p_green": 0.9928, "avg_time": 3.4061199999999974, "goal": "G", "avg_bounces": 4.5746}, "size_2_b": {"p_red": 0.0082, "p_green": 0.9834, "avg_time": 5.822600000000007, "goal": "G", "avg_bounces": 14.9444}, "porous_3_c": {"p_red": 0.04, "p_green": 0.9598, "avg_time": 2.559030000000005, "goal": "G", "avg_bounces": 2.1744}, "porous_3_b": {"p_red": 0.0002, "p_green": 0.9998, "avg_time": 2.778909999999997, "goal": "G", "avg_bounces": 2.3896}, "porous_3_a": {"p_red": 0.0, "p_green": 1.0, "avg_time": 2.7755200000000047, "goal": "G", "avg_bounces": 2.3748}, "porous_4_c": {"p_red": 0.0744, "p_green": 0.9252, "avg_time": 3.9296700000000033, "goal": "G", "avg_bounces": 3.4276}, "size_2_a": {"p_red": 0.0196, "p_green": 0.9782, "avg_time": 5.0872100000000104, "goal": "G", "avg_bounces": 23.8838}, "porous_2_c": {"p_red": 0.2386, "p_green": 0.7614, "avg_time": 6.183489999999999, "goal": "G", "avg_bounces": 8.6858}, "size_2_c": {"p_red": 0.0, "p_green": 0.9748, "avg_time": 8.860430000000019, "goal": "G", "avg_bounces": 15.924}, "porous_2_a": {"p_red": 0.0, "p_green": 1.0, "avg_time": 4.648510000000021, "goal": "G", "avg_bounces": 4.5458}, "stopper_4_b": {"p_red": 0.0, "p_green": 0.9986, "avg_time": 2.545390000000018, "goal": "G", "avg_bounces": 2.676}, "stopper_4_c": {"p_red": 0.111, "p_green": 0.885, "avg_time": 3.318959999999995, "goal": "G", "avg_bounces": 3.4804}, "stopper_4_a": {"p_red": 0.0, "p_green": 1.0, "avg_time": 0.8234199999999992, "goal": "G", "avg_bounces": 0.139}, "stopper_5_c": {"p_red": 0.0852, "p_green": 0.9148, "avg_time": 3.5540899999999818, "goal": "G", "avg_bounces": 3.4248}, "stopper_5_b": {"p_red": 0.0004, "p_green": 0.9996, "avg_time": 4.3257400000000015, "goal": "G", "avg_bounces": 3.9102}, "stopper_5_a": {"p_red": 0.0, "p_green": 0.9998, "avg_time": 6.0972400000000055, "goal": "G", "avg_bounces": 5.6268}, "porous_5_a": {"p_red": 0.0006, "p_green": 0.9668, "avg_time": 12.009670000000051, "goal": "G", "avg_bounces": 27.8152}, "porous_5_c": {"p_red": 0.2298, "p_green": 0.7666, "avg_time": 8.276320000000013, "goal": "G", "avg_bounces": 19.9508}, "porous_5_b": {"p_red": 0.0122, "p_green": 0.9562, "avg_time": 11.857340000000022, "goal": "G", "avg_bounces": 27.6858}, "size_1_b": {"p_red": 0.0, "p_green": 0.9906, "avg_time": 11.066530000000029, "goal": "G", "avg_bounces": 8.7258}, "size_1_c": {"p_red": 0.0, "p_green": 0.9726, "avg_time": 14.836280000000071, "goal": "G", "avg_bounces": 8.6512}, "size_1_a": {"p_red": 0.0022, "p_green": 0.997, "avg_time": 6.835280000000007, "goal": "G", "avg_bounces": 8.3224}, "porous_6_b": {"p_red": 0.0018, "p_green": 0.9978, "avg_time": 4.64195000000001, "goal": "G", "avg_bounces": 2.6708}, "porous_6_c": {"p_red": 0.2942, "p_green": 0.7058, "avg_time": 4.04394, "goal": "G", "avg_bounces": 2.1948}, "size_6_c": {"p_red": 0.0, "p_green": 0.9996, "avg_time": 3.3622500000000137, "goal": "G", "avg_bounces": 2.351}, "porous_6_a": {"p_red": 0.0, "p_green": 0.9994, "avg_time": 4.705050000000011, "goal": "G", "avg_bounces": 2.674}, "complex_1_b": {"p_red": 0.0, "p_green": 0.7426, "avg_time": 29.432780000000196, "goal": "G", "avg_bounces": 39.623}, "complex_1_c": {"p_red": 0.0002, "p_green": 0.722, "avg_time": 26.29499000000056, "goal": "G", "avg_bounces": 46.8454}, "complex_1_a": {"p_red": 0.0, "p_green": 1.0, "avg_time": 2.307180000000005, "goal": "G", "avg_bounces": 2.214}, "porous_1_a": {"p_red": 0.0004, "p_green": 0.9996, "avg_time": 2.0649300000000026, "goal": "G", "avg_bounces": 1.5818}, "porous_4_b": {"p_red": 0.0, "p_green": 0.9998, "avg_time": 4.248130000000015, "goal": "G", "avg_bounces": 3.7012}, "porous_1_c": {"p_red": 0.0028, "p_green": 0.9972, "avg_time": 2.0560600000000013, "goal": "G", "avg_bounces": 1.5372}, "porous_1_b": {"p_red": 0.0012, "p_green": 0.9984, "avg_time": 2.0758799999999975, "goal": "G", "avg_bounces": 1.5336}, "size_3_a": {"p_red": 0.0016, "p_green": 0.9954, "avg_time": 6.719980000000009, "goal": "G", "avg_bounces": 20.4596}, "size_3_b": {"p_red": 0.0, "p_green": 0.9824, "avg_time": 10.551230000000041, "goal": "G", "avg_bounces": 20.1542}, "size_3_c": {"p_red": 0.0, "p_green": 0.9574, "avg_time": 13.76083000000008, "goal": "G", "avg_bounces": 18.3614}, "porous_4_a": {"p_red": 0.0, "p_green": 0.9996, "avg_time": 4.283849999999999, "goal": "G", "avg_bounces": 3.7354}, "complex_2_a": {"p_red": 0.0, "p_green": 0.9946, "avg_time": 6.820520000000008, "goal": "G", "avg_bounces": 12.8434}, "complex_2_c": {"p_red": 0.0, "p_green": 0.8828, "avg_time": 14.897490000000168, "goal": "G", "avg_bounces": 41.0714}, "complex_2_b": {"p_red": 0.0, "p_green": 0.9736, "avg_time": 9.819830000000032, "goal": "G", "avg_bounces": 21.4112}, "size_4_c": {"p_red": 0.0, "p_green": 0.9986, "avg_time": 6.368529999999994, "goal": "G", "avg_bounces": 8.0262}, "size_4_b": {"p_red": 0.0004, "p_green": 0.9994, "avg_time": 4.666410000000007, "goal": "G", "avg_bounces": 8.3152}, "size_4_a": {"p_red": 0.0046, "p_green": 0.995, "avg_time": 2.983660000000002, "goal": "G", "avg_bounces": 8.4156}, "complex_5_b": {"p_red": 0.0, "p_green": 0.9918, "avg_time": 6.432129999999992, "goal": "G", "avg_bounces": 10.998}, "complex_5_c": {"p_red": 0.0, "p_green": 0.9704, "avg_time": 7.462270000000028, "goal": "G", "avg_bounces": 17.8252}, "complex_5_a": {"p_red": 0.0, "p_green": 0.9998, "avg_time": 3.222170000000007, "goal": "G", "avg_bounces": 2.7234}, "size_5_b": {"p_red": 0.0066, "p_green": 0.99, "avg_time": 4.009480000000005, "goal": "G", "avg_bounces": 5.3252}, "size_5_c": {"p_red": 0.0, "p_green": 0.9928, "avg_time": 7.090699999999993, "goal": "G", "avg_bounces": 8.0104}, "size_6_b": {"p_red": 0.0, "p_green": 1.0, "avg_time": 2.251670000000005, "goal": "G", "avg_bounces": 2.0076}, "size_5_a": {"p_red": 0.0006, "p_green": 0.9994, "avg_time": 2.2475100000000046, "goal": "G", "avg_bounces": 4.885}, "stopper_6_a": {"p_red": 0.0,