{"Dims": [1000, 620], "Walls": [[[40, 65], [66, 306], [0, 0, 0], 1.0], [[62, 306], [88, 495], [0, 0, 0], 1.0], [[66, 65], [302, 91], [0, 0, 0], 1.0], [[66, 280], [88, 306], [0, 0, 0], 1.0], [[88, 469], [143, 495], [0, 0, 0], 1.0], [[117, 280], [143, 469], [0, 0, 0], 1.0], [[143, 280], [407, 306], [0, 0, 0], 1.0], [[276, 30], [302, 65], [0, 0, 0], 1.0], [[302, 30], [609, 56], [0, 0, 0], 1.0], [[381, 306], [434, 324], [0, 0, 0], 1.0], [[407, 298], [434, 306], [0, 0, 0], 1.0], [[408, 324], [434, 432], [0, 0, 0], 1.0], [[434, 406], [627, 432], [0, 0, 0], 1.0], [[583, 56], [609, 143], [0, 0, 0], 1.0], [[601, 358], [627, 406], [0, 0, 0], 1.0], [[609, 117], [925, 143], [0, 0, 0], 1.0], [[627, 358], [878, 384], [0, 0, 0], 1.0], [[852, 384], [878, 616], [0, 0, 0], 1.0], [[878, 590], [1000, 616], [0, 0, 0], 1.0], [[899, 143], [925, 354], [0, 0, 0], 1.0], [[925, 328], [1000, 354], [0, 0, 0], 1.0], [[974, 354], [1000, 590], [0, 0, 0], 1.0]], "Ball": [[753, 276], [-37.09887254731423, 297.69728526763242], 20, [0, 0, 255], 1.0], "Name": "RandomTrial_0711", "Occluders": [], "AbnormWalls": [], "ClosedEnds": [1, 3, 2, 4], "Goals": [[[554, 294], [630, 338], 201, [255, 0, 0]], [[701, 476], [776, 508], 202, [0, 255, 0]]], "Paddle": null, "BKColor": [255, 255, 255]}