{"Dims": [1000, 620], "Walls": [[[20, 217], [46, 419], [0, 0, 0], 1.0], [[46, 217], [247, 243], [0, 0, 0], 1.0], [[46, 393], [99, 419], [0, 0, 0], 1.0], [[73, 419], [99, 552], [0, 0, 0], 1.0], [[99, 526], [231, 552], [0, 0, 0], 1.0], [[205, 552], [231, 620], [0, 0, 0], 1.0], [[221, 185], [247, 217], [0, 0, 0], 1.0], [[229, 111], [255, 185], [0, 0, 0], 1.0], [[231, 596], [664, 620], [0, 0, 0], 1.0], [[247, 185], [255, 211], [0, 0, 0], 1.0], [[255, 111], [365, 137], [0, 0, 0], 1.0], [[278, 526], [308, 596], [0, 0, 0], 1.0], [[339, 100], [472, 111], [0, 0, 0], 1.0], [[353, 393], [379, 546], [0, 0, 0], 1.0], [[365, 111], [472, 126], [0, 0, 0], 1.0], [[379, 393], [428, 419], [0, 0, 0], 1.0], [[379, 520], [514, 546], [0, 0, 0], 1.0], [[402, 419], [428, 479], [0, 0, 0], 1.0], [[428, 453], [514, 479], [0, 0, 0], 1.0], [[432, 126], [472, 137], [0, 0, 0], 1.0], [[446, 82], [869, 100], [0, 0, 0], 1.0], [[472, 100], [869, 108], [0, 0, 0], 1.0], [[488, 479], [514, 520], [0, 0, 0], 1.0], [[577, 453], [603, 546], [0, 0, 0], 1.0], [[603, 453], [677, 479], [0, 0, 0], 1.0], [[603, 520], [664, 546], [0, 0, 0], 1.0], [[638, 546], [664, 596], [0, 0, 0], 1.0], [[651, 404], [677, 453], [0, 0, 0], 1.0], [[677, 404], [894, 430], [0, 0, 0], 1.0], [[825, 292], [894, 330], [0, 0, 0], 1.0], [[843, 108], [869, 161], [0, 0, 0], 1.0], [[868, 430], [1000, 431], [0, 0, 0], 1.0], [[869, 135], [1000, 161], [0, 0, 0], 1.0], [[894, 405], [1000, 430], [0, 0, 0], 1.0], [[974, 161], [1000, 405], [0, 0, 0], 1.0]], "Ball": [[751, 375], [-297.4099289789504, -39.336168404353643], 20, [0, 0, 255], 1.0], "Name": "RandomTrial_2249", "Occluders": [], "AbnormWalls": [], "ClosedEnds": [1, 3, 2, 4], "Goals": [[[268, 219], [341, 257], 201, [255, 0, 0]], [[38, 121], [113, 177], 202, [0, 255, 0]]], "Paddle": null, "BKColor": [255, 255, 255]}