{"Dims": [1000, 620], "Walls": [[[55, 271], [81, 435], [0, 0, 0], 1.0], [[56, 215], [82, 271], [0, 0, 0], 1.0], [[56, 435], [82, 533], [0, 0, 0], 1.0], [[81, 271], [82, 297], [0, 0, 0], 1.0], [[81, 409], [82, 435], [0, 0, 0], 1.0], [[82, 215], [320, 241], [0, 0, 0], 1.0], [[82, 507], [229, 533], [0, 0, 0], 1.0], [[203, 533], [421, 547], [0, 0, 0], 1.0], [[229, 521], [480, 533], [0, 0, 0], 1.0], [[294, 41], [320, 215], [0, 0, 0], 1.0], [[320, 41], [461, 67], [0, 0, 0], 1.0], [[395, 507], [480, 521], [0, 0, 0], 1.0], [[435, 37], [583, 41], [0, 0, 0], 1.0], [[454, 239], [480, 297], [0, 0, 0], 1.0], [[454, 449], [480, 507], [0, 0, 0], 1.0], [[460, 297], [486, 393], [0, 0, 0], 1.0], [[461, 41], [542, 63], [0, 0, 0], 1.0], [[480, 239], [513, 265], [0, 0, 0], 1.0], [[480, 271], [486, 297], [0, 0, 0], 1.0], [[480, 449], [691, 475], [0, 0, 0], 1.0], [[486, 367], [691, 393], [0, 0, 0], 1.0], [[487, 220], [560, 239], [0, 0, 0], 1.0], [[513, 239], [560, 246], [0, 0, 0], 1.0], [[516, 19], [583, 37], [0, 0, 0], 1.0], [[534, 246], [560, 356], [0, 0, 0], 1.0], [[542, 41], [583, 45], [0, 0, 0], 1.0], [[557, 9], [906, 19], [0, 0, 0], 1.0], [[560, 330], [780, 356], [0, 0, 0], 1.0], [[583, 19], [906, 35], [0, 0, 0], 1.0], [[665, 393], [691, 449], [0, 0, 0], 1.0], [[735, 62], [761, 181], [0, 0, 0], 1.0], [[754, 356], [780, 470], [0, 0, 0], 1.0], [[761, 62], [906, 88], [0, 0, 0], 1.0], [[761, 155], [845, 181], [0, 0, 0], 1.0], [[780, 444], [1000, 470], [0, 0, 0], 1.0], [[819, 181], [1000, 190], [0, 0, 0], 1.0], [[845, 164], [1000, 181], [0, 0, 0], 1.0], [[880, 35], [906, 62], [0, 0, 0], 1.0], [[974, 190], [1000, 444], [0, 0, 0], 1.0]], "Ball": [[516, 128], [-237.35023610907652, 183.47987742247275], 20, [0, 0, 255], 1.0], "Name": "RandomTrial_2894", "Occluders": [], "AbnormWalls": [], "ClosedEnds": [1, 3, 2, 4], "Goals": [[[207, 458], [240, 487], 201, [255, 0, 0]], [[730, 521], [770, 554], 202, [0, 255, 0]]], "Paddle": null, "BKColor": [255, 255, 255]}