{"Dims": [1000, 620], "Walls": [[[331, 96], [357, 367], [0, 0, 0], 1.0], [[337, 7], [363, 96], [0, 0, 0], 1.0], [[357, 96], [363, 122], [0, 0, 0], 1.0], [[357, 341], [454, 367], [0, 0, 0], 1.0], [[363, 7], [661, 33], [0, 0, 0], 1.0], [[428, 367], [454, 435], [0, 0, 0], 1.0], [[454, 409], [606, 435], [0, 0, 0], 1.0], [[580, 435], [606, 620], [0, 0, 0], 1.0], [[606, 596], [813, 620], [0, 0, 0], 1.0], [[635, 33], [764, 51], [0, 0, 0], 1.0], [[661, 25], [758, 33], [0, 0, 0], 1.0], [[732, 51], [764, 53], [0, 0, 0], 1.0], [[738, 53], [764, 102], [0, 0, 0], 1.0], [[758, 27], [764, 33], [0, 0, 0], 1.0], [[764, 76], [820, 102], [0, 0, 0], 1.0], [[787, 409], [813, 596], [0, 0, 0], 1.0], [[794, 102], [820, 137], [0, 0, 0], 1.0], [[813, 409], [901, 435], [0, 0, 0], 1.0], [[820, 111], [1000, 137], [0, 0, 0], 1.0], [[875, 341], [901, 409], [0, 0, 0], 1.0], [[901, 341], [1000, 367], [0, 0, 0], 1.0], [[974, 137], [1000, 341], [0, 0, 0], 1.0]], "Ball": [[519, 307], [219.53686584075746, -204.45920017650772], 20, [0, 0, 255], 1.0], "Name": "RandomTrial_2107", "Occluders": [], "AbnormWalls": [], "ClosedEnds": [1, 3, 2, 4], "Goals": [[[425, 100], [504, 138], 201, [255, 0, 0]], [[918, 64], [962, 110], 202, [0, 255, 0]]], "Paddle": null, "BKColor": [255, 255, 255]}