{"Dims": [1000, 620], "Walls": [[[37, 228], [63, 531], [0, 0, 0], 1.0], [[63, 228], [160, 254], [0, 0, 0], 1.0], [[63, 505], [182, 531], [0, 0, 0], 1.0], [[134, 2], [160, 228], [0, 0, 0], 1.0], [[156, 531], [182, 620], [0, 0, 0], 1.0], [[160, 2], [333, 28], [0, 0, 0], 1.0], [[182, 594], [414, 620], [0, 0, 0], 1.0], [[307, 28], [333, 234], [0, 0, 0], 1.0], [[333, 208], [513, 234], [0, 0, 0], 1.0], [[388, 505], [414, 594], [0, 0, 0], 1.0], [[389, 414], [415, 505], [0, 0, 0], 1.0], [[414, 505], [415, 531], [0, 0, 0], 1.0], [[415, 414], [561, 440], [0, 0, 0], 1.0], [[470, 455], [496, 569], [0, 0, 0], 1.0], [[487, 234], [513, 298], [0, 0, 0], 1.0], [[496, 455], [561, 481], [0, 0, 0], 1.0], [[496, 543], [590, 569], [0, 0, 0], 1.0], [[513, 272], [852, 298], [0, 0, 0], 1.0], [[535, 440], [561, 455], [0, 0, 0], 1.0], [[564, 569], [590, 620], [0, 0, 0], 1.0], [[590, 595], [803, 620], [0, 0, 0], 1.0], [[683, 414], [709, 481], [0, 0, 0], 1.0], [[709, 414], [749, 440], [0, 0, 0], 1.0], [[709, 455], [749, 481], [0, 0, 0], 1.0], [[723, 440], [749, 455], [0, 0, 0], 1.0], [[777, 543], [803, 595], [0, 0, 0], 1.0], [[803, 543], [945, 569], [0, 0, 0], 1.0], [[826, 298], [852, 327], [0, 0, 0], 1.0], [[852, 301], [956, 327], [0, 0, 0], 1.0], [[919, 516], [945, 543], [0, 0, 0], 1.0], [[930, 327], [956, 516], [0, 0, 0], 1.0], [[945, 516], [956, 542], [0, 0, 0], 1.0]], "Ball": [[664, 325], [-275.18027632277546, -119.48144426194781], 20, [0, 0, 255], 1.0], "Name": "RandomTrial_2371", "Occluders": [], "AbnormWalls": [], "ClosedEnds": [1, 3, 2, 4], "Goals": [[[206, 229], [264, 252], 201, [255, 0, 0]], [[931, 574], [965, 596], 202, [0, 255, 0]]], "Paddle": null, "BKColor": [255, 255, 255]}