{"Dims": [1000, 620], "Walls": [[[19, 106], [45, 234], [0, 0, 0], 1.0], [[45, 106], [113, 132], [0, 0, 0], 1.0], [[45, 208], [113, 234], [0, 0, 0], 1.0], [[87, 6], [113, 106], [0, 0, 0], 1.0], [[87, 234], [113, 324], [0, 0, 0], 1.0], [[113, 6], [462, 32], [0, 0, 0], 1.0], [[113, 298], [421, 324], [0, 0, 0], 1.0], [[395, 324], [421, 552], [0, 0, 0], 1.0], [[421, 526], [511, 552], [0, 0, 0], 1.0], [[436, 32], [462, 137], [0, 0, 0], 1.0], [[436, 211], [462, 306], [0, 0, 0], 1.0], [[462, 111], [631, 137], [0, 0, 0], 1.0], [[462, 211], [505, 237], [0, 0, 0], 1.0], [[462, 280], [505, 306], [0, 0, 0], 1.0], [[479, 237], [505, 280], [0, 0, 0], 1.0], [[485, 401], [511, 526], [0, 0, 0], 1.0], [[511, 401], [850, 427], [0, 0, 0], 1.0], [[605, 137], [631, 180], [0, 0, 0], 1.0], [[631, 154], [951, 180], [0, 0, 0], 1.0], [[824, 427], [850, 620], [0, 0, 0], 1.0], [[850, 596], [1000, 620], [0, 0, 0], 1.0], [[925, 180], [951, 386], [0, 0, 0], 1.0], [[951, 360], [1000, 386], [0, 0, 0], 1.0], [[974, 386], [1000, 596], [0, 0, 0], 1.0]], "Ball": [[406, 133], [-296.7197014980847, -44.242725310354778], 20, [0, 0, 255], 1.0], "Name": "RandomTrial_0496", "Occluders": [], "AbnormWalls": [], "ClosedEnds": [1, 3, 2, 4], "Goals": [[[168, 198], [219, 248], 201, [255, 0, 0]], [[91, 329], [144, 354], 202, [0, 255, 0]]], "Paddle": null, "BKColor": [255, 255, 255]}