{"Dims": [1000, 620], "Walls": [[[13, 61], [39, 343], [0, 0, 0], 1.0], [[36, 343], [62, 484], [0, 0, 0], 1.0], [[39, 61], [403, 87], [0, 0, 0], 1.0], [[39, 317], [62, 343], [0, 0, 0], 1.0], [[62, 458], [251, 484], [0, 0, 0], 1.0], [[156, 528], [182, 620], [0, 0, 0], 1.0], [[182, 528], [245, 554], [0, 0, 0], 1.0], [[182, 596], [620, 620], [0, 0, 0], 1.0], [[219, 484], [245, 528], [0, 0, 0], 1.0], [[245, 484], [251, 486], [0, 0, 0], 1.0], [[377, 87], [403, 178], [0, 0, 0], 1.0], [[403, 152], [468, 178], [0, 0, 0], 1.0], [[442, 31], [468, 152], [0, 0, 0], 1.0], [[468, 31], [886, 57], [0, 0, 0], 1.0], [[594, 548], [620, 596], [0, 0, 0], 1.0], [[620, 548], [931, 574], [0, 0, 0], 1.0], [[710, 392], [736, 457], [0, 0, 0], 1.0], [[736, 392], [857, 418], [0, 0, 0], 1.0], [[736, 431], [931, 457], [0, 0, 0], 1.0], [[831, 312], [857, 392], [0, 0, 0], 1.0], [[857, 312], [886, 338], [0, 0, 0], 1.0], [[860, 57], [886, 138], [0, 0, 0], 1.0], [[860, 216], [886, 312], [0, 0, 0], 1.0], [[886, 112], [925, 138], [0, 0, 0], 1.0], [[886, 216], [925, 242], [0, 0, 0], 1.0], [[899, 138], [925, 216], [0, 0, 0], 1.0], [[905, 457], [931, 548], [0, 0, 0], 1.0]], "Ball": [[433, 364], [66.139586921330661, 292.61844617500748], 20, [0, 0, 255], 1.0], "Name": "RandomTrial_2660", "Occluders": [], "AbnormWalls": [], "ClosedEnds": [1, 3, 2, 4], "Goals": [[[619, 299], [653, 329], 201, [255, 0, 0]], [[881, 341], [936, 370], 202, [0, 255, 0]]], "Paddle": null, "BKColor": [255, 255, 255]}