{"Dims": [1000, 620], "Walls": [[[53, 68], [79, 183], [0, 0, 0], 1.0], [[79, 68], [462, 94], [0, 0, 0], 1.0], [[79, 157], [115, 183], [0, 0, 0], 1.0], [[89, 183], [115, 253], [0, 0, 0], 1.0], [[115, 227], [263, 253], [0, 0, 0], 1.0], [[237, 253], [263, 400], [0, 0, 0], 1.0], [[260, 400], [286, 504], [0, 0, 0], 1.0], [[263, 374], [286, 400], [0, 0, 0], 1.0], [[286, 478], [475, 504], [0, 0, 0], 1.0], [[436, 94], [462, 141], [0, 0, 0], 1.0], [[449, 374], [475, 478], [0, 0, 0], 1.0], [[462, 115], [532, 141], [0, 0, 0], 1.0], [[475, 374], [506, 400], [0, 0, 0], 1.0], [[480, 400], [506, 553], [0, 0, 0], 1.0], [[506, 141], [532, 202], [0, 0, 0], 1.0], [[506, 527], [903, 553], [0, 0, 0], 1.0], [[532, 176], [589, 202], [0, 0, 0], 1.0], [[563, 39], [589, 176], [0, 0, 0], 1.0], [[589, 39], [900, 65], [0, 0, 0], 1.0], [[874, 65], [900, 315], [0, 0, 0], 1.0], [[877, 315], [903, 527], [0, 0, 0], 1.0], [[900, 289], [903, 315], [0, 0, 0], 1.0]], "Ball": [[737, 403], [-148.48550570468302, 260.67614888137456], 20, [0, 0, 255], 1.0], "Name": "RandomTrial_0105", "Occluders": [], "AbnormWalls": [], "ClosedEnds": [1, 3, 2, 4], "Goals": [[[366, 373], [430, 412], 201, [255, 0, 0]], [[186, 421], [255, 489], 202, [0, 255, 0]]], "Paddle": null, "BKColor": [255, 255, 255]}