{"Dims": [1000, 620], "Walls": [[[103, 393], [129, 544], [0, 0, 0], 1.0], [[105, 271], [131, 393], [0, 0, 0], 1.0], [[129, 393], [131, 419], [0, 0, 0], 1.0], [[129, 518], [263, 544], [0, 0, 0], 1.0], [[131, 271], [208, 297], [0, 0, 0], 1.0], [[142, 80], [168, 233], [0, 0, 0], 1.0], [[168, 80], [443, 106], [0, 0, 0], 1.0], [[168, 207], [407, 233], [0, 0, 0], 1.0], [[182, 245], [374, 271], [0, 0, 0], 1.0], [[237, 544], [263, 620], [0, 0, 0], 1.0], [[263, 596], [1000, 620], [0, 0, 0], 1.0], [[348, 271], [407, 297], [0, 0, 0], 1.0], [[381, 233], [407, 271], [0, 0, 0], 1.0], [[417, 106], [443, 218], [0, 0, 0], 1.0], [[443, 192], [513, 218], [0, 0, 0], 1.0], [[447, 311], [473, 425], [0, 0, 0], 1.0], [[473, 311], [682, 337], [0, 0, 0], 1.0], [[473, 399], [815, 425], [0, 0, 0], 1.0], [[487, 218], [682, 219], [0, 0, 0], 1.0], [[513, 193], [682, 218], [0, 0, 0], 1.0], [[656, 219], [682, 311], [0, 0, 0], 1.0], [[789, 381], [996, 399], [0, 0, 0], 1.0], [[815, 399], [1000, 407], [0, 0, 0], 1.0], [[970, 407], [1000, 410], [0, 0, 0], 1.0], [[970, 442], [996, 522], [0, 0, 0], 1.0], [[974, 410], [1000, 442], [0, 0, 0], 1.0], [[974, 522], [1000, 596], [0, 0, 0], 1.0], [[996, 384], [1000, 399], [0, 0, 0], 1.0], [[996, 442], [1000, 468], [0, 0, 0], 1.0], [[996, 496], [1000, 522], [0, 0, 0], 1.0]], "Ball": [[429, 561], [276.82567950287648, 115.6180918704798], 20, [0, 0, 255], 1.0], "Name": "RandomTrial_2910", "Occluders": [], "AbnormWalls": [], "ClosedEnds": [1, 3, 2, 4], "Goals": [[[708, 512], [768, 573], 201, [255, 0, 0]], [[157, 574], [196, 596], 202, [0, 255, 0]]], "Paddle": null, "BKColor": [255, 255, 255]}