{"Dims": [1000, 620], "Walls": [[[8, 104], [34, 282], [0, 0, 0], 1.0], [[13, 282], [200, 298], [0, 0, 0], 1.0], [[34, 104], [102, 130], [0, 0, 0], 1.0], [[34, 256], [39, 282], [0, 0, 0], 1.0], [[39, 272], [200, 282], [0, 0, 0], 1.0], [[76, 75], [102, 104], [0, 0, 0], 1.0], [[102, 75], [229, 101], [0, 0, 0], 1.0], [[147, 298], [173, 525], [0, 0, 0], 1.0], [[173, 298], [200, 312], [0, 0, 0], 1.0], [[173, 499], [339, 525], [0, 0, 0], 1.0], [[203, 101], [229, 155], [0, 0, 0], 1.0], [[229, 129], [272, 155], [0, 0, 0], 1.0], [[246, 155], [430, 156], [0, 0, 0], 1.0], [[272, 130], [375, 155], [0, 0, 0], 1.0], [[313, 394], [361, 435], [0, 0, 0], 1.0], [[313, 435], [339, 499], [0, 0, 0], 1.0], [[349, 156], [430, 179], [0, 0, 0], 1.0], [[361, 409], [434, 435], [0, 0, 0], 1.0], [[375, 153], [430, 155], [0, 0, 0], 1.0], [[404, 98], [430, 153], [0, 0, 0], 1.0], [[408, 394], [766, 409], [0, 0, 0], 1.0], [[430, 98], [576, 124], [0, 0, 0], 1.0], [[434, 409], [612, 420], [0, 0, 0], 1.0], [[550, 124], [576, 179], [0, 0, 0], 1.0], [[576, 153], [619, 179], [0, 0, 0], 1.0], [[586, 420], [612, 548], [0, 0, 0], 1.0], [[591, 380], [888, 394], [0, 0, 0], 1.0], [[593, 179], [619, 212], [0, 0, 0], 1.0], [[612, 409], [766, 415], [0, 0, 0], 1.0], [[612, 522], [766, 548], [0, 0, 0], 1.0], [[619, 186], [888, 212], [0, 0, 0], 1.0], [[740, 415], [766, 522], [0, 0, 0], 1.0], [[766, 394], [888, 406], [0, 0, 0], 1.0], [[862, 212], [888, 380], [0, 0, 0], 1.0]], "Ball": [[80, 224], [299.8276852095367, 10.166571786544436], 20, [0, 0, 255], 1.0], "Name": "RandomTrial_1412", "Occluders": [], "AbnormWalls": [], "ClosedEnds": [1, 3, 2, 4], "Goals": [[[460, 277], [531, 325], 201, [255, 0, 0]], [[354, 494], [404, 553], 202, [0, 255, 0]]], "Paddle": null, "BKColor": [255, 255, 255]}