{"Dims": [1000, 620], "Walls": [[[139, 158], [165, 337], [0, 0, 0], 1.0], [[155, 337], [181, 445], [0, 0, 0], 1.0], [[165, 158], [278, 184], [0, 0, 0], 1.0], [[165, 311], [181, 337], [0, 0, 0], 1.0], [[181, 419], [308, 445], [0, 0, 0], 1.0], [[252, 184], [278, 278], [0, 0, 0], 1.0], [[278, 252], [359, 278], [0, 0, 0], 1.0], [[282, 445], [308, 485], [0, 0, 0], 1.0], [[308, 459], [636, 485], [0, 0, 0], 1.0], [[320, 44], [346, 252], [0, 0, 0], 1.0], [[346, 44], [409, 70], [0, 0, 0], 1.0], [[346, 228], [359, 252], [0, 0, 0], 1.0], [[383, 0], [409, 44], [0, 0, 0], 1.0], [[409, 0], [580, 26], [0, 0, 0], 1.0], [[437, 298], [488, 367], [0, 0, 0], 1.0], [[437, 367], [463, 402], [0, 0, 0], 1.0], [[463, 376], [636, 402], [0, 0, 0], 1.0], [[487, 261], [539, 298], [0, 0, 0], 1.0], [[488, 298], [539, 311], [0, 0, 0], 1.0], [[488, 341], [539, 367], [0, 0, 0], 1.0], [[513, 311], [539, 341], [0, 0, 0], 1.0], [[539, 261], [983, 287], [0, 0, 0], 1.0], [[554, 26], [741, 34], [0, 0, 0], 1.0], [[580, 8], [741, 26], [0, 0, 0], 1.0], [[610, 402], [636, 459], [0, 0, 0], 1.0], [[715, 34], [741, 70], [0, 0, 0], 1.0], [[726, 70], [752, 108], [0, 0, 0], 1.0], [[741, 44], [752, 70], [0, 0, 0], 1.0], [[752, 82], [807, 108], [0, 0, 0], 1.0], [[781, 9], [807, 82], [0, 0, 0], 1.0], [[807, 9], [1000, 35], [0, 0, 0], 1.0], [[957, 260], [1000, 261], [0, 0, 0], 1.0], [[974, 35], [1000, 260], [0, 0, 0], 1.0], [[983, 261], [1000, 286], [0, 0, 0], 1.0]], "Ball": [[356, 316], [273.34286132428349, -123.62718213667061], 20, [0, 0, 255], 1.0], "Name": "RandomTrial_2997", "Occluders": [], "AbnormWalls": [], "ClosedEnds": [1, 3, 2, 4], "Goals": [[[491, 49], [535, 72], 201, [255, 0, 0]], [[645, 427], [701, 489], 202, [0, 255, 0]]], "Paddle": null, "BKColor": [255, 255, 255]}