{"Dims": [1000, 620], "Walls": [[[5, 414], [31, 620], [0, 0, 0], 1.0], [[20, 207], [46, 324], [0, 0, 0], 1.0], [[31, 324], [128, 328], [0, 0, 0], 1.0], [[31, 414], [128, 440], [0, 0, 0], 1.0], [[31, 596], [279, 620], [0, 0, 0], 1.0], [[46, 207], [260, 233], [0, 0, 0], 1.0], [[46, 298], [57, 324], [0, 0, 0], 1.0], [[57, 302], [128, 324], [0, 0, 0], 1.0], [[102, 328], [128, 414], [0, 0, 0], 1.0], [[234, 233], [565, 235], [0, 0, 0], 1.0], [[253, 430], [279, 596], [0, 0, 0], 1.0], [[260, 209], [565, 233], [0, 0, 0], 1.0], [[279, 430], [318, 456], [0, 0, 0], 1.0], [[292, 456], [318, 620], [0, 0, 0], 1.0], [[318, 596], [789, 620], [0, 0, 0], 1.0], [[530, 87], [556, 188], [0, 0, 0], 1.0], [[539, 188], [565, 209], [0, 0, 0], 1.0], [[556, 87], [901, 113], [0, 0, 0], 1.0], [[556, 162], [565, 188], [0, 0, 0], 1.0], [[763, 390], [789, 466], [0, 0, 0], 1.0], [[763, 539], [789, 596], [0, 0, 0], 1.0], [[767, 466], [938, 482], [0, 0, 0], 1.0], [[789, 390], [895, 416], [0, 0, 0], 1.0], [[789, 440], [793, 466], [0, 0, 0], 1.0], [[789, 539], [951, 565], [0, 0, 0], 1.0], [[793, 456], [938, 466], [0, 0, 0], 1.0], [[869, 162], [901, 210], [0, 0, 0], 1.0], [[869, 265], [895, 390], [0, 0, 0], 1.0], [[875, 113], [901, 162], [0, 0, 0], 1.0], [[895, 265], [1000, 291], [0, 0, 0], 1.0], [[901, 184], [1000, 210], [0, 0, 0], 1.0], [[912, 291], [938, 456], [0, 0, 0], 1.0], [[925, 512], [951, 539], [0, 0, 0], 1.0], [[938, 291], [1000, 301], [0, 0, 0], 1.0], [[951, 512], [1000, 538], [0, 0, 0], 1.0], [[974, 210], [1000, 265], [0, 0, 0], 1.0], [[974, 301], [1000, 512], [0, 0, 0], 1.0]], "Ball": [[541, 353], [297.46998779910672, -38.879382181296371], 20, [0, 0, 255], 1.0], "Name": "RandomTrial_1565", "Occluders": [], "AbnormWalls": [], "ClosedEnds": [1, 3, 2, 4], "Goals": [[[702, 136], [775, 173], 201, [255, 0, 0]], [[194, 91], [269, 112], 202, [0, 255, 0]]], "Paddle": null, "BKColor": [255, 255, 255]}