{"Dims": [1000, 620], "Walls": [[[48, 25], [74, 334], [0, 0, 0], 1.0], [[69, 334], [95, 403], [0, 0, 0], 1.0], [[74, 25], [349, 51], [0, 0, 0], 1.0], [[74, 308], [271, 334], [0, 0, 0], 1.0], [[95, 334], [271, 341], [0, 0, 0], 1.0], [[95, 377], [271, 403], [0, 0, 0], 1.0], [[245, 403], [271, 620], [0, 0, 0], 1.0], [[271, 596], [1000, 620], [0, 0, 0], 1.0], [[323, 1], [513, 25], [0, 0, 0], 1.0], [[349, 25], [560, 27], [0, 0, 0], 1.0], [[414, 312], [496, 341], [0, 0, 0], 1.0], [[414, 377], [440, 507], [0, 0, 0], 1.0], [[440, 377], [496, 403], [0, 0, 0], 1.0], [[440, 481], [534, 507], [0, 0, 0], 1.0], [[470, 341], [496, 377], [0, 0, 0], 1.0], [[487, 27], [560, 51], [0, 0, 0], 1.0], [[496, 312], [616, 338], [0, 0, 0], 1.0], [[508, 338], [534, 481], [0, 0, 0], 1.0], [[534, 51], [616, 67], [0, 0, 0], 1.0], [[534, 338], [578, 362], [0, 0, 0], 1.0], [[560, 41], [616, 51], [0, 0, 0], 1.0], [[578, 338], [1000, 361], [0, 0, 0], 1.0], [[590, 67], [616, 312], [0, 0, 0], 1.0], [[616, 335], [858, 338], [0, 0, 0], 1.0], [[832, 361], [1000, 362], [0, 0, 0], 1.0], [[858, 336], [1000, 338], [0, 0, 0], 1.0], [[974, 362], [1000, 596], [0, 0, 0], 1.0]], "Ball": [[428, 540], [-191.65991988508617, -230.79530998190228], 20, [0, 0, 255], 1.0], "Name": "RandomTrial_1533", "Occluders": [], "AbnormWalls": [], "ClosedEnds": [1, 3, 2, 4], "Goals": [[[453, 137], [519, 196], 201, [255, 0, 0]], [[643, 117], [707, 161], 202, [0, 255, 0]]], "Paddle": null, "BKColor": [255, 255, 255]}