{"Dims": [1000, 620], "Walls": [[[16, 398], [42, 495], [0, 0, 0], 1.0], [[42, 398], [113, 424], [0, 0, 0], 1.0], [[42, 469], [113, 495], [0, 0, 0], 1.0], [[87, 233], [113, 398], [0, 0, 0], 1.0], [[87, 495], [113, 554], [0, 0, 0], 1.0], [[113, 233], [164, 259], [0, 0, 0], 1.0], [[113, 528], [285, 554], [0, 0, 0], 1.0], [[138, 153], [164, 233], [0, 0, 0], 1.0], [[160, 143], [279, 153], [0, 0, 0], 1.0], [[164, 153], [186, 179], [0, 0, 0], 1.0], [[186, 153], [279, 169], [0, 0, 0], 1.0], [[253, 117], [670, 143], [0, 0, 0], 1.0], [[259, 554], [285, 620], [0, 0, 0], 1.0], [[285, 596], [396, 620], [0, 0, 0], 1.0], [[370, 528], [396, 596], [0, 0, 0], 1.0], [[396, 528], [520, 554], [0, 0, 0], 1.0], [[462, 172], [513, 223], [0, 0, 0], 1.0], [[487, 223], [606, 246], [0, 0, 0], 1.0], [[494, 554], [520, 613], [0, 0, 0], 1.0], [[513, 172], [670, 198], [0, 0, 0], 1.0], [[513, 220], [606, 223], [0, 0, 0], 1.0], [[520, 587], [967, 613], [0, 0, 0], 1.0], [[580, 246], [606, 288], [0, 0, 0], 1.0], [[606, 262], [936, 288], [0, 0, 0], 1.0], [[644, 143], [670, 172], [0, 0, 0], 1.0], [[910, 288], [936, 380], [0, 0, 0], 1.0], [[936, 354], [967, 380], [0, 0, 0], 1.0], [[941, 380], [967, 587], [0, 0, 0], 1.0]], "Ball": [[475, 395], [299.28710905632431, -20.669454581769955], 20, [0, 0, 255], 1.0], "Name": "RandomTrial_0680", "Occluders": [], "AbnormWalls": [], "ClosedEnds": [1, 3, 2, 4], "Goals": [[[595, 309], [644, 340], 201, [255, 0, 0]], [[255, 3], [302, 70], 202, [0, 255, 0]]], "Paddle": null, "BKColor": [255, 255, 255]}