{"Dims": [1000, 620], "Walls": [[[0, 396], [26, 620], [0, 0, 0], 1.0], [[26, 396], [205, 422], [0, 0, 0], 1.0], [[26, 596], [733, 620], [0, 0, 0], 1.0], [[42, 179], [68, 305], [0, 0, 0], 1.0], [[68, 179], [222, 205], [0, 0, 0], 1.0], [[68, 279], [205, 305], [0, 0, 0], 1.0], [[179, 305], [205, 396], [0, 0, 0], 1.0], [[196, 164], [496, 179], [0, 0, 0], 1.0], [[222, 179], [367, 190], [0, 0, 0], 1.0], [[341, 153], [496, 164], [0, 0, 0], 1.0], [[343, 450], [369, 513], [0, 0, 0], 1.0], [[360, 513], [535, 531], [0, 0, 0], 1.0], [[369, 450], [535, 476], [0, 0, 0], 1.0], [[369, 487], [386, 513], [0, 0, 0], 1.0], [[386, 505], [535, 513], [0, 0, 0], 1.0], [[470, 51], [496, 153], [0, 0, 0], 1.0], [[496, 51], [672, 77], [0, 0, 0], 1.0], [[509, 476], [535, 505], [0, 0, 0], 1.0], [[646, 77], [672, 300], [0, 0, 0], 1.0], [[672, 274], [964, 300], [0, 0, 0], 1.0], [[707, 523], [733, 596], [0, 0, 0], 1.0], [[733, 523], [964, 549], [0, 0, 0], 1.0], [[938, 300], [964, 523], [0, 0, 0], 1.0]], "Ball": [[320, 470], [221.23851517803615, -202.61668095647468], 20, [0, 0, 255], 1.0], "Name": "RandomTrial_1393", "Occluders": [], "AbnormWalls": [], "ClosedEnds": [1, 3, 2, 4], "Goals": [[[646, 375], [705, 396], 201, [255, 0, 0]], [[47, 352], [79, 374], 202, [0, 255, 0]]], "Paddle": null, "BKColor": [255, 255, 255]}