{"Dims": [1000, 620], "Walls": [[[155, 54], [181, 229], [0, 0, 0], 1.0], [[181, 54], [361, 80], [0, 0, 0], 1.0], [[181, 203], [349, 229], [0, 0, 0], 1.0], [[323, 229], [349, 371], [0, 0, 0], 1.0], [[335, 80], [691, 92], [0, 0, 0], 1.0], [[349, 345], [403, 371], [0, 0, 0], 1.0], [[361, 66], [691, 80], [0, 0, 0], 1.0], [[377, 371], [403, 620], [0, 0, 0], 1.0], [[403, 596], [1000, 620], [0, 0, 0], 1.0], [[665, 92], [691, 140], [0, 0, 0], 1.0], [[666, 140], [692, 291], [0, 0, 0], 1.0], [[671, 291], [720, 361], [0, 0, 0], 1.0], [[691, 114], [692, 140], [0, 0, 0], 1.0], [[692, 265], [720, 291], [0, 0, 0], 1.0], [[694, 75], [720, 265], [0, 0, 0], 1.0], [[720, 75], [1000, 101], [0, 0, 0], 1.0], [[853, 338], [879, 493], [0, 0, 0], 1.0], [[879, 338], [1000, 364], [0, 0, 0], 1.0], [[879, 467], [1000, 493], [0, 0, 0], 1.0], [[974, 101], [1000, 338], [0, 0, 0], 1.0], [[974, 493], [1000, 596], [0, 0, 0], 1.0]], "Ball": [[779, 448], [-197.025717052559, 226.23188727481579], 20, [0, 0, 255], 1.0], "Name": "RandomTrial_0588", "Occluders": [], "AbnormWalls": [], "ClosedEnds": [1, 3, 2, 4], "Goals": [[[526, 252], [603, 301], 201, [255, 0, 0]], [[50, 481], [96, 543], 202, [0, 255, 0]]], "Paddle": null, "BKColor": [255, 255, 255]}