{"Dims": [1000, 620], "Walls": [[[13, 166], [39, 302], [0, 0, 0], 1.0], [[21, 96], [47, 166], [0, 0, 0], 1.0], [[39, 166], [74, 192], [0, 0, 0], 1.0], [[39, 276], [74, 302], [0, 0, 0], 1.0], [[47, 96], [443, 122], [0, 0, 0], 1.0], [[47, 150], [74, 166], [0, 0, 0], 1.0], [[48, 302], [74, 329], [0, 0, 0], 1.0], [[74, 303], [385, 329], [0, 0, 0], 1.0], [[219, 367], [245, 466], [0, 0, 0], 1.0], [[245, 367], [442, 393], [0, 0, 0], 1.0], [[245, 440], [523, 466], [0, 0, 0], 1.0], [[359, 329], [442, 347], [0, 0, 0], 1.0], [[385, 321], [442, 329], [0, 0, 0], 1.0], [[416, 347], [442, 367], [0, 0, 0], 1.0], [[417, 122], [503, 125], [0, 0, 0], 1.0], [[443, 99], [503, 122], [0, 0, 0], 1.0], [[477, 91], [765, 99], [0, 0, 0], 1.0], [[497, 466], [523, 589], [0, 0, 0], 1.0], [[498, 589], [524, 620], [0, 0, 0], 1.0], [[503, 99], [765, 117], [0, 0, 0], 1.0], [[523, 563], [524, 589], [0, 0, 0], 1.0], [[524, 596], [891, 620], [0, 0, 0], 1.0], [[734, 471], [760, 532], [0, 0, 0], 1.0], [[739, 117], [765, 160], [0, 0, 0], 1.0], [[760, 471], [892, 497], [0, 0, 0], 1.0], [[760, 506], [891, 532], [0, 0, 0], 1.0], [[765, 134], [908, 160], [0, 0, 0], 1.0], [[865, 532], [891, 596], [0, 0, 0], 1.0], [[866, 446], [1000, 471], [0, 0, 0], 1.0], [[882, 160], [908, 193], [0, 0, 0], 1.0], [[887, 193], [913, 256], [0, 0, 0], 1.0], [[892, 471], [1000, 472], [0, 0, 0], 1.0], [[908, 167], [913, 193], [0, 0, 0], 1.0], [[913, 230], [1000, 256], [0, 0, 0], 1.0], [[974, 256], [1000, 446], [0, 0, 0], 1.0]], "Ball": [[727, 342], [-215.18173915774494, -209.03784139013737], 20, [0, 0, 255], 1.0], "Name": "RandomTrial_2852", "Occluders": [], "AbnormWalls": [], "ClosedEnds": [1, 3, 2, 4], "Goals": [[[248, 223], [300, 273], 201, [255, 0, 0]], [[920, 495], [974, 523], 202, [0, 255, 0]]], "Paddle": null, "BKColor": [255, 255, 255]}