{"Dims": [1000, 620], "Walls": [[[59, 54], [85, 231], [0, 0, 0], 1.0], [[85, 54], [264, 80], [0, 0, 0], 1.0], [[85, 205], [194, 231], [0, 0, 0], 1.0], [[143, 231], [169, 325], [0, 0, 0], 1.0], [[169, 231], [194, 246], [0, 0, 0], 1.0], [[169, 299], [205, 325], [0, 0, 0], 1.0], [[179, 325], [207, 338], [0, 0, 0], 1.0], [[181, 338], [207, 402], [0, 0, 0], 1.0], [[205, 312], [207, 325], [0, 0, 0], 1.0], [[207, 376], [270, 402], [0, 0, 0], 1.0], [[238, 36], [513, 54], [0, 0, 0], 1.0], [[244, 312], [270, 376], [0, 0, 0], 1.0], [[264, 54], [705, 62], [0, 0, 0], 1.0], [[270, 312], [302, 338], [0, 0, 0], 1.0], [[276, 338], [302, 390], [0, 0, 0], 1.0], [[302, 364], [535, 390], [0, 0, 0], 1.0], [[487, 62], [705, 67], [0, 0, 0], 1.0], [[509, 352], [665, 364], [0, 0, 0], 1.0], [[513, 41], [705, 54], [0, 0, 0], 1.0], [[535, 364], [665, 378], [0, 0, 0], 1.0], [[639, 378], [665, 566], [0, 0, 0], 1.0], [[665, 540], [812, 566], [0, 0, 0], 1.0], [[679, 67], [705, 131], [0, 0, 0], 1.0], [[705, 105], [828, 131], [0, 0, 0], 1.0], [[786, 404], [812, 540], [0, 0, 0], 1.0], [[802, 131], [828, 240], [0, 0, 0], 1.0], [[812, 404], [872, 430], [0, 0, 0], 1.0], [[828, 214], [872, 240], [0, 0, 0], 1.0], [[846, 240], [872, 404], [0, 0, 0], 1.0]], "Ball": [[264, 159], [299.66944599102112, 14.079173961368726], 20, [0, 0, 255], 1.0], "Name": "RandomTrial_2666", "Occluders": [], "AbnormWalls": [], "ClosedEnds": [1, 3, 2, 4], "Goals": [[[603, 266], [645, 301], 201, [255, 0, 0]], [[901, 525], [950, 560], 202, [0, 255, 0]]], "Paddle": null, "BKColor": [255, 255, 255]}