{"Dims": [1000, 620], "Walls": [[[60, 410], [86, 587], [0, 0, 0], 1.0], [[86, 410], [333, 436], [0, 0, 0], 1.0], [[86, 561], [299, 587], [0, 0, 0], 1.0], [[273, 587], [299, 620], [0, 0, 0], 1.0], [[299, 596], [944, 620], [0, 0, 0], 1.0], [[307, 212], [333, 410], [0, 0, 0], 1.0], [[333, 212], [426, 238], [0, 0, 0], 1.0], [[400, 161], [426, 212], [0, 0, 0], 1.0], [[415, 298], [455, 445], [0, 0, 0], 1.0], [[426, 161], [473, 187], [0, 0, 0], 1.0], [[447, 145], [922, 161], [0, 0, 0], 1.0], [[473, 161], [922, 171], [0, 0, 0], 1.0], [[896, 171], [922, 298], [0, 0, 0], 1.0], [[899, 453], [925, 572], [0, 0, 0], 1.0], [[914, 434], [1000, 453], [0, 0, 0], 1.0], [[918, 572], [944, 596], [0, 0, 0], 1.0], [[922, 272], [1000, 298], [0, 0, 0], 1.0], [[925, 453], [940, 479], [0, 0, 0], 1.0], [[925, 546], [944, 572], [0, 0, 0], 1.0], [[940, 453], [1000, 460], [0, 0, 0], 1.0], [[974, 298], [1000, 434], [0, 0, 0], 1.0]], "Ball": [[769, 353], [-237.37913388511566, 183.44248906933296], 20, [0, 0, 255], 1.0], "Name": "RandomTrial_2504", "Occluders": [], "AbnormWalls": [], "ClosedEnds": [1, 3, 2, 4], "Goals": [[[152, 466], [216, 489], 201, [255, 0, 0]], [[262, 161], [315, 207], 202, [0, 255, 0]]], "Paddle": null, "BKColor": [255, 255, 255]}