{"Dims": [1000, 620], "Walls": [[[20, 314], [46, 432], [0, 0, 0], 1.0], [[46, 314], [105, 340], [0, 0, 0], 1.0], [[46, 406], [204, 432], [0, 0, 0], 1.0], [[64, 432], [90, 554], [0, 0, 0], 1.0], [[79, 178], [105, 314], [0, 0, 0], 1.0], [[90, 432], [188, 454], [0, 0, 0], 1.0], [[90, 528], [567, 554], [0, 0, 0], 1.0], [[105, 178], [196, 204], [0, 0, 0], 1.0], [[170, 105], [196, 178], [0, 0, 0], 1.0], [[188, 432], [204, 449], [0, 0, 0], 1.0], [[196, 105], [426, 131], [0, 0, 0], 1.0], [[340, 406], [383, 454], [0, 0, 0], 1.0], [[357, 325], [383, 406], [0, 0, 0], 1.0], [[383, 325], [571, 351], [0, 0, 0], 1.0], [[383, 428], [567, 454], [0, 0, 0], 1.0], [[400, 131], [426, 204], [0, 0, 0], 1.0], [[426, 178], [571, 204], [0, 0, 0], 1.0], [[541, 454], [567, 528], [0, 0, 0], 1.0], [[545, 204], [571, 325], [0, 0, 0], 1.0]], "Ball": [[275, 190], [253.96378907106839, -159.69468945668135], 20, [0, 0, 255], 1.0], "Name": "RandomTrial_1693", "Occluders": [], "AbnormWalls": [], "ClosedEnds": [1, 3, 2, 4], "Goals": [[[458, 214], [512, 262], 201, [255, 0, 0]], [[831, 384], [888, 409], 202, [0, 255, 0]]], "Paddle": null, "BKColor": [255, 255, 255]}