{"Dims": [1000, 620], "Walls": [[[106, 283], [132, 509], [0, 0, 0], 1.0], [[132, 283], [170, 309], [0, 0, 0], 1.0], [[132, 483], [507, 509], [0, 0, 0], 1.0], [[144, 65], [170, 283], [0, 0, 0], 1.0], [[170, 65], [267, 91], [0, 0, 0], 1.0], [[241, 91], [267, 192], [0, 0, 0], 1.0], [[267, 166], [303, 192], [0, 0, 0], 1.0], [[277, 46], [303, 166], [0, 0, 0], 1.0], [[303, 46], [441, 72], [0, 0, 0], 1.0], [[415, 72], [441, 192], [0, 0, 0], 1.0], [[415, 268], [442, 309], [0, 0, 0], 1.0], [[441, 126], [750, 152], [0, 0, 0], 1.0], [[441, 152], [442, 192], [0, 0, 0], 1.0], [[481, 346], [507, 483], [0, 0, 0], 1.0], [[507, 346], [750, 372], [0, 0, 0], 1.0], [[724, 152], [750, 346], [0, 0, 0], 1.0]], "Ball": [[225, 434], [290.08171571659403, -76.502275828351145], 20, [0, 0, 255], 1.0], "Name": "RandomTrial_1047", "Occluders": [], "AbnormWalls": [], "ClosedEnds": [1, 3, 2, 4], "Goals": [[[301, 257], [355, 297], 201, [255, 0, 0]], [[798, 517], [873, 537], 202, [0, 255, 0]]], "Paddle": null, "BKColor": [255, 255, 255]}