{"Dims": [1000, 620], "Walls": [[[9, 288], [35, 381], [0, 0, 0], 1.0], [[14, 217], [40, 288], [0, 0, 0], 1.0], [[35, 288], [40, 314], [0, 0, 0], 1.0], [[35, 355], [245, 381], [0, 0, 0], 1.0], [[40, 217], [176, 243], [0, 0, 0], 1.0], [[150, 205], [245, 217], [0, 0, 0], 1.0], [[176, 217], [245, 231], [0, 0, 0], 1.0], [[219, 172], [245, 205], [0, 0, 0], 1.0], [[219, 381], [245, 464], [0, 0, 0], 1.0], [[245, 172], [677, 198], [0, 0, 0], 1.0], [[245, 438], [363, 464], [0, 0, 0], 1.0], [[337, 464], [363, 620], [0, 0, 0], 1.0], [[363, 596], [683, 620], [0, 0, 0], 1.0], [[651, 198], [677, 379], [0, 0, 0], 1.0], [[657, 379], [683, 596], [0, 0, 0], 1.0], [[677, 353], [683, 379], [0, 0, 0], 1.0]], "Ball": [[235, 321], [247.45943654528224, 169.59901905580537], 20, [0, 0, 255], 1.0], "Name": "RandomTrial_2261", "Occluders": [], "AbnormWalls": [], "ClosedEnds": [1, 3, 2, 4], "Goals": [[[500, 423], [540, 448], 201, [255, 0, 0]], [[836, 548], [870, 596], 202, [0, 255, 0]]], "Paddle": null, "BKColor": [255, 255, 255]}