{"Dims": [1000, 620], "Walls": [[[40, 174], [66, 420], [0, 0, 0], 1.0], [[66, 174], [143, 200], [0, 0, 0], 1.0], [[66, 394], [126, 420], [0, 0, 0], 1.0], [[100, 420], [451, 434], [0, 0, 0], 1.0], [[117, 44], [143, 174], [0, 0, 0], 1.0], [[126, 408], [451, 420], [0, 0, 0], 1.0], [[143, 44], [354, 70], [0, 0, 0], 1.0], [[328, 70], [354, 182], [0, 0, 0], 1.0], [[354, 156], [394, 182], [0, 0, 0], 1.0], [[368, 152], [692, 156], [0, 0, 0], 1.0], [[394, 156], [422, 178], [0, 0, 0], 1.0], [[396, 143], [546, 152], [0, 0, 0], 1.0], [[422, 156], [692, 169], [0, 0, 0], 1.0], [[425, 434], [451, 489], [0, 0, 0], 1.0], [[451, 463], [578, 489], [0, 0, 0], 1.0], [[520, 169], [692, 178], [0, 0, 0], 1.0], [[520, 225], [546, 272], [0, 0, 0], 1.0], [[552, 489], [578, 620], [0, 0, 0], 1.0], [[578, 596], [1000, 620], [0, 0, 0], 1.0], [[666, 178], [878, 200], [0, 0, 0], 1.0], [[692, 174], [878, 178], [0, 0, 0], 1.0], [[852, 8], [878, 174], [0, 0, 0], 1.0], [[878, 8], [1000, 34], [0, 0, 0], 1.0], [[933, 178], [1000, 210], [0, 0, 0], 1.0], [[974, 34], [1000, 178], [0, 0, 0], 1.0], [[974, 210], [1000, 596], [0, 0, 0], 1.0]], "Ball": [[443, 383], [292.56223150713146, 66.387805322721917], 20, [0, 0, 255], 1.0], "Name": "RandomTrial_1635", "Occluders": [], "AbnormWalls": [], "ClosedEnds": [1, 3, 2, 4], "Goals": [[[638, 555], [707, 581], 201, [255, 0, 0]], [[100, 575], [145, 596], 202, [0, 255, 0]]], "Paddle": null, "BKColor": [255, 255, 255]}