{"Dims": [1000, 620], "Walls": [[[10, 191], [36, 324], [0, 0, 0], 1.0], [[30, 165], [111, 191], [0, 0, 0], 1.0], [[30, 324], [56, 356], [0, 0, 0], 1.0], [[36, 191], [56, 217], [0, 0, 0], 1.0], [[36, 298], [56, 324], [0, 0, 0], 1.0], [[56, 330], [111, 356], [0, 0, 0], 1.0], [[82, 406], [108, 620], [0, 0, 0], 1.0], [[85, 107], [111, 165], [0, 0, 0], 1.0], [[85, 356], [111, 406], [0, 0, 0], 1.0], [[108, 406], [191, 432], [0, 0, 0], 1.0], [[108, 596], [567, 620], [0, 0, 0], 1.0], [[111, 107], [320, 133], [0, 0, 0], 1.0], [[111, 393], [191, 406], [0, 0, 0], 1.0], [[294, 133], [320, 191], [0, 0, 0], 1.0], [[294, 346], [320, 405], [0, 0, 0], 1.0], [[319, 405], [348, 432], [0, 0, 0], 1.0], [[320, 165], [350, 191], [0, 0, 0], 1.0], [[320, 346], [348, 372], [0, 0, 0], 1.0], [[320, 379], [348, 405], [0, 0, 0], 1.0], [[322, 372], [348, 379], [0, 0, 0], 1.0], [[324, 108], [350, 165], [0, 0, 0], 1.0], [[350, 108], [767, 134], [0, 0, 0], 1.0], [[465, 268], [509, 297], [0, 0, 0], 1.0], [[541, 462], [567, 596], [0, 0, 0], 1.0], [[567, 462], [601, 488], [0, 0, 0], 1.0], [[575, 488], [801, 496], [0, 0, 0], 1.0], [[601, 470], [801, 488], [0, 0, 0], 1.0], [[741, 134], [767, 213], [0, 0, 0], 1.0], [[767, 187], [914, 213], [0, 0, 0], 1.0], [[775, 496], [801, 551], [0, 0, 0], 1.0], [[776, 551], [802, 620], [0, 0, 0], 1.0], [[801, 525], [802, 551], [0, 0, 0], 1.0], [[802, 596], [1000, 620], [0, 0, 0], 1.0], [[888, 175], [1000, 187], [0, 0, 0], 1.0], [[914, 187], [1000, 201], [0, 0, 0], 1.0], [[933, 226], [959, 485], [0, 0, 0], 1.0], [[937, 485], [963, 522], [0, 0, 0], 1.0], [[959, 226], [1000, 252], [0, 0, 0], 1.0], [[959, 459], [963, 485], [0, 0, 0], 1.0], [[963, 496], [1000, 522], [0, 0, 0], 1.0], [[974, 201], [1000, 226], [0, 0, 0], 1.0], [[974, 522], [1000, 596], [0, 0, 0], 1.0]], "Ball": [[459, 428], [299.69954875566259, -13.423132110361385], 20, [0, 0, 255], 1.0], "Name": "RandomTrial_2187", "Occluders": [], "AbnormWalls": [], "ClosedEnds": [1, 3, 2, 4], "Goals": [[[777, 303], [857, 337], 201, [255, 0, 0]], [[376, 39], [426, 61], 202, [0, 255, 0]]], "Paddle": null, "BKColor": [255, 255, 255]}