{"Dims": [1000, 620], "Walls": [[[32, 278], [58, 593], [0, 0, 0], 1.0], [[58, 278], [91, 304], [0, 0, 0], 1.0], [[58, 567], [369, 593], [0, 0, 0], 1.0], [[65, 201], [91, 278], [0, 0, 0], 1.0], [[91, 201], [248, 227], [0, 0, 0], 1.0], [[222, 123], [248, 201], [0, 0, 0], 1.0], [[248, 123], [319, 149], [0, 0, 0], 1.0], [[293, 24], [319, 123], [0, 0, 0], 1.0], [[319, 24], [513, 50], [0, 0, 0], 1.0], [[343, 406], [369, 567], [0, 0, 0], 1.0], [[369, 406], [561, 432], [0, 0, 0], 1.0], [[487, 50], [513, 96], [0, 0, 0], 1.0], [[513, 70], [667, 96], [0, 0, 0], 1.0], [[535, 242], [561, 406], [0, 0, 0], 1.0], [[561, 242], [667, 268], [0, 0, 0], 1.0], [[641, 96], [667, 242], [0, 0, 0], 1.0]], "Ball": [[164, 518], [103.51129746723737, -281.57665261283489], 20, [0, 0, 255], 1.0], "Name": "RandomTrial_2896", "Occluders": [], "AbnormWalls": [], "ClosedEnds": [1, 3, 2, 4], "Goals": [[[177, 260], [209, 283], 201, [255, 0, 0]], [[797, 108], [835, 142], 202, [0, 255, 0]]], "Paddle": null, "BKColor": [255, 255, 255]}