{"Dims": [1000, 620], "Walls": [[[22, 242], [48, 431], [0, 0, 0], 1.0], [[48, 242], [196, 268], [0, 0, 0], 1.0], [[48, 405], [318, 431], [0, 0, 0], 1.0], [[170, 107], [196, 242], [0, 0, 0], 1.0], [[196, 107], [428, 133], [0, 0, 0], 1.0], [[292, 431], [318, 523], [0, 0, 0], 1.0], [[318, 497], [547, 523], [0, 0, 0], 1.0], [[402, 133], [666, 149], [0, 0, 0], 1.0], [[402, 193], [452, 268], [0, 0, 0], 1.0], [[409, 268], [435, 319], [0, 0, 0], 1.0], [[428, 123], [666, 133], [0, 0, 0], 1.0], [[435, 268], [901, 284], [0, 0, 0], 1.0], [[435, 293], [653, 319], [0, 0, 0], 1.0], [[452, 258], [901, 268], [0, 0, 0], 1.0], [[521, 523], [547, 620], [0, 0, 0], 1.0], [[547, 596], [1000, 620], [0, 0, 0], 1.0], [[627, 319], [672, 342], [0, 0, 0], 1.0], [[640, 149], [666, 180], [0, 0, 0], 1.0], [[646, 342], [672, 376], [0, 0, 0], 1.0], [[653, 316], [672, 319], [0, 0, 0], 1.0], [[666, 154], [901, 180], [0, 0, 0], 1.0], [[672, 350], [707, 376], [0, 0, 0], 1.0], [[681, 376], [707, 469], [0, 0, 0], 1.0], [[707, 443], [762, 469], [0, 0, 0], 1.0], [[736, 469], [762, 512], [0, 0, 0], 1.0], [[762, 486], [1000, 512], [0, 0, 0], 1.0], [[875, 180], [901, 258], [0, 0, 0], 1.0], [[974, 512], [1000, 596], [0, 0, 0], 1.0]], "Ball": [[451, 446], [85.202258254733437, 287.64661511704549], 20, [0, 0, 255], 1.0], "Name": "RandomTrial_0393", "Occluders": [], "AbnormWalls": [], "ClosedEnds": [1, 3, 2, 4], "Goals": [[[574, 522], [606, 573], 201, [255, 0, 0]], [[752, 43], [789, 72], 202, [0, 255, 0]]], "Paddle": null, "BKColor": [255, 255, 255]}