{"Dims": [1000, 620], "Walls": [[[26, 56], [52, 201], [0, 0, 0], 1.0], [[32, 201], [58, 279], [0, 0, 0], 1.0], [[52, 56], [419, 82], [0, 0, 0], 1.0], [[52, 175], [58, 201], [0, 0, 0], 1.0], [[58, 253], [87, 279], [0, 0, 0], 1.0], [[61, 279], [87, 371], [0, 0, 0], 1.0], [[87, 345], [190, 371], [0, 0, 0], 1.0], [[164, 371], [190, 527], [0, 0, 0], 1.0], [[190, 501], [294, 527], [0, 0, 0], 1.0], [[268, 527], [294, 560], [0, 0, 0], 1.0], [[294, 534], [435, 560], [0, 0, 0], 1.0], [[393, 19], [419, 56], [0, 0, 0], 1.0], [[409, 560], [625, 563], [0, 0, 0], 1.0], [[419, 19], [674, 45], [0, 0, 0], 1.0], [[435, 537], [630, 560], [0, 0, 0], 1.0], [[478, 345], [504, 473], [0, 0, 0], 1.0], [[504, 322], [530, 371], [0, 0, 0], 1.0], [[504, 447], [531, 473], [0, 0, 0], 1.0], [[505, 397], [531, 447], [0, 0, 0], 1.0], [[530, 322], [851, 348], [0, 0, 0], 1.0], [[531, 397], [611, 423], [0, 0, 0], 1.0], [[585, 423], [611, 473], [0, 0, 0], 1.0], [[599, 534], [630, 537], [0, 0, 0], 1.0], [[604, 473], [630, 534], [0, 0, 0], 1.0], [[611, 447], [630, 473], [0, 0, 0], 1.0], [[648, 45], [674, 258], [0, 0, 0], 1.0], [[674, 232], [860, 258], [0, 0, 0], 1.0], [[825, 348], [851, 432], [0, 0, 0], 1.0], [[834, 258], [860, 312], [0, 0, 0], 1.0], [[851, 406], [1000, 432], [0, 0, 0], 1.0], [[860, 286], [1000, 312], [0, 0, 0], 1.0], [[974, 312], [1000, 406], [0, 0, 0], 1.0]], "Ball": [[150, 273], [126.3316028434599, 272.10352096766832], 20, [0, 0, 255], 1.0], "Name": "RandomTrial_0252", "Occluders": [], "AbnormWalls": [], "ClosedEnds": [1, 3, 2, 4], "Goals": [[[298, 458], [372, 483], 201, [255, 0, 0]], [[702, 63], [743, 130], 202, [0, 255, 0]]], "Paddle": null, "BKColor": [255, 255, 255]}