{"Dims": [1000, 620], "Walls": [[[23, 12], [49, 178], [0, 0, 0], 1.0], [[49, 12], [79, 38], [0, 0, 0], 1.0], [[49, 152], [79, 178], [0, 0, 0], 1.0], [[53, 11], [245, 12], [0, 0, 0], 1.0], [[53, 178], [79, 286], [0, 0, 0], 1.0], [[79, 12], [340, 37], [0, 0, 0], 1.0], [[79, 260], [120, 286], [0, 0, 0], 1.0], [[94, 286], [177, 309], [0, 0, 0], 1.0], [[120, 283], [177, 286], [0, 0, 0], 1.0], [[151, 309], [177, 373], [0, 0, 0], 1.0], [[177, 347], [216, 373], [0, 0, 0], 1.0], [[190, 373], [216, 408], [0, 0, 0], 1.0], [[216, 382], [436, 408], [0, 0, 0], 1.0], [[219, 37], [468, 38], [0, 0, 0], 1.0], [[314, 38], [468, 61], [0, 0, 0], 1.0], [[340, 35], [468, 37], [0, 0, 0], 1.0], [[410, 347], [436, 382], [0, 0, 0], 1.0], [[436, 347], [545, 373], [0, 0, 0], 1.0], [[442, 61], [976, 65], [0, 0, 0], 1.0], [[468, 39], [620, 61], [0, 0, 0], 1.0], [[519, 254], [545, 347], [0, 0, 0], 1.0], [[545, 254], [620, 280], [0, 0, 0], 1.0], [[594, 65], [976, 75], [0, 0, 0], 1.0], [[594, 206], [620, 254], [0, 0, 0], 1.0], [[620, 49], [976, 61], [0, 0, 0], 1.0], [[620, 206], [976, 232], [0, 0, 0], 1.0], [[950, 75], [976, 206], [0, 0, 0], 1.0]], "Ball": [[346, 155], [-202.2232974736294, 221.59814520634416], 20, [0, 0, 255], 1.0], "Name": "RandomTrial_0838", "Occluders": [], "AbnormWalls": [], "ClosedEnds": [1, 3, 2, 4], "Goals": [[[121, 96], [188, 124], 201, [255, 0, 0]], [[444, 447], [511, 476], 202, [0, 255, 0]]], "Paddle": null, "BKColor": [255, 255, 255]}