{"Dims": [1000, 620], "Walls": [[[45, 456], [71, 620], [0, 0, 0], 1.0], [[68, 268], [94, 456], [0, 0, 0], 1.0], [[71, 456], [94, 482], [0, 0, 0], 1.0], [[71, 596], [689, 620], [0, 0, 0], 1.0], [[72, 14], [98, 123], [0, 0, 0], 1.0], [[76, 212], [102, 268], [0, 0, 0], 1.0], [[94, 268], [102, 294], [0, 0, 0], 1.0], [[98, 14], [377, 40], [0, 0, 0], 1.0], [[98, 97], [156, 123], [0, 0, 0], 1.0], [[102, 212], [200, 238], [0, 0, 0], 1.0], [[130, 123], [156, 212], [0, 0, 0], 1.0], [[156, 203], [200, 212], [0, 0, 0], 1.0], [[309, 97], [335, 185], [0, 0, 0], 1.0], [[335, 97], [377, 123], [0, 0, 0], 1.0], [[335, 159], [601, 185], [0, 0, 0], 1.0], [[351, 40], [377, 97], [0, 0, 0], 1.0], [[575, 185], [641, 195], [0, 0, 0], 1.0], [[601, 169], [641, 185], [0, 0, 0], 1.0], [[615, 156], [676, 169], [0, 0, 0], 1.0], [[641, 169], [676, 182], [0, 0, 0], 1.0], [[650, 31], [676, 156], [0, 0, 0], 1.0], [[663, 496], [689, 596], [0, 0, 0], 1.0], [[676, 31], [810, 57], [0, 0, 0], 1.0], [[689, 496], [727, 522], [0, 0, 0], 1.0], [[701, 357], [727, 496], [0, 0, 0], 1.0], [[727, 357], [973, 383], [0, 0, 0], 1.0], [[784, 57], [810, 182], [0, 0, 0], 1.0], [[810, 156], [973, 182], [0, 0, 0], 1.0], [[947, 182], [973, 357], [0, 0, 0], 1.0]], "Ball": [[224, 493], [143.86949195871185, -263.25191221250827], 20, [0, 0, 255], 1.0], "Name": "RandomTrial_0870", "Occluders": [], "AbnormWalls": [], "ClosedEnds": [1, 3, 2, 4], "Goals": [[[588, 404], [662, 427], 201, [255, 0, 0]], [[8, 328], [68, 387], 202, [0, 255, 0]]], "Paddle": null, "BKColor": [255, 255, 255]}