{"Dims": [1000, 620], "Walls": [[[155, 164], [181, 324], [0, 0, 0], 1.0], [[181, 164], [271, 190], [0, 0, 0], 1.0], [[181, 298], [271, 324], [0, 0, 0], 1.0], [[245, 148], [372, 164], [0, 0, 0], 1.0], [[245, 324], [366, 326], [0, 0, 0], 1.0], [[271, 164], [372, 174], [0, 0, 0], 1.0], [[271, 300], [366, 324], [0, 0, 0], 1.0], [[340, 326], [366, 546], [0, 0, 0], 1.0], [[346, 40], [372, 148], [0, 0, 0], 1.0], [[366, 520], [805, 546], [0, 0, 0], 1.0], [[372, 40], [831, 66], [0, 0, 0], 1.0], [[549, 266], [748, 295], [0, 0, 0], 1.0], [[779, 420], [805, 520], [0, 0, 0], 1.0], [[805, 66], [831, 205], [0, 0, 0], 1.0], [[805, 420], [1000, 446], [0, 0, 0], 1.0], [[831, 179], [911, 205], [0, 0, 0], 1.0], [[885, 205], [911, 244], [0, 0, 0], 1.0], [[911, 218], [987, 244], [0, 0, 0], 1.0], [[961, 244], [1000, 247], [0, 0, 0], 1.0], [[974, 247], [1000, 420], [0, 0, 0], 1.0], [[987, 221], [1000, 244], [0, 0, 0], 1.0]], "Ball": [[402, 354], [216.96277675146496, -207.18869058009412], 20, [0, 0, 255], 1.0], "Name": "RandomTrial_0098", "Occluders": [], "AbnormWalls": [], "ClosedEnds": [1, 3, 2, 4], "Goals": [[[564, 73], [597, 126], 201, [255, 0, 0]], [[908, 34], [939, 93], 202, [0, 255, 0]]], "Paddle": null, "BKColor": [255, 255, 255]}