{"Dims": [1000, 620], "Walls": [[[57, 81], [83, 295], [0, 0, 0], 1.0], [[74, 295], [100, 324], [0, 0, 0], 1.0], [[83, 81], [211, 107], [0, 0, 0], 1.0], [[83, 269], [100, 295], [0, 0, 0], 1.0], [[100, 298], [211, 324], [0, 0, 0], 1.0], [[118, 508], [144, 620], [0, 0, 0], 1.0], [[140, 377], [166, 476], [0, 0, 0], 1.0], [[144, 508], [370, 534], [0, 0, 0], 1.0], [[144, 596], [609, 620], [0, 0, 0], 1.0], [[166, 377], [263, 403], [0, 0, 0], 1.0], [[166, 450], [370, 476], [0, 0, 0], 1.0], [[185, 64], [595, 81], [0, 0, 0], 1.0], [[185, 324], [211, 357], [0, 0, 0], 1.0], [[211, 81], [595, 90], [0, 0, 0], 1.0], [[211, 331], [263, 357], [0, 0, 0], 1.0], [[237, 357], [263, 377], [0, 0, 0], 1.0], [[344, 476], [370, 508], [0, 0, 0], 1.0], [[569, 90], [595, 301], [0, 0, 0], 1.0], [[583, 584], [704, 596], [0, 0, 0], 1.0], [[595, 275], [637, 301], [0, 0, 0], 1.0], [[598, 380], [624, 436], [0, 0, 0], 1.0], [[609, 596], [1000, 610], [0, 0, 0], 1.0], [[611, 301], [637, 380], [0, 0, 0], 1.0], [[624, 380], [637, 406], [0, 0, 0], 1.0], [[624, 410], [1000, 436], [0, 0, 0], 1.0], [[678, 610], [1000, 620], [0, 0, 0], 1.0], [[974, 436], [1000, 596], [0, 0, 0], 1.0]], "Ball": [[645, 518], [-156.97715510151488, -255.65244527724536], 20, [0, 0, 255], 1.0], "Name": "RandomTrial_1634", "Occluders": [], "AbnormWalls": [], "ClosedEnds": [1, 3, 2, 4], "Goals": [[[318, 162], [376, 192], 201, [255, 0, 0]], [[805, 244], [844, 290], 202, [0, 255, 0]]], "Paddle": null, "BKColor": [255, 255, 255]}