{"Dims": [1000, 620], "Walls": [[[8, 408], [34, 532], [0, 0, 0], 1.0], [[18, 234], [44, 408], [0, 0, 0], 1.0], [[18, 532], [134, 548], [0, 0, 0], 1.0], [[34, 408], [44, 434], [0, 0, 0], 1.0], [[34, 506], [44, 532], [0, 0, 0], 1.0], [[44, 234], [213, 260], [0, 0, 0], 1.0], [[44, 522], [134, 532], [0, 0, 0], 1.0], [[108, 548], [134, 620], [0, 0, 0], 1.0], [[134, 596], [882, 620], [0, 0, 0], 1.0], [[187, 137], [213, 234], [0, 0, 0], 1.0], [[191, 119], [433, 137], [0, 0, 0], 1.0], [[213, 137], [485, 145], [0, 0, 0], 1.0], [[213, 145], [217, 163], [0, 0, 0], 1.0], [[407, 145], [485, 163], [0, 0, 0], 1.0], [[459, 163], [485, 217], [0, 0, 0], 1.0], [[480, 286], [506, 382], [0, 0, 0], 1.0], [[485, 191], [802, 217], [0, 0, 0], 1.0], [[506, 286], [802, 312], [0, 0, 0], 1.0], [[506, 356], [624, 382], [0, 0, 0], 1.0], [[598, 382], [827, 404], [0, 0, 0], 1.0], [[598, 437], [624, 519], [0, 0, 0], 1.0], [[624, 378], [827, 382], [0, 0, 0], 1.0], [[624, 437], [762, 463], [0, 0, 0], 1.0], [[624, 493], [762, 519], [0, 0, 0], 1.0], [[736, 463], [762, 493], [0, 0, 0], 1.0], [[776, 217], [802, 286], [0, 0, 0], 1.0], [[801, 404], [975, 418], [0, 0, 0], 1.0], [[827, 392], [975, 404], [0, 0, 0], 1.0], [[856, 579], [975, 596], [0, 0, 0], 1.0], [[882, 596], [975, 605], [0, 0, 0], 1.0], [[949, 418], [975, 579], [0, 0, 0], 1.0]], "Ball": [[549, 413], [-253.1882046456295, 160.9215120122939], 20, [0, 0, 255], 1.0], "Name": "RandomTrial_1606", "Occluders": [], "AbnormWalls": [], "ClosedEnds": [1, 3, 2, 4], "Goals": [[[56, 326], [127, 381], 201, [255, 0, 0]], [[814, 126], [877, 162], 202, [0, 255, 0]]], "Paddle": null, "BKColor": [255, 255, 255]}