{"Dims": [1000, 620], "Walls": [[[5, 52], [31, 231], [0, 0, 0], 1.0], [[31, 52], [176, 78], [0, 0, 0], 1.0], [[31, 205], [131, 231], [0, 0, 0], 1.0], [[59, 235], [85, 361], [0, 0, 0], 1.0], [[85, 235], [131, 261], [0, 0, 0], 1.0], [[85, 335], [226, 361], [0, 0, 0], 1.0], [[105, 231], [131, 235], [0, 0, 0], 1.0], [[150, 34], [275, 52], [0, 0, 0], 1.0], [[176, 52], [275, 60], [0, 0, 0], 1.0], [[200, 361], [226, 501], [0, 0, 0], 1.0], [[226, 475], [626, 501], [0, 0, 0], 1.0], [[249, 20], [418, 34], [0, 0, 0], 1.0], [[275, 34], [463, 46], [0, 0, 0], 1.0], [[392, 46], [463, 60], [0, 0, 0], 1.0], [[437, 15], [718, 34], [0, 0, 0], 1.0], [[463, 34], [718, 41], [0, 0, 0], 1.0], [[600, 253], [626, 475], [0, 0, 0], 1.0], [[626, 253], [816, 279], [0, 0, 0], 1.0], [[692, 41], [718, 188], [0, 0, 0], 1.0], [[718, 162], [816, 188], [0, 0, 0], 1.0], [[790, 188], [816, 253], [0, 0, 0], 1.0]], "Ball": [[474, 389], [278.23566363207209, 112.18250970280718], 20, [0, 0, 255], 1.0], "Name": "RandomTrial_1330", "Occluders": [], "AbnormWalls": [], "ClosedEnds": [1, 3, 2, 4], "Goals": [[[617, 185], [659, 231], 201, [255, 0, 0]], [[769, 413], [830, 461], 202, [0, 255, 0]]], "Paddle": null, "BKColor": [255, 255, 255]}