{"Dims": [1000, 620], "Walls": [[[257, 163], [283, 287], [0, 0, 0], 1.0], [[283, 163], [322, 189], [0, 0, 0], 1.0], [[283, 261], [322, 287], [0, 0, 0], 1.0], [[296, 46], [322, 163], [0, 0, 0], 1.0], [[296, 287], [322, 369], [0, 0, 0], 1.0], [[322, 46], [648, 72], [0, 0, 0], 1.0], [[322, 343], [648, 369], [0, 0, 0], 1.0], [[622, 72], [648, 139], [0, 0, 0], 1.0], [[622, 310], [648, 343], [0, 0, 0], 1.0], [[648, 87], [1000, 113], [0, 0, 0], 1.0], [[648, 113], [671, 139], [0, 0, 0], 1.0], [[648, 310], [706, 336], [0, 0, 0], 1.0], [[680, 336], [706, 549], [0, 0, 0], 1.0], [[706, 523], [829, 549], [0, 0, 0], 1.0], [[803, 508], [839, 523], [0, 0, 0], 1.0], [[813, 399], [839, 508], [0, 0, 0], 1.0], [[829, 523], [839, 534], [0, 0, 0], 1.0], [[839, 399], [1000, 425], [0, 0, 0], 1.0], [[974, 113], [1000, 399], [0, 0, 0], 1.0]], "Ball": [[373, 284], [125.52716254208153, -272.47556122363312], 20, [0, 0, 255], 1.0], "Name": "RandomTrial_1979", "Occluders": [], "AbnormWalls": [], "ClosedEnds": [1, 3, 2, 4], "Goals": [[[772, 313], [852, 337], 201, [255, 0, 0]], [[206, 28], [284, 96], 202, [0, 255, 0]]], "Paddle": null, "BKColor": [255, 255, 255]}