{"Dims": [1000, 620], "Walls": [[[16, 128], [42, 323], [0, 0, 0], 1.0], [[42, 128], [125, 154], [0, 0, 0], 1.0], [[42, 297], [325, 323], [0, 0, 0], 1.0], [[71, 68], [97, 128], [0, 0, 0], 1.0], [[97, 68], [125, 94], [0, 0, 0], 1.0], [[97, 121], [125, 128], [0, 0, 0], 1.0], [[99, 42], [325, 68], [0, 0, 0], 1.0], [[299, 13], [325, 42], [0, 0, 0], 1.0], [[299, 323], [755, 324], [0, 0, 0], 1.0], [[325, 13], [406, 39], [0, 0, 0], 1.0], [[325, 298], [395, 323], [0, 0, 0], 1.0], [[369, 324], [755, 346], [0, 0, 0], 1.0], [[380, 39], [406, 68], [0, 0, 0], 1.0], [[395, 320], [755, 323], [0, 0, 0], 1.0], [[406, 42], [489, 68], [0, 0, 0], 1.0], [[463, 68], [489, 181], [0, 0, 0], 1.0], [[489, 155], [578, 181], [0, 0, 0], 1.0], [[552, 181], [578, 255], [0, 0, 0], 1.0], [[578, 229], [774, 255], [0, 0, 0], 1.0], [[729, 346], [755, 418], [0, 0, 0], 1.0], [[748, 255], [1000, 275], [0, 0, 0], 1.0], [[755, 392], [820, 418], [0, 0, 0], 1.0], [[774, 249], [1000, 255], [0, 0, 0], 1.0], [[794, 418], [820, 556], [0, 0, 0], 1.0], [[820, 530], [1000, 556], [0, 0, 0], 1.0], [[974, 275], [1000, 530], [0, 0, 0], 1.0]], "Ball": [[428, 273], [-114.45742993106899, -277.3075850631829], 20, [0, 0, 255], 1.0], "Name": "RandomTrial_0560", "Occluders": [], "AbnormWalls": [], "ClosedEnds": [1, 3, 2, 4], "Goals": [[[160, 72], [208, 113], 201, [255, 0, 0]], [[367, 473], [415, 519], 202, [0, 255, 0]]], "Paddle": null, "BKColor": [255, 255, 255]}