{"Dims": [1000, 620], "Walls": [[[54, 127], [80, 208], [0, 0, 0], 1.0], [[80, 127], [209, 153], [0, 0, 0], 1.0], [[80, 182], [209, 208], [0, 0, 0], 1.0], [[183, 125], [379, 127], [0, 0, 0], 1.0], [[183, 208], [209, 355], [0, 0, 0], 1.0], [[209, 127], [379, 151], [0, 0, 0], 1.0], [[209, 329], [508, 355], [0, 0, 0], 1.0], [[353, 64], [379, 125], [0, 0, 0], 1.0], [[379, 64], [513, 90], [0, 0, 0], 1.0], [[482, 355], [508, 556], [0, 0, 0], 1.0], [[487, 90], [513, 151], [0, 0, 0], 1.0], [[508, 530], [778, 556], [0, 0, 0], 1.0], [[513, 125], [615, 151], [0, 0, 0], 1.0], [[589, 151], [615, 218], [0, 0, 0], 1.0], [[615, 192], [717, 218], [0, 0, 0], 1.0], [[668, 280], [694, 352], [0, 0, 0], 1.0], [[691, 218], [717, 280], [0, 0, 0], 1.0], [[694, 280], [717, 306], [0, 0, 0], 1.0], [[694, 326], [778, 352], [0, 0, 0], 1.0], [[752, 352], [778, 400], [0, 0, 0], 1.0], [[752, 528], [983, 530], [0, 0, 0], 1.0], [[778, 374], [983, 400], [0, 0, 0], 1.0], [[778, 530], [983, 554], [0, 0, 0], 1.0], [[957, 400], [983, 528], [0, 0, 0], 1.0]], "Ball": [[868, 484], [-266.10139540053018, -138.52814647533077], 20, [0, 0, 255], 1.0], "Name": "RandomTrial_2086", "Occluders": [], "AbnormWalls": [], "ClosedEnds": [1, 3, 2, 4], "Goals": [[[487, 214], [551, 258], 201, [255, 0, 0]], [[71, 449], [126, 486], 202, [0, 255, 0]]], "Paddle": null, "BKColor": [255, 255, 255]}