{"Dims": [1000, 620], "Walls": [[[188, 467], [214, 603], [0, 0, 0], 1.0], [[214, 467], [255, 493], [0, 0, 0], 1.0], [[214, 577], [565, 603], [0, 0, 0], 1.0], [[229, 148], [255, 467], [0, 0, 0], 1.0], [[255, 148], [330, 174], [0, 0, 0], 1.0], [[304, 136], [546, 148], [0, 0, 0], 1.0], [[330, 148], [546, 162], [0, 0, 0], 1.0], [[508, 162], [546, 169], [0, 0, 0], 1.0], [[520, 41], [546, 136], [0, 0, 0], 1.0], [[525, 318], [551, 493], [0, 0, 0], 1.0], [[539, 493], [639, 500], [0, 0, 0], 1.0], [[539, 534], [565, 577], [0, 0, 0], 1.0], [[546, 41], [629, 67], [0, 0, 0], 1.0], [[551, 318], [797, 344], [0, 0, 0], 1.0], [[551, 467], [565, 493], [0, 0, 0], 1.0], [[565, 474], [639, 493], [0, 0, 0], 1.0], [[565, 534], [639, 560], [0, 0, 0], 1.0], [[603, 67], [629, 169], [0, 0, 0], 1.0], [[613, 500], [639, 534], [0, 0, 0], 1.0], [[629, 143], [797, 169], [0, 0, 0], 1.0], [[771, 51], [797, 143], [0, 0, 0], 1.0], [[771, 344], [961, 362], [0, 0, 0], 1.0], [[797, 51], [961, 77], [0, 0, 0], 1.0], [[797, 336], [961, 344], [0, 0, 0], 1.0], [[935, 77], [961, 336], [0, 0, 0], 1.0]], "Ball": [[455, 255], [167.87211562885236, 248.63417463070761], 20, [0, 0, 255], 1.0], "Name": "RandomTrial_0519", "Occluders": [], "AbnormWalls": [], "ClosedEnds": [1, 3, 2, 4], "Goals": [[[596, 182], [676, 205], 201, [255, 0, 0]], [[12, 544], [80, 596], 202, [0, 255, 0]]], "Paddle": null, "BKColor": [255, 255, 255]}