{"Dims": [1000, 620], "Walls": [[[80, 203], [106, 327], [0, 0, 0], 1.0], [[106, 203], [152, 229], [0, 0, 0], 1.0], [[106, 301], [215, 327], [0, 0, 0], 1.0], [[126, 141], [152, 203], [0, 0, 0], 1.0], [[152, 141], [215, 167], [0, 0, 0], 1.0], [[189, 133], [224, 141], [0, 0, 0], 1.0], [[189, 327], [215, 413], [0, 0, 0], 1.0], [[198, 86], [224, 133], [0, 0, 0], 1.0], [[207, 413], [233, 457], [0, 0, 0], 1.0], [[215, 141], [224, 159], [0, 0, 0], 1.0], [[215, 387], [233, 413], [0, 0, 0], 1.0], [[224, 86], [257, 112], [0, 0, 0], 1.0], [[231, 80], [306, 86], [0, 0, 0], 1.0], [[233, 431], [261, 457], [0, 0, 0], 1.0], [[235, 457], [261, 620], [0, 0, 0], 1.0], [[257, 86], [306, 106], [0, 0, 0], 1.0], [[261, 596], [521, 620], [0, 0, 0], 1.0], [[280, 0], [306, 80], [0, 0, 0], 1.0], [[306, 0], [382, 26], [0, 0, 0], 1.0], [[356, 26], [382, 106], [0, 0, 0], 1.0], [[382, 80], [460, 106], [0, 0, 0], 1.0], [[434, 106], [773, 119], [0, 0, 0], 1.0], [[460, 93], [502, 106], [0, 0, 0], 1.0], [[476, 119], [773, 120], [0, 0, 0], 1.0], [[477, 298], [503, 391], [0, 0, 0], 1.0], [[487, 275], [705, 298], [0, 0, 0], 1.0], [[495, 431], [521, 596], [0, 0, 0], 1.0], [[502, 94], [773, 106], [0, 0, 0], 1.0], [[503, 298], [513, 324], [0, 0, 0], 1.0], [[503, 365], [573, 391], [0, 0, 0], 1.0], [[513, 298], [705, 301], [0, 0, 0], 1.0], [[521, 431], [573, 457], [0, 0, 0], 1.0], [[547, 391], [573, 431], [0, 0, 0], 1.0], [[679, 301], [705, 343], [0, 0, 0], 1.0], [[705, 317], [818, 343], [0, 0, 0], 1.0], [[747, 120], [773, 281], [0, 0, 0], 1.0], [[773, 255], [818, 281], [0, 0, 0], 1.0], [[792, 281], [818, 317], [0, 0, 0], 1.0]], "Ball": [[433, 494], [-2.7764564494011581, -299.98715187418372], 20, [0, 0, 255], 1.0], "Name": "RandomTrial_2340", "Occluders": [], "AbnormWalls": [], "ClosedEnds": [1, 3, 2, 4], "Goals": [[[281, 196], [351, 239], 201, [255, 0, 0]], [[620, 38], [669, 90], 202, [0, 255, 0]]], "Paddle": null, "BKColor": [255, 255, 255]}