{"Dims": [1000, 620], "Walls": [[[104, 169], [130, 324], [0, 0, 0], 1.0], [[130, 169], [446, 195], [0, 0, 0], 1.0], [[130, 298], [207, 324], [0, 0, 0], 1.0], [[181, 324], [207, 408], [0, 0, 0], 1.0], [[207, 382], [387, 408], [0, 0, 0], 1.0], [[342, 460], [368, 605], [0, 0, 0], 1.0], [[361, 408], [387, 447], [0, 0, 0], 1.0], [[368, 460], [437, 486], [0, 0, 0], 1.0], [[368, 579], [708, 605], [0, 0, 0], 1.0], [[387, 421], [437, 447], [0, 0, 0], 1.0], [[411, 447], [437, 460], [0, 0, 0], 1.0], [[420, 195], [446, 242], [0, 0, 0], 1.0], [[446, 216], [486, 242], [0, 0, 0], 1.0], [[460, 139], [486, 216], [0, 0, 0], 1.0], [[486, 139], [597, 165], [0, 0, 0], 1.0], [[571, 108], [597, 139], [0, 0, 0], 1.0], [[597, 108], [934, 134], [0, 0, 0], 1.0], [[682, 543], [708, 579], [0, 0, 0], 1.0], [[708, 543], [848, 569], [0, 0, 0], 1.0], [[822, 383], [848, 543], [0, 0, 0], 1.0], [[848, 383], [1000, 409], [0, 0, 0], 1.0], [[908, 50], [934, 108], [0, 0, 0], 1.0], [[934, 50], [1000, 76], [0, 0, 0], 1.0], [[974, 76], [1000, 383], [0, 0, 0], 1.0]], "Ball": [[358, 304], [41.653121571333372, 297.09429052636426], 20, [0, 0, 255], 1.0], "Name": "RandomTrial_0828", "Occluders": [], "AbnormWalls": [], "ClosedEnds": [1, 3, 2, 4], "Goals": [[[695, 416], [773, 448], 201, [255, 0, 0]], [[167, 468], [243, 526], 202, [0, 255, 0]]], "Paddle": null, "BKColor": [255, 255, 255]}