{"Dims": [1000, 620], "Walls": [[[124, 295], [150, 526], [0, 0, 0], 1.0], [[150, 295], [372, 321], [0, 0, 0], 1.0], [[150, 500], [284, 526], [0, 0, 0], 1.0], [[258, 526], [284, 620], [0, 0, 0], 1.0], [[284, 596], [1000, 620], [0, 0, 0], 1.0], [[346, 217], [372, 295], [0, 0, 0], 1.0], [[372, 217], [454, 243], [0, 0, 0], 1.0], [[428, 160], [454, 217], [0, 0, 0], 1.0], [[454, 160], [571, 186], [0, 0, 0], 1.0], [[487, 252], [571, 302], [0, 0, 0], 1.0], [[545, 186], [571, 252], [0, 0, 0], 1.0], [[560, 302], [586, 484], [0, 0, 0], 1.0], [[571, 276], [586, 302], [0, 0, 0], 1.0], [[586, 458], [627, 484], [0, 0, 0], 1.0], [[601, 448], [1000, 458], [0, 0, 0], 1.0], [[627, 458], [1000, 474], [0, 0, 0], 1.0], [[974, 474], [1000, 596], [0, 0, 0], 1.0]], "Ball": [[176, 472], [53.863439574624785, -295.12493943614919], 20, [0, 0, 255], 1.0], "Name": "RandomTrial_1744", "Occluders": [], "AbnormWalls": [], "ClosedEnds": [1, 3, 2, 4], "Goals": [[[497, 305], [557, 337], 201, [255, 0, 0]], [[832, 62], [887, 122], 202, [0, 255, 0]]], "Paddle": null, "BKColor": [255, 255, 255]}