{"Dims": [1000, 620], "Walls": [[[5, 105], [31, 419], [0, 0, 0], 1.0], [[12, 419], [38, 558], [0, 0, 0], 1.0], [[31, 105], [250, 131], [0, 0, 0], 1.0], [[31, 393], [38, 419], [0, 0, 0], 1.0], [[38, 532], [315, 558], [0, 0, 0], 1.0], [[224, 102], [617, 105], [0, 0, 0], 1.0], [[225, 97], [617, 102], [0, 0, 0], 1.0], [[250, 105], [351, 123], [0, 0, 0], 1.0], [[250, 123], [251, 128], [0, 0, 0], 1.0], [[289, 393], [366, 431], [0, 0, 0], 1.0], [[289, 509], [436, 532], [0, 0, 0], 1.0], [[315, 532], [436, 535], [0, 0, 0], 1.0], [[325, 79], [513, 97], [0, 0, 0], 1.0], [[340, 372], [388, 393], [0, 0, 0], 1.0], [[362, 219], [388, 372], [0, 0, 0], 1.0], [[366, 393], [388, 398], [0, 0, 0], 1.0], [[366, 405], [436, 431], [0, 0, 0], 1.0], [[388, 219], [425, 245], [0, 0, 0], 1.0], [[399, 245], [425, 367], [0, 0, 0], 1.0], [[410, 431], [436, 509], [0, 0, 0], 1.0], [[425, 341], [518, 367], [0, 0, 0], 1.0], [[487, 105], [617, 106], [0, 0, 0], 1.0], [[492, 367], [518, 403], [0, 0, 0], 1.0], [[513, 80], [617, 97], [0, 0, 0], 1.0], [[518, 377], [834, 403], [0, 0, 0], 1.0], [[521, 166], [547, 333], [0, 0, 0], 1.0], [[547, 166], [617, 192], [0, 0, 0], 1.0], [[547, 307], [834, 333], [0, 0, 0], 1.0], [[591, 106], [617, 166], [0, 0, 0], 1.0], [[808, 333], [834, 377], [0, 0, 0], 1.0]], "Ball": [[281, 254], [-296.95993830625866, 42.600411279036472], 20, [0, 0, 255], 1.0], "Name": "RandomTrial_1886", "Occluders": [], "AbnormWalls": [], "ClosedEnds": [1, 3, 2, 4], "Goals": [[[93, 420], [129, 451], 201, [255, 0, 0]], [[172, 558], [251, 596], 202, [0, 255, 0]]], "Paddle": null, "BKColor": [255, 255, 255]}