{"Dims": [1000, 620], "Walls": [[[52, 480], [78, 620], [0, 0, 0], 1.0], [[78, 480], [289, 506], [0, 0, 0], 1.0], [[78, 596], [1000, 620], [0, 0, 0], 1.0], [[185, 54], [211, 172], [0, 0, 0], 1.0], [[211, 54], [278, 80], [0, 0, 0], 1.0], [[211, 146], [274, 172], [0, 0, 0], 1.0], [[248, 172], [274, 207], [0, 0, 0], 1.0], [[252, 80], [603, 96], [0, 0, 0], 1.0], [[263, 316], [289, 480], [0, 0, 0], 1.0], [[274, 181], [354, 207], [0, 0, 0], 1.0], [[278, 70], [603, 80], [0, 0, 0], 1.0], [[282, 305], [354, 316], [0, 0, 0], 1.0], [[289, 316], [308, 342], [0, 0, 0], 1.0], [[308, 316], [354, 331], [0, 0, 0], 1.0], [[328, 207], [354, 305], [0, 0, 0], 1.0], [[484, 309], [656, 342], [0, 0, 0], 1.0], [[487, 144], [603, 181], [0, 0, 0], 1.0], [[577, 96], [603, 144], [0, 0, 0], 1.0], [[603, 155], [662, 181], [0, 0, 0], 1.0], [[630, 342], [656, 373], [0, 0, 0], 1.0], [[636, 181], [662, 309], [0, 0, 0], 1.0], [[641, 373], [917, 393], [0, 0, 0], 1.0], [[656, 309], [662, 335], [0, 0, 0], 1.0], [[656, 347], [667, 373], [0, 0, 0], 1.0], [[667, 367], [917, 373], [0, 0, 0], 1.0], [[891, 393], [917, 520], [0, 0, 0], 1.0], [[917, 494], [1000, 520], [0, 0, 0], 1.0], [[974, 520], [1000, 596], [0, 0, 0], 1.0]], "Ball": [[194, 546], [299.30433575021698, -20.418486749056594], 20, [0, 0, 255], 1.0], "Name": "RandomTrial_0112", "Occluders": [], "AbnormWalls": [], "ClosedEnds": [1, 3, 2, 4], "Goals": [[[447, 467], [523, 494], 201, [255, 0, 0]], [[700, 322], [750, 356], 202, [0, 255, 0]]], "Paddle": null, "BKColor": [255, 255, 255]}