{"Dims": [1000, 620], "Walls": [[[24, 43], [50, 177], [0, 0, 0], 1.0], [[50, 43], [142, 69], [0, 0, 0], 1.0], [[50, 151], [142, 177], [0, 0, 0], 1.0], [[68, 241], [94, 537], [0, 0, 0], 1.0], [[94, 241], [153, 267], [0, 0, 0], 1.0], [[94, 511], [121, 537], [0, 0, 0], 1.0], [[95, 537], [293, 556], [0, 0, 0], 1.0], [[116, 5], [142, 43], [0, 0, 0], 1.0], [[116, 177], [142, 241], [0, 0, 0], 1.0], [[121, 530], [293, 537], [0, 0, 0], 1.0], [[142, 5], [513, 31], [0, 0, 0], 1.0], [[142, 239], [153, 241], [0, 0, 0], 1.0], [[267, 556], [293, 620], [0, 0, 0], 1.0], [[293, 596], [664, 620], [0, 0, 0], 1.0], [[311, 239], [337, 364], [0, 0, 0], 1.0], [[337, 239], [413, 265], [0, 0, 0], 1.0], [[337, 338], [413, 364], [0, 0, 0], 1.0], [[387, 265], [413, 338], [0, 0, 0], 1.0], [[453, 463], [479, 538], [0, 0, 0], 1.0], [[479, 463], [615, 489], [0, 0, 0], 1.0], [[479, 512], [664, 538], [0, 0, 0], 1.0], [[487, 31], [513, 241], [0, 0, 0], 1.0], [[513, 215], [611, 241], [0, 0, 0], 1.0], [[585, 214], [726, 215], [0, 0, 0], 1.0], [[589, 457], [798, 463], [0, 0, 0], 1.0], [[611, 215], [726, 240], [0, 0, 0], 1.0], [[615, 463], [798, 483], [0, 0, 0], 1.0], [[638, 538], [664, 596], [0, 0, 0], 1.0], [[700, 240], [726, 433], [0, 0, 0], 1.0], [[726, 407], [798, 433], [0, 0, 0], 1.0], [[772, 433], [798, 457], [0, 0, 0], 1.0]], "Ball": [[230, 214], [230.60234914535209, 191.89204404728491], 20, [0, 0, 255], 1.0], "Name": "RandomTrial_0375", "Occluders": [], "AbnormWalls": [], "ClosedEnds": [1, 3, 2, 4], "Goals": [[[599, 281], [634, 322], 201, [255, 0, 0]], [[177, 557], [220, 589], 202, [0, 255, 0]]], "Paddle": null, "BKColor": [255, 255, 255]}