{"Dims": [1000, 620], "Walls": [[[160, 195], [186, 324], [0, 0, 0], 1.0], [[186, 195], [267, 221], [0, 0, 0], 1.0], [[186, 298], [267, 324], [0, 0, 0], 1.0], [[241, 170], [405, 195], [0, 0, 0], 1.0], [[241, 324], [267, 389], [0, 0, 0], 1.0], [[267, 195], [405, 196], [0, 0, 0], 1.0], [[267, 363], [505, 389], [0, 0, 0], 1.0], [[379, 81], [405, 170], [0, 0, 0], 1.0], [[405, 81], [836, 107], [0, 0, 0], 1.0], [[479, 361], [634, 363], [0, 0, 0], 1.0], [[505, 363], [634, 387], [0, 0, 0], 1.0], [[608, 387], [741, 404], [0, 0, 0], 1.0], [[634, 378], [741, 387], [0, 0, 0], 1.0], [[715, 404], [741, 600], [0, 0, 0], 1.0], [[741, 574], [808, 600], [0, 0, 0], 1.0], [[782, 378], [808, 574], [0, 0, 0], 1.0], [[808, 378], [982, 404], [0, 0, 0], 1.0], [[810, 107], [982, 124], [0, 0, 0], 1.0], [[836, 98], [982, 107], [0, 0, 0], 1.0], [[956, 124], [982, 378], [0, 0, 0], 1.0]], "Ball": [[474, 203], [218.20836262386695, 205.87644469683991], 20, [0, 0, 255], 1.0], "Name": "RandomTrial_0743", "Occluders": [], "AbnormWalls": [], "ClosedEnds": [1, 3, 2, 4], "Goals": [[[643, 166], [712, 205], 201, [255, 0, 0]], [[880, 36], [917, 60], 202, [0, 255, 0]]], "Paddle": null, "BKColor": [255, 255, 255]}