{"Dims": [1000, 620], "Walls": [[[84, 449], [110, 616], [0, 0, 0], 1.0], [[110, 449], [155, 475], [0, 0, 0], 1.0], [[110, 590], [198, 616], [0, 0, 0], 1.0], [[129, 331], [155, 449], [0, 0, 0], 1.0], [[155, 331], [197, 357], [0, 0, 0], 1.0], [[171, 248], [197, 331], [0, 0, 0], 1.0], [[172, 568], [234, 590], [0, 0, 0], 1.0], [[181, 80], [207, 248], [0, 0, 0], 1.0], [[197, 248], [207, 274], [0, 0, 0], 1.0], [[198, 590], [234, 594], [0, 0, 0], 1.0], [[207, 80], [289, 106], [0, 0, 0], 1.0], [[208, 349], [234, 568], [0, 0, 0], 1.0], [[234, 349], [278, 375], [0, 0, 0], 1.0], [[252, 375], [278, 416], [0, 0, 0], 1.0], [[263, 106], [325, 132], [0, 0, 0], 1.0], [[278, 390], [421, 416], [0, 0, 0], 1.0], [[299, 62], [325, 106], [0, 0, 0], 1.0], [[325, 62], [408, 88], [0, 0, 0], 1.0], [[382, 22], [408, 62], [0, 0, 0], 1.0], [[395, 416], [421, 620], [0, 0, 0], 1.0], [[408, 22], [786, 48], [0, 0, 0], 1.0], [[421, 596], [590, 620], [0, 0, 0], 1.0], [[564, 390], [590, 596], [0, 0, 0], 1.0], [[590, 390], [659, 416], [0, 0, 0], 1.0], [[620, 301], [659, 342], [0, 0, 0], 1.0], [[633, 342], [659, 390], [0, 0, 0], 1.0], [[659, 301], [814, 327], [0, 0, 0], 1.0], [[760, 48], [814, 74], [0, 0, 0], 1.0], [[788, 74], [814, 301], [0, 0, 0], 1.0]], "Ball": [[312, 182], [45.533905665741571, -296.52430496474204], 20, [0, 0, 255], 1.0], "Name": "RandomTrial_2814", "Occluders": [], "AbnormWalls": [], "ClosedEnds": [1, 3, 2, 4], "Goals": [[[553, 277], [587, 343], 201, [255, 0, 0]], [[11, 529], [69, 553], 202, [0, 255, 0]]], "Paddle": null, "BKColor": [255, 255, 255]}