{"Dims": [1000, 620], "Walls": [[[17, 269], [43, 585], [0, 0, 0], 1.0], [[43, 269], [87, 295], [0, 0, 0], 1.0], [[43, 559], [82, 585], [0, 0, 0], 1.0], [[56, 585], [82, 620], [0, 0, 0], 1.0], [[61, 256], [139, 269], [0, 0, 0], 1.0], [[82, 596], [569, 620], [0, 0, 0], 1.0], [[87, 269], [139, 282], [0, 0, 0], 1.0], [[113, 181], [139, 256], [0, 0, 0], 1.0], [[139, 181], [202, 207], [0, 0, 0], 1.0], [[176, 101], [202, 181], [0, 0, 0], 1.0], [[202, 101], [319, 127], [0, 0, 0], 1.0], [[278, 127], [319, 137], [0, 0, 0], 1.0], [[293, 66], [319, 101], [0, 0, 0], 1.0], [[319, 66], [422, 92], [0, 0, 0], 1.0], [[396, 92], [422, 137], [0, 0, 0], 1.0], [[396, 282], [543, 331], [0, 0, 0], 1.0], [[422, 111], [628, 137], [0, 0, 0], 1.0], [[517, 331], [543, 550], [0, 0, 0], 1.0], [[543, 282], [628, 308], [0, 0, 0], 1.0], [[543, 524], [569, 596], [0, 0, 0], 1.0], [[602, 137], [735, 162], [0, 0, 0], 1.0], [[602, 237], [628, 282], [0, 0, 0], 1.0], [[628, 136], [735, 137], [0, 0, 0], 1.0], [[628, 237], [735, 263], [0, 0, 0], 1.0], [[709, 162], [735, 237], [0, 0, 0], 1.0]], "Ball": [[466, 372], [-210.51196869196991, 213.73982089781742], 20, [0, 0, 255], 1.0], "Name": "RandomTrial_1859", "Occluders": [], "AbnormWalls": [], "ClosedEnds": [1, 3, 2, 4], "Goals": [[[207, 187], [242, 231], 201, [255, 0, 0]], [[584, 371], [648, 399], 202, [0, 255, 0]]], "Paddle": null, "BKColor": [255, 255, 255]}