{"Dims": [1000, 620], "Walls": [[[14, 469], [40, 620], [0, 0, 0], 1.0], [[40, 469], [169, 495], [0, 0, 0], 1.0], [[40, 596], [397, 620], [0, 0, 0], 1.0], [[143, 338], [169, 469], [0, 0, 0], 1.0], [[169, 338], [208, 364], [0, 0, 0], 1.0], [[182, 155], [208, 338], [0, 0, 0], 1.0], [[187, 56], [213, 155], [0, 0, 0], 1.0], [[208, 155], [213, 181], [0, 0, 0], 1.0], [[213, 56], [274, 82], [0, 0, 0], 1.0], [[248, 19], [274, 56], [0, 0, 0], 1.0], [[274, 19], [597, 45], [0, 0, 0], 1.0], [[371, 593], [606, 596], [0, 0, 0], 1.0], [[397, 596], [606, 619], [0, 0, 0], 1.0], [[442, 219], [505, 269], [0, 0, 0], 1.0], [[571, 45], [597, 72], [0, 0, 0], 1.0], [[580, 540], [606, 593], [0, 0, 0], 1.0], [[597, 46], [704, 72], [0, 0, 0], 1.0], [[606, 540], [829, 566], [0, 0, 0], 1.0], [[655, 184], [681, 239], [0, 0, 0], 1.0], [[678, 72], [704, 184], [0, 0, 0], 1.0], [[681, 184], [704, 210], [0, 0, 0], 1.0], [[681, 213], [804, 239], [0, 0, 0], 1.0], [[759, 239], [804, 269], [0, 0, 0], 1.0], [[778, 203], [962, 213], [0, 0, 0], 1.0], [[803, 538], [830, 540], [0, 0, 0], 1.0], [[804, 213], [962, 229], [0, 0, 0], 1.0], [[804, 400], [830, 538], [0, 0, 0], 1.0], [[829, 540], [830, 564], [0, 0, 0], 1.0], [[830, 400], [962, 426], [0, 0, 0], 1.0], [[936, 229], [962, 400], [0, 0, 0], 1.0]], "Ball": [[512, 338], [84.367846818799592, -287.89245634986611], 20, [0, 0, 255], 1.0], "Name": "RandomTrial_1366", "Occluders": [], "AbnormWalls": [], "ClosedEnds": [1, 3, 2, 4], "Goals": [[[714, 383], [776, 417], 201, [255, 0, 0]], [[841, 503], [883, 528], 202, [0, 255, 0]]], "Paddle": null, "BKColor": [255, 255, 255]}