{"Dims": [1000, 620], "Walls": [[[54, 220], [80, 324], [0, 0, 0], 1.0], [[80, 220], [111, 246], [0, 0, 0], 1.0], [[80, 298], [111, 324], [0, 0, 0], 1.0], [[85, 198], [140, 220], [0, 0, 0], 1.0], [[85, 324], [111, 362], [0, 0, 0], 1.0], [[111, 220], [140, 224], [0, 0, 0], 1.0], [[111, 336], [250, 362], [0, 0, 0], 1.0], [[114, 161], [140, 198], [0, 0, 0], 1.0], [[124, 24], [150, 161], [0, 0, 0], 1.0], [[140, 161], [150, 187], [0, 0, 0], 1.0], [[150, 24], [201, 50], [0, 0, 0], 1.0], [[175, 16], [279, 24], [0, 0, 0], 1.0], [[201, 24], [599, 42], [0, 0, 0], 1.0], [[224, 362], [250, 412], [0, 0, 0], 1.0], [[250, 386], [726, 412], [0, 0, 0], 1.0], [[253, 42], [599, 50], [0, 0, 0], 1.0], [[308, 271], [475, 319], [0, 0, 0], 1.0], [[449, 319], [475, 360], [0, 0, 0], 1.0], [[475, 271], [546, 297], [0, 0, 0], 1.0], [[475, 334], [679, 360], [0, 0, 0], 1.0], [[520, 297], [679, 320], [0, 0, 0], 1.0], [[546, 294], [679, 297], [0, 0, 0], 1.0], [[573, 50], [599, 142], [0, 0, 0], 1.0], [[599, 116], [1000, 142], [0, 0, 0], 1.0], [[653, 320], [679, 334], [0, 0, 0], 1.0], [[700, 364], [1000, 386], [0, 0, 0], 1.0], [[726, 386], [1000, 390], [0, 0, 0], 1.0], [[974, 142], [1000, 364], [0, 0, 0], 1.0]], "Ball": [[837, 332], [-78.941997816176368, -289.42729826467786], 20, [0, 0, 255], 1.0], "Name": "RandomTrial_1845", "Occluders": [], "AbnormWalls": [], "ClosedEnds": [1, 3, 2, 4], "Goals": [[[363, 85], [409, 115], 201, [255, 0, 0]], [[140, 485], [182, 516], 202, [0, 255, 0]]], "Paddle": null, "BKColor": [255, 255, 255]}