{"Dims": [1000, 620], "Walls": [[[91, 160], [117, 324], [0, 0, 0], 1.0], [[109, 324], [135, 436], [0, 0, 0], 1.0], [[117, 160], [195, 186], [0, 0, 0], 1.0], [[117, 298], [135, 324], [0, 0, 0], 1.0], [[135, 410], [176, 436], [0, 0, 0], 1.0], [[150, 436], [176, 620], [0, 0, 0], 1.0], [[169, 186], [288, 201], [0, 0, 0], 1.0], [[176, 596], [660, 620], [0, 0, 0], 1.0], [[195, 175], [288, 186], [0, 0, 0], 1.0], [[262, 113], [288, 175], [0, 0, 0], 1.0], [[288, 113], [432, 139], [0, 0, 0], 1.0], [[355, 410], [560, 461], [0, 0, 0], 1.0], [[406, 21], [432, 113], [0, 0, 0], 1.0], [[432, 21], [863, 47], [0, 0, 0], 1.0], [[534, 391], [598, 410], [0, 0, 0], 1.0], [[560, 410], [598, 417], [0, 0, 0], 1.0], [[560, 435], [598, 461], [0, 0, 0], 1.0], [[572, 417], [598, 435], [0, 0, 0], 1.0], [[634, 486], [660, 596], [0, 0, 0], 1.0], [[660, 486], [860, 512], [0, 0, 0], 1.0], [[821, 373], [860, 486], [0, 0, 0], 1.0], [[834, 512], [860, 612], [0, 0, 0], 1.0], [[837, 47], [863, 209], [0, 0, 0], 1.0], [[860, 586], [1000, 612], [0, 0, 0], 1.0], [[863, 183], [935, 209], [0, 0, 0], 1.0], [[909, 209], [935, 387], [0, 0, 0], 1.0], [[935, 361], [1000, 387], [0, 0, 0], 1.0], [[974, 387], [1000, 586], [0, 0, 0], 1.0]], "Ball": [[769, 250], [-180.85198216033822, 239.35864419042127], 20, [0, 0, 255], 1.0], "Name": "RandomTrial_0362", "Occluders": [], "AbnormWalls": [], "ClosedEnds": [1, 3, 2, 4], "Goals": [[[713, 423], [749, 467], 201, [255, 0, 0]], [[944, 270], [974, 314], 202, [0, 255, 0]]], "Paddle": null, "BKColor": [255, 255, 255]}