{"Dims": [1000, 620], "Walls": [[[22, 134], [48, 324], [0, 0, 0], 1.0], [[48, 134], [269, 160], [0, 0, 0], 1.0], [[48, 298], [87, 324], [0, 0, 0], 1.0], [[61, 324], [87, 606], [0, 0, 0], 1.0], [[77, 606], [843, 620], [0, 0, 0], 1.0], [[87, 580], [103, 606], [0, 0, 0], 1.0], [[103, 596], [843, 606], [0, 0, 0], 1.0], [[243, 160], [269, 192], [0, 0, 0], 1.0], [[269, 166], [456, 192], [0, 0, 0], 1.0], [[430, 105], [456, 166], [0, 0, 0], 1.0], [[456, 105], [492, 131], [0, 0, 0], 1.0], [[466, 71], [492, 105], [0, 0, 0], 1.0], [[490, 302], [516, 394], [0, 0, 0], 1.0], [[492, 71], [679, 97], [0, 0, 0], 1.0], [[516, 302], [698, 328], [0, 0, 0], 1.0], [[516, 368], [731, 394], [0, 0, 0], 1.0], [[653, 97], [679, 131], [0, 0, 0], 1.0], [[672, 131], [698, 302], [0, 0, 0], 1.0], [[679, 105], [698, 131], [0, 0, 0], 1.0], [[705, 394], [731, 424], [0, 0, 0], 1.0], [[731, 398], [831, 424], [0, 0, 0], 1.0], [[805, 424], [831, 553], [0, 0, 0], 1.0], [[817, 553], [843, 596], [0, 0, 0], 1.0], [[831, 527], [843, 553], [0, 0, 0], 1.0]], "Ball": [[229, 323], [262.70365285565521, 144.86818414094716], 20, [0, 0, 255], 1.0], "Name": "RandomTrial_2550", "Occluders": [], "AbnormWalls": [], "ClosedEnds": [1, 3, 2, 4], "Goals": [[[413, 485], [475, 515], 201, [255, 0, 0]], [[842, 417], [884, 437], 202, [0, 255, 0]]], "Paddle": null, "BKColor": [255, 255, 255]}