{"Dims": [1000, 620], "Walls": [[[1, 131], [27, 371], [0, 0, 0], 1.0], [[2, 72], [28, 131], [0, 0, 0], 1.0], [[27, 131], [28, 157], [0, 0, 0], 1.0], [[27, 345], [179, 371], [0, 0, 0], 1.0], [[28, 72], [82, 98], [0, 0, 0], 1.0], [[56, 98], [82, 157], [0, 0, 0], 1.0], [[82, 131], [128, 157], [0, 0, 0], 1.0], [[102, 68], [128, 131], [0, 0, 0], 1.0], [[128, 68], [249, 94], [0, 0, 0], 1.0], [[153, 371], [189, 391], [0, 0, 0], 1.0], [[163, 391], [189, 595], [0, 0, 0], 1.0], [[179, 365], [189, 371], [0, 0, 0], 1.0], [[189, 569], [419, 595], [0, 0, 0], 1.0], [[223, 94], [249, 157], [0, 0, 0], 1.0], [[249, 131], [414, 157], [0, 0, 0], 1.0], [[388, 99], [414, 131], [0, 0, 0], 1.0], [[393, 432], [419, 569], [0, 0, 0], 1.0], [[414, 99], [580, 125], [0, 0, 0], 1.0], [[419, 432], [892, 458], [0, 0, 0], 1.0], [[554, 125], [580, 181], [0, 0, 0], 1.0], [[580, 135], [756, 161], [0, 0, 0], 1.0], [[580, 161], [601, 181], [0, 0, 0], 1.0], [[730, 161], [892, 181], [0, 0, 0], 1.0], [[756, 155], [892, 161], [0, 0, 0], 1.0], [[866, 181], [892, 432], [0, 0, 0], 1.0]], "Ball": [[270, 212], [103.72725323994786, 281.49717038594849], 20, [0, 0, 255], 1.0], "Name": "RandomTrial_2397", "Occluders": [], "AbnormWalls": [], "ClosedEnds": [1, 3, 2, 4], "Goals": [[[403, 317], [451, 348], 201, [255, 0, 0]], [[694, 19], [754, 46], 202, [0, 255, 0]]], "Paddle": null, "BKColor": [255, 255, 255]}