{"Dims": [1000, 620], "Walls": [[[234, 286], [260, 391], [0, 0, 0], 1.0], [[240, 408], [266, 508], [0, 0, 0], 1.0], [[260, 286], [438, 312], [0, 0, 0], 1.0], [[260, 365], [457, 391], [0, 0, 0], 1.0], [[266, 408], [460, 434], [0, 0, 0], 1.0], [[266, 482], [460, 508], [0, 0, 0], 1.0], [[412, 146], [438, 286], [0, 0, 0], 1.0], [[431, 312], [457, 365], [0, 0, 0], 1.0], [[434, 392], [568, 408], [0, 0, 0], 1.0], [[434, 508], [460, 620], [0, 0, 0], 1.0], [[438, 146], [512, 172], [0, 0, 0], 1.0], [[438, 298], [513, 312], [0, 0, 0], 1.0], [[457, 312], [513, 324], [0, 0, 0], 1.0], [[460, 408], [568, 418], [0, 0, 0], 1.0], [[460, 596], [1000, 620], [0, 0, 0], 1.0], [[486, 140], [551, 146], [0, 0, 0], 1.0], [[487, 235], [513, 298], [0, 0, 0], 1.0], [[512, 146], [551, 166], [0, 0, 0], 1.0], [[513, 235], [551, 261], [0, 0, 0], 1.0], [[525, 72], [551, 140], [0, 0, 0], 1.0], [[525, 261], [551, 392], [0, 0, 0], 1.0], [[551, 72], [642, 98], [0, 0, 0], 1.0], [[551, 370], [568, 392], [0, 0, 0], 1.0], [[604, 98], [642, 203], [0, 0, 0], 1.0], [[616, 41], [642, 72], [0, 0, 0], 1.0], [[642, 41], [941, 67], [0, 0, 0], 1.0], [[915, 67], [941, 203], [0, 0, 0], 1.0], [[935, 368], [1000, 407], [0, 0, 0], 1.0], [[941, 177], [1000, 203], [0, 0, 0], 1.0], [[974, 203], [1000, 368], [0, 0, 0], 1.0], [[974, 407], [1000, 596], [0, 0, 0], 1.0]], "Ball": [[602, 480], [297.99056130243815, -34.664468475051592], 20, [0, 0, 255], 1.0], "Name": "RandomTrial_2757", "Occluders": [], "AbnormWalls": [], "ClosedEnds": [1, 3, 2, 4], "Goals": [[[801, 199], [846, 258], 201, [255, 0, 0]], [[279, 51], [319, 80], 202, [0, 255, 0]]], "Paddle": null, "BKColor": [255, 255, 255]}