{"Dims": [1000, 620], "Walls": [[[65, 62], [91, 189], [0, 0, 0], 1.0], [[91, 62], [150, 88], [0, 0, 0], 1.0], [[91, 163], [150, 189], [0, 0, 0], 1.0], [[124, 13], [150, 62], [0, 0, 0], 1.0], [[124, 189], [150, 326], [0, 0, 0], 1.0], [[150, 13], [386, 39], [0, 0, 0], 1.0], [[150, 300], [249, 326], [0, 0, 0], 1.0], [[223, 326], [249, 562], [0, 0, 0], 1.0], [[249, 536], [450, 562], [0, 0, 0], 1.0], [[360, 39], [656, 41], [0, 0, 0], 1.0], [[360, 259], [589, 287], [0, 0, 0], 1.0], [[386, 15], [656, 39], [0, 0, 0], 1.0], [[424, 562], [450, 620], [0, 0, 0], 1.0], [[450, 596], [1000, 620], [0, 0, 0], 1.0], [[563, 287], [589, 339], [0, 0, 0], 1.0], [[589, 259], [656, 285], [0, 0, 0], 1.0], [[589, 313], [628, 339], [0, 0, 0], 1.0], [[602, 339], [628, 456], [0, 0, 0], 1.0], [[628, 430], [710, 456], [0, 0, 0], 1.0], [[630, 41], [656, 259], [0, 0, 0], 1.0], [[684, 345], [710, 430], [0, 0, 0], 1.0], [[710, 345], [852, 371], [0, 0, 0], 1.0], [[826, 309], [852, 345], [0, 0, 0], 1.0], [[852, 309], [993, 335], [0, 0, 0], 1.0], [[967, 335], [993, 371], [0, 0, 0], 1.0], [[974, 371], [1000, 596], [0, 0, 0], 1.0], [[993, 345], [1000, 371], [0, 0, 0], 1.0]], "Ball": [[935, 533], [37.392136000684872, -297.66059222763477], 20, [0, 0, 255], 1.0], "Name": "RandomTrial_2133", "Occluders": [], "AbnormWalls": [], "ClosedEnds": [1, 3, 2, 4], "Goals": [[[667, 513], [700, 537], 201, [255, 0, 0]], [[707, 265], [773, 293], 202, [0, 255, 0]]], "Paddle": null, "BKColor": [255, 255, 255]}