{"Dims": [1000, 620], "Walls": [[[98, 154], [124, 459], [0, 0, 0], 1.0], [[124, 154], [256, 180], [0, 0, 0], 1.0], [[124, 433], [363, 459], [0, 0, 0], 1.0], [[230, 141], [296, 154], [0, 0, 0], 1.0], [[256, 154], [296, 167], [0, 0, 0], 1.0], [[270, 6], [296, 141], [0, 0, 0], 1.0], [[296, 6], [614, 32], [0, 0, 0], 1.0], [[337, 459], [616, 472], [0, 0, 0], 1.0], [[363, 446], [616, 459], [0, 0, 0], 1.0], [[576, 406], [616, 446], [0, 0, 0], 1.0], [[588, 3], [941, 6], [0, 0, 0], 1.0], [[590, 472], [616, 599], [0, 0, 0], 1.0], [[614, 6], [941, 29], [0, 0, 0], 1.0], [[616, 573], [705, 599], [0, 0, 0], 1.0], [[679, 599], [840, 611], [0, 0, 0], 1.0], [[705, 585], [1000, 599], [0, 0, 0], 1.0], [[814, 573], [1000, 585], [0, 0, 0], 1.0], [[915, 29], [941, 59], [0, 0, 0], 1.0], [[941, 33], [1000, 59], [0, 0, 0], 1.0], [[974, 59], [1000, 573], [0, 0, 0], 1.0]], "Ball": [[482, 385], [112.2747683377462, 278.198447865378], 20, [0, 0, 255], 1.0], "Name": "RandomTrial_1439", "Occluders": [], "AbnormWalls": [], "ClosedEnds": [1, 3, 2, 4], "Goals": [[[760, 299], [795, 363], 201, [255, 0, 0]], [[189, 59], [266, 115], 202, [0, 255, 0]]], "Paddle": null, "BKColor": [255, 255, 255]}