{"Dims": [1000, 620], "Walls": [[[62, 23], [88, 334], [0, 0, 0], 1.0], [[88, 23], [571, 49], [0, 0, 0], 1.0], [[88, 308], [200, 334], [0, 0, 0], 1.0], [[174, 334], [200, 462], [0, 0, 0], 1.0], [[200, 436], [465, 462], [0, 0, 0], 1.0], [[248, 462], [274, 620], [0, 0, 0], 1.0], [[274, 596], [1000, 620], [0, 0, 0], 1.0], [[499, 436], [527, 462], [0, 0, 0], 1.0], [[545, 49], [694, 56], [0, 0, 0], 1.0], [[571, 30], [694, 49], [0, 0, 0], 1.0], [[646, 233], [672, 354], [0, 0, 0], 1.0], [[668, 56], [694, 233], [0, 0, 0], 1.0], [[672, 233], [694, 259], [0, 0, 0], 1.0], [[672, 328], [797, 354], [0, 0, 0], 1.0], [[771, 354], [797, 424], [0, 0, 0], 1.0], [[797, 398], [861, 424], [0, 0, 0], 1.0], [[835, 424], [1000, 425], [0, 0, 0], 1.0], [[861, 399], [1000, 424], [0, 0, 0], 1.0], [[974, 425], [1000, 596], [0, 0, 0], 1.0]], "Ball": [[590, 433], [-84.584419295977398, -287.82890058568177], 20, [0, 0, 255], 1.0], "Name": "RandomTrial_0397", "Occluders": [], "AbnormWalls": [], "ClosedEnds": [1, 3, 2, 4], "Goals": [[[284, 239], [362, 305], 201, [255, 0, 0]], [[792, 214], [861, 265], 202, [0, 255, 0]]], "Paddle": null, "BKColor": [255, 255, 255]}