{"Dims": [1000, 620], "Walls": [[[2, 193], [28, 317], [0, 0, 0], 1.0], [[28, 193], [113, 219], [0, 0, 0], 1.0], [[28, 291], [113, 317], [0, 0, 0], 1.0], [[87, 183], [295, 193], [0, 0, 0], 1.0], [[87, 317], [113, 493], [0, 0, 0], 1.0], [[113, 193], [295, 209], [0, 0, 0], 1.0], [[113, 467], [510, 493], [0, 0, 0], 1.0], [[269, 125], [295, 183], [0, 0, 0], 1.0], [[295, 125], [527, 151], [0, 0, 0], 1.0], [[483, 151], [527, 207], [0, 0, 0], 1.0], [[484, 493], [510, 604], [0, 0, 0], 1.0], [[501, 56], [527, 125], [0, 0, 0], 1.0], [[510, 578], [653, 604], [0, 0, 0], 1.0], [[527, 56], [638, 82], [0, 0, 0], 1.0], [[612, 82], [638, 241], [0, 0, 0], 1.0], [[627, 604], [905, 620], [0, 0, 0], 1.0], [[638, 215], [678, 241], [0, 0, 0], 1.0], [[652, 241], [678, 271], [0, 0, 0], 1.0], [[653, 596], [905, 604], [0, 0, 0], 1.0], [[678, 245], [844, 271], [0, 0, 0], 1.0], [[818, 271], [844, 359], [0, 0, 0], 1.0], [[844, 333], [1000, 359], [0, 0, 0], 1.0], [[879, 474], [905, 596], [0, 0, 0], 1.0], [[905, 474], [1000, 500], [0, 0, 0], 1.0], [[974, 359], [1000, 474], [0, 0, 0], 1.0]], "Ball": [[449, 297], [-176.80489093471269, 242.36342657580238], 20, [0, 0, 255], 1.0], "Name": "RandomTrial_1155", "Occluders": [], "AbnormWalls": [], "ClosedEnds": [1, 3, 2, 4], "Goals": [[[199, 419], [259, 464], 201, [255, 0, 0]], [[374, 561], [453, 596], 202, [0, 255, 0]]], "Paddle": null, "BKColor": [255, 255, 255]}