{"Dims": [1000, 620], "Walls": [[[24, 135], [50, 255], [0, 0, 0], 1.0], [[50, 135], [237, 161], [0, 0, 0], 1.0], [[50, 229], [237, 255], [0, 0, 0], 1.0], [[137, 255], [163, 557], [0, 0, 0], 1.0], [[163, 255], [237, 271], [0, 0, 0], 1.0], [[163, 531], [313, 557], [0, 0, 0], 1.0], [[211, 22], [237, 135], [0, 0, 0], 1.0], [[237, 22], [517, 48], [0, 0, 0], 1.0], [[287, 557], [463, 571], [0, 0, 0], 1.0], [[313, 545], [463, 557], [0, 0, 0], 1.0], [[437, 571], [463, 620], [0, 0, 0], 1.0], [[463, 596], [883, 620], [0, 0, 0], 1.0], [[491, 0], [879, 22], [0, 0, 0], 1.0], [[517, 22], [879, 26], [0, 0, 0], 1.0], [[617, 186], [643, 278], [0, 0, 0], 1.0], [[643, 186], [879, 212], [0, 0, 0], 1.0], [[643, 252], [789, 278], [0, 0, 0], 1.0], [[763, 278], [789, 360], [0, 0, 0], 1.0], [[763, 497], [883, 535], [0, 0, 0], 1.0], [[789, 334], [824, 360], [0, 0, 0], 1.0], [[798, 360], [824, 427], [0, 0, 0], 1.0], [[824, 401], [1000, 427], [0, 0, 0], 1.0], [[853, 26], [879, 186], [0, 0, 0], 1.0], [[857, 535], [883, 596], [0, 0, 0], 1.0], [[883, 497], [1000, 523], [0, 0, 0], 1.0], [[974, 427], [1000, 497], [0, 0, 0], 1.0]], "Ball": [[610, 429], [-73.215185533876607, -290.92874833408956], 20, [0, 0, 255], 1.0], "Name": "RandomTrial_1014", "Occluders": [], "AbnormWalls": [], "ClosedEnds": [1, 3, 2, 4], "Goals": [[[415, 267], [460, 288], 201, [255, 0, 0]], [[895, 156], [968, 202], 202, [0, 255, 0]]], "Paddle": null, "BKColor": [255, 255, 255]}