{"Dims": [1000, 620], "Walls": [[[68, 120], [94, 324], [0, 0, 0], 1.0], [[94, 120], [439, 146], [0, 0, 0], 1.0], [[94, 298], [366, 324], [0, 0, 0], 1.0], [[330, 391], [356, 620], [0, 0, 0], 1.0], [[340, 324], [366, 360], [0, 0, 0], 1.0], [[352, 360], [378, 391], [0, 0, 0], 1.0], [[356, 391], [378, 417], [0, 0, 0], 1.0], [[356, 596], [464, 620], [0, 0, 0], 1.0], [[366, 334], [378, 360], [0, 0, 0], 1.0], [[413, 111], [823, 120], [0, 0, 0], 1.0], [[438, 583], [602, 596], [0, 0, 0], 1.0], [[439, 120], [823, 137], [0, 0, 0], 1.0], [[464, 596], [602, 609], [0, 0, 0], 1.0], [[576, 498], [602, 583], [0, 0, 0], 1.0], [[602, 498], [777, 524], [0, 0, 0], 1.0], [[751, 524], [777, 620], [0, 0, 0], 1.0], [[777, 596], [1000, 620], [0, 0, 0], 1.0], [[797, 93], [867, 111], [0, 0, 0], 1.0], [[823, 111], [867, 119], [0, 0, 0], 1.0], [[841, 76], [1000, 93], [0, 0, 0], 1.0], [[867, 93], [1000, 102], [0, 0, 0], 1.0], [[921, 194], [947, 254], [0, 0, 0], 1.0], [[947, 194], [1000, 220], [0, 0, 0], 1.0], [[947, 228], [1000, 254], [0, 0, 0], 1.0], [[974, 102], [1000, 194], [0, 0, 0], 1.0], [[974, 254], [1000, 596], [0, 0, 0], 1.0]], "Ball": [[432, 280], [113.83325302645567, -277.56438983669165], 20, [0, 0, 255], 1.0], "Name": "RandomTrial_0584", "Occluders": [], "AbnormWalls": [], "ClosedEnds": [1, 3, 2, 4], "Goals": [[[766, 140], [835, 182], 201, [255, 0, 0]], [[52, 326], [90, 395], 202, [0, 255, 0]]], "Paddle": null, "BKColor": [255, 255, 255]}