{"Dims": [1000, 620], "Walls": [[[194, 249], [220, 538], [0, 0, 0], 1.0], [[220, 249], [369, 275], [0, 0, 0], 1.0], [[220, 512], [678, 538], [0, 0, 0], 1.0], [[270, 47], [296, 170], [0, 0, 0], 1.0], [[296, 47], [358, 73], [0, 0, 0], 1.0], [[296, 144], [358, 170], [0, 0, 0], 1.0], [[332, 28], [611, 47], [0, 0, 0], 1.0], [[332, 170], [358, 218], [0, 0, 0], 1.0], [[343, 218], [369, 249], [0, 0, 0], 1.0], [[358, 47], [611, 54], [0, 0, 0], 1.0], [[358, 192], [369, 218], [0, 0, 0], 1.0], [[585, 54], [611, 89], [0, 0, 0], 1.0], [[611, 63], [787, 89], [0, 0, 0], 1.0], [[652, 311], [678, 512], [0, 0, 0], 1.0], [[678, 311], [791, 337], [0, 0, 0], 1.0], [[761, 23], [787, 63], [0, 0, 0], 1.0], [[765, 253], [791, 311], [0, 0, 0], 1.0], [[787, 23], [1000, 49], [0, 0, 0], 1.0], [[791, 253], [1000, 279], [0, 0, 0], 1.0], [[974, 49], [1000, 253], [0, 0, 0], 1.0]], "Ball": [[776, 147], [-299.98987070050532, -2.4652539613776923], 20, [0, 0, 255], 1.0], "Name": "RandomTrial_0640", "Occluders": [], "AbnormWalls": [], "ClosedEnds": [1, 3, 2, 4], "Goals": [[[409, 54], [484, 96], 201, [255, 0, 0]], [[386, 543], [420, 566], 202, [0, 255, 0]]], "Paddle": null, "BKColor": [255, 255, 255]}