{"Dims": [1000, 620], "Walls": [[[69, 322], [95, 572], [0, 0, 0], 1.0], [[95, 322], [271, 348], [0, 0, 0], 1.0], [[95, 546], [460, 572], [0, 0, 0], 1.0], [[245, 223], [271, 322], [0, 0, 0], 1.0], [[246, 190], [272, 223], [0, 0, 0], 1.0], [[271, 223], [272, 249], [0, 0, 0], 1.0], [[272, 190], [360, 216], [0, 0, 0], 1.0], [[334, 94], [360, 190], [0, 0, 0], 1.0], [[360, 94], [434, 120], [0, 0, 0], 1.0], [[408, 71], [513, 94], [0, 0, 0], 1.0], [[434, 94], [513, 97], [0, 0, 0], 1.0], [[434, 486], [460, 546], [0, 0, 0], 1.0], [[458, 482], [510, 486], [0, 0, 0], 1.0], [[460, 486], [510, 512], [0, 0, 0], 1.0], [[484, 512], [847, 520], [0, 0, 0], 1.0], [[487, 97], [533, 152], [0, 0, 0], 1.0], [[510, 494], [847, 512], [0, 0, 0], 1.0], [[513, 96], [976, 97], [0, 0, 0], 1.0], [[533, 97], [976, 122], [0, 0, 0], 1.0], [[554, 310], [656, 348], [0, 0, 0], 1.0], [[821, 388], [852, 494], [0, 0, 0], 1.0], [[847, 494], [1000, 495], [0, 0, 0], 1.0], [[852, 469], [1000, 494], [0, 0, 0], 1.0], [[950, 122], [976, 239], [0, 0, 0], 1.0], [[974, 239], [1000, 469], [0, 0, 0], 1.0], [[976, 213], [1000, 239], [0, 0, 0], 1.0]], "Ball": [[731, 289], [-154.81502382856445, 256.96752401220084], 20, [0, 0, 255], 1.0], "Name": "RandomTrial_0152", "Occluders": [], "AbnormWalls": [], "ClosedEnds": [1, 3, 2, 4], "Goals": [[[332, 388], [394, 452], 201, [255, 0, 0]], [[915, 551], [964, 576], 202, [0, 255, 0]]], "Paddle": null, "BKColor": [255, 255, 255]}