{"Dims": [1000, 620], "Walls": [[[215, 205], [241, 506], [0, 0, 0], 1.0], [[241, 205], [334, 231], [0, 0, 0], 1.0], [[241, 480], [334, 506], [0, 0, 0], 1.0], [[308, 231], [432, 247], [0, 0, 0], 1.0], [[308, 357], [334, 480], [0, 0, 0], 1.0], [[334, 221], [432, 231], [0, 0, 0], 1.0], [[334, 357], [474, 383], [0, 0, 0], 1.0], [[406, 87], [432, 221], [0, 0, 0], 1.0], [[432, 87], [513, 113], [0, 0, 0], 1.0], [[448, 383], [474, 548], [0, 0, 0], 1.0], [[474, 522], [946, 548], [0, 0, 0], 1.0], [[487, 113], [513, 247], [0, 0, 0], 1.0], [[513, 221], [703, 247], [0, 0, 0], 1.0], [[652, 247], [703, 270], [0, 0, 0], 1.0], [[677, 178], [703, 221], [0, 0, 0], 1.0], [[703, 178], [926, 204], [0, 0, 0], 1.0], [[900, 204], [926, 270], [0, 0, 0], 1.0], [[920, 270], [946, 522], [0, 0, 0], 1.0], [[926, 244], [946, 270], [0, 0, 0], 1.0]], "Ball": [[824, 424], [-101.10983334695436, -282.44787412999079], 20, [0, 0, 255], 1.0], "Name": "RandomTrial_1686", "Occluders": [], "AbnormWalls": [], "ClosedEnds": [1, 3, 2, 4], "Goals": [[[478, 440], [538, 462], 201, [255, 0, 0]], [[129, 125], [202, 192], 202, [0, 255, 0]]], "Paddle": null, "BKColor": [255, 255, 255]}