{"Dims": [1000, 620], "Walls": [[[156, 182], [182, 334], [0, 0, 0], 1.0], [[158, 334], [184, 549], [0, 0, 0], 1.0], [[177, 76], [203, 182], [0, 0, 0], 1.0], [[182, 182], [203, 208], [0, 0, 0], 1.0], [[182, 308], [184, 334], [0, 0, 0], 1.0], [[184, 523], [292, 549], [0, 0, 0], 1.0], [[203, 76], [423, 102], [0, 0, 0], 1.0], [[266, 549], [292, 620], [0, 0, 0], 1.0], [[292, 596], [431, 620], [0, 0, 0], 1.0], [[397, 54], [632, 76], [0, 0, 0], 1.0], [[405, 543], [431, 596], [0, 0, 0], 1.0], [[423, 76], [632, 80], [0, 0, 0], 1.0], [[431, 543], [621, 569], [0, 0, 0], 1.0], [[487, 116], [513, 176], [0, 0, 0], 1.0], [[513, 116], [632, 142], [0, 0, 0], 1.0], [[513, 150], [633, 176], [0, 0, 0], 1.0], [[595, 569], [621, 620], [0, 0, 0], 1.0], [[606, 80], [632, 116], [0, 0, 0], 1.0], [[607, 176], [869, 184], [0, 0, 0], 1.0], [[621, 596], [1000, 620], [0, 0, 0], 1.0], [[633, 158], [869, 176], [0, 0, 0], 1.0], [[843, 184], [869, 299], [0, 0, 0], 1.0], [[869, 273], [1000, 299], [0, 0, 0], 1.0], [[974, 299], [1000, 596], [0, 0, 0], 1.0]], "Ball": [[394, 122], [201.1175758450409, 222.60215786513442], 20, [0, 0, 255], 1.0], "Name": "RandomTrial_2806", "Occluders": [], "AbnormWalls": [], "ClosedEnds": [1, 3, 2, 4], "Goals": [[[834, 490], [902, 528], 201, [255, 0, 0]], [[71, 417], [135, 454], 202, [0, 255, 0]]], "Paddle": null, "BKColor": [255, 255, 255]}