{"Dims": [1000, 620], "Walls": [[[28, 380], [54, 620], [0, 0, 0], 1.0], [[54, 380], [472, 406], [0, 0, 0], 1.0], [[54, 596], [664, 620], [0, 0, 0], 1.0], [[55, 276], [81, 380], [0, 0, 0], 1.0], [[81, 276], [255, 302], [0, 0, 0], 1.0], [[81, 356], [425, 380], [0, 0, 0], 1.0], [[227, 53], [253, 165], [0, 0, 0], 1.0], [[229, 21], [255, 53], [0, 0, 0], 1.0], [[229, 165], [255, 276], [0, 0, 0], 1.0], [[253, 53], [255, 79], [0, 0, 0], 1.0], [[253, 139], [255, 165], [0, 0, 0], 1.0], [[255, 21], [525, 47], [0, 0, 0], 1.0], [[399, 298], [425, 356], [0, 0, 0], 1.0], [[425, 298], [472, 324], [0, 0, 0], 1.0], [[446, 324], [472, 380], [0, 0, 0], 1.0], [[499, 47], [724, 50], [0, 0, 0], 1.0], [[525, 24], [724, 47], [0, 0, 0], 1.0], [[638, 482], [664, 596], [0, 0, 0], 1.0], [[664, 482], [811, 508], [0, 0, 0], 1.0], [[698, 50], [724, 211], [0, 0, 0], 1.0], [[724, 185], [811, 211], [0, 0, 0], 1.0], [[785, 211], [811, 391], [0, 0, 0], 1.0], [[785, 431], [811, 482], [0, 0, 0], 1.0], [[811, 365], [920, 391], [0, 0, 0], 1.0], [[811, 431], [920, 457], [0, 0, 0], 1.0], [[894, 391], [920, 431], [0, 0, 0], 1.0]], "Ball": [[436, 256], [235.94709488022067, 185.28078264510904], 20, [0, 0, 255], 1.0], "Name": "RandomTrial_2381", "Occluders": [], "AbnormWalls": [], "ClosedEnds": [1, 3, 2, 4], "Goals": [[[561, 428], [630, 451], 201, [255, 0, 0]], [[5, 209], [45, 279], 202, [0, 255, 0]]], "Paddle": null, "BKColor": [255, 255, 255]}