{"Dims": [1000, 620], "Walls": [[[55, 29], [81, 152], [0, 0, 0], 1.0], [[81, 29], [325, 55], [0, 0, 0], 1.0], [[81, 126], [172, 152], [0, 0, 0], 1.0], [[146, 152], [172, 189], [0, 0, 0], 1.0], [[172, 163], [213, 189], [0, 0, 0], 1.0], [[187, 189], [213, 455], [0, 0, 0], 1.0], [[213, 429], [574, 455], [0, 0, 0], 1.0], [[299, 55], [325, 87], [0, 0, 0], 1.0], [[325, 61], [422, 87], [0, 0, 0], 1.0], [[396, 87], [506, 97], [0, 0, 0], 1.0], [[422, 71], [506, 87], [0, 0, 0], 1.0], [[480, 97], [760, 114], [0, 0, 0], 1.0], [[506, 88], [980, 97], [0, 0, 0], 1.0], [[548, 455], [574, 620], [0, 0, 0], 1.0], [[574, 596], [815, 620], [0, 0, 0], 1.0], [[734, 78], [980, 88], [0, 0, 0], 1.0], [[760, 97], [1000, 104], [0, 0, 0], 1.0], [[789, 357], [815, 596], [0, 0, 0], 1.0], [[815, 357], [927, 383], [0, 0, 0], 1.0], [[901, 232], [927, 357], [0, 0, 0], 1.0], [[927, 232], [980, 258], [0, 0, 0], 1.0], [[954, 104], [1000, 123], [0, 0, 0], 1.0], [[954, 193], [980, 232], [0, 0, 0], 1.0], [[974, 123], [1000, 193], [0, 0, 0], 1.0], [[980, 193], [1000, 219], [0, 0, 0], 1.0]], "Ball": [[547, 190], [77.096038931981369, -289.92447427045272], 20, [0, 0, 255], 1.0], "Name": "RandomTrial_0331", "Occluders": [], "AbnormWalls": [], "ClosedEnds": [1, 3, 2, 4], "Goals": [[[712, 141], [758, 169], 201, [255, 0, 0]], [[50, 260], [84, 287], 202, [0, 255, 0]]], "Paddle": null, "BKColor": [255, 255, 255]}