{"Dims": [1000, 620], "Walls": [[[149, 47], [175, 324], [0, 0, 0], 1.0], [[175, 47], [513, 73], [0, 0, 0], 1.0], [[175, 298], [219, 324], [0, 0, 0], 1.0], [[193, 324], [219, 396], [0, 0, 0], 1.0], [[219, 370], [446, 396], [0, 0, 0], 1.0], [[417, 298], [446, 370], [0, 0, 0], 1.0], [[420, 396], [446, 462], [0, 0, 0], 1.0], [[446, 436], [518, 462], [0, 0, 0], 1.0], [[487, 73], [513, 183], [0, 0, 0], 1.0], [[492, 462], [518, 620], [0, 0, 0], 1.0], [[513, 157], [677, 183], [0, 0, 0], 1.0], [[518, 596], [743, 620], [0, 0, 0], 1.0], [[560, 436], [610, 596], [0, 0, 0], 1.0], [[651, 106], [677, 157], [0, 0, 0], 1.0], [[677, 106], [823, 132], [0, 0, 0], 1.0], [[717, 516], [743, 596], [0, 0, 0], 1.0], [[743, 516], [1000, 542], [0, 0, 0], 1.0], [[797, 132], [823, 225], [0, 0, 0], 1.0], [[823, 199], [1000, 225], [0, 0, 0], 1.0], [[974, 225], [1000, 516], [0, 0, 0], 1.0]], "Ball": [[389, 275], [295.28199853734009, 52.99567284028268], 20, [0, 0, 255], 1.0], "Name": "RandomTrial_2319", "Occluders": [], "AbnormWalls": [], "ClosedEnds": [1, 3, 2, 4], "Goals": [[[743, 299], [795, 356], 201, [255, 0, 0]], [[36, 118], [100, 173], 202, [0, 255, 0]]], "Paddle": null, "BKColor": [255, 255, 255]}