{"Dims": [1000, 620], "Walls": [[[44, 66], [70, 257], [0, 0, 0], 1.0], [[70, 66], [216, 92], [0, 0, 0], 1.0], [[70, 231], [213, 257], [0, 0, 0], 1.0], [[139, 447], [165, 620], [0, 0, 0], 1.0], [[165, 447], [393, 473], [0, 0, 0], 1.0], [[165, 596], [602, 620], [0, 0, 0], 1.0], [[187, 257], [213, 324], [0, 0, 0], 1.0], [[190, 92], [216, 152], [0, 0, 0], 1.0], [[213, 298], [300, 324], [0, 0, 0], 1.0], [[216, 126], [513, 152], [0, 0, 0], 1.0], [[274, 324], [300, 401], [0, 0, 0], 1.0], [[300, 375], [393, 401], [0, 0, 0], 1.0], [[367, 401], [393, 447], [0, 0, 0], 1.0], [[487, 152], [513, 224], [0, 0, 0], 1.0], [[513, 198], [620, 224], [0, 0, 0], 1.0], [[576, 539], [602, 596], [0, 0, 0], 1.0], [[594, 224], [670, 235], [0, 0, 0], 1.0], [[602, 539], [704, 565], [0, 0, 0], 1.0], [[620, 209], [670, 224], [0, 0, 0], 1.0], [[644, 54], [670, 209], [0, 0, 0], 1.0], [[670, 54], [788, 80], [0, 0, 0], 1.0], [[678, 565], [704, 620], [0, 0, 0], 1.0], [[704, 596], [1000, 620], [0, 0, 0], 1.0], [[762, 80], [788, 246], [0, 0, 0], 1.0], [[788, 220], [842, 246], [0, 0, 0], 1.0], [[816, 246], [842, 391], [0, 0, 0], 1.0], [[842, 365], [869, 391], [0, 0, 0], 1.0], [[843, 391], [925, 417], [0, 0, 0], 1.0], [[899, 334], [925, 391], [0, 0, 0], 1.0], [[925, 334], [988, 360], [0, 0, 0], 1.0], [[962, 360], [988, 417], [0, 0, 0], 1.0], [[974, 417], [1000, 596], [0, 0, 0], 1.0], [[988, 391], [1000, 417], [0, 0, 0], 1.0]], "Ball": [[513, 440], [269.78352176828975, 131.2130000506761], 20, [0, 0, 255], 1.0], "Name": "RandomTrial_0491", "Occluders": [], "AbnormWalls": [], "ClosedEnds": [1, 3, 2, 4], "Goals": [[[688, 367], [751, 436], 201, [255, 0, 0]], [[537, 76], [609, 130], 202, [0, 255, 0]]], "Paddle": null, "BKColor": [255, 255, 255]}