{"Dims": [1000, 620], "Walls": [[[62, 273], [88, 418], [0, 0, 0], 1.0], [[88, 273], [134, 299], [0, 0, 0], 1.0], [[88, 392], [134, 418], [0, 0, 0], 1.0], [[108, 264], [187, 273], [0, 0, 0], 1.0], [[108, 418], [134, 456], [0, 0, 0], 1.0], [[118, 259], [187, 264], [0, 0, 0], 1.0], [[118, 456], [230, 474], [0, 0, 0], 1.0], [[134, 273], [187, 285], [0, 0, 0], 1.0], [[134, 285], [144, 290], [0, 0, 0], 1.0], [[134, 430], [144, 456], [0, 0, 0], 1.0], [[144, 448], [230, 456], [0, 0, 0], 1.0], [[161, 166], [187, 259], [0, 0, 0], 1.0], [[187, 166], [351, 192], [0, 0, 0], 1.0], [[204, 474], [230, 615], [0, 0, 0], 1.0], [[230, 589], [315, 615], [0, 0, 0], 1.0], [[289, 448], [315, 589], [0, 0, 0], 1.0], [[315, 448], [440, 474], [0, 0, 0], 1.0], [[325, 192], [383, 193], [0, 0, 0], 1.0], [[351, 167], [383, 192], [0, 0, 0], 1.0], [[357, 144], [399, 167], [0, 0, 0], 1.0], [[373, 125], [616, 144], [0, 0, 0], 1.0], [[383, 167], [399, 170], [0, 0, 0], 1.0], [[399, 144], [817, 151], [0, 0, 0], 1.0], [[414, 474], [608, 480], [0, 0, 0], 1.0], [[440, 454], [608, 474], [0, 0, 0], 1.0], [[582, 428], [701, 454], [0, 0, 0], 1.0], [[590, 151], [817, 153], [0, 0, 0], 1.0], [[616, 127], [734, 144], [0, 0, 0], 1.0], [[675, 454], [759, 457], [0, 0, 0], 1.0], [[701, 431], [1000, 454], [0, 0, 0], 1.0], [[708, 153], [817, 170], [0, 0, 0], 1.0], [[733, 428], [1000, 431], [0, 0, 0], 1.0], [[791, 170], [1000, 191], [0, 0, 0], 1.0], [[817, 165], [1000, 170], [0, 0, 0], 1.0], [[974, 191], [1000, 428], [0, 0, 0], 1.0]], "Ball": [[290, 289], [48.401303641022238, 296.06977860945142], 20, [0, 0, 255], 1.0], "Name": "RandomTrial_2137", "Occluders": [], "AbnormWalls": [], "ClosedEnds": [1, 3, 2, 4], "Goals": [[[697, 214], [730, 280], 201, [255, 0, 0]], [[59, 230], [108, 254], 202, [0, 255, 0]]], "Paddle": null, "BKColor": [255, 255, 255]}