{"Dims": [1000, 620], "Walls": [[[6, 344], [32, 575], [0, 0, 0], 1.0], [[32, 344], [71, 370], [0, 0, 0], 1.0], [[32, 549], [88, 575], [0, 0, 0], 1.0], [[45, 239], [71, 344], [0, 0, 0], 1.0], [[62, 531], [117, 549], [0, 0, 0], 1.0], [[71, 239], [167, 265], [0, 0, 0], 1.0], [[88, 549], [117, 557], [0, 0, 0], 1.0], [[91, 557], [117, 620], [0, 0, 0], 1.0], [[117, 596], [518, 620], [0, 0, 0], 1.0], [[141, 40], [167, 239], [0, 0, 0], 1.0], [[167, 40], [513, 66], [0, 0, 0], 1.0], [[313, 349], [412, 392], [0, 0, 0], 1.0], [[386, 298], [412, 349], [0, 0, 0], 1.0], [[412, 298], [519, 324], [0, 0, 0], 1.0], [[412, 366], [519, 392], [0, 0, 0], 1.0], [[487, 66], [513, 298], [0, 0, 0], 1.0], [[492, 481], [518, 596], [0, 0, 0], 1.0], [[493, 324], [519, 366], [0, 0, 0], 1.0], [[513, 165], [812, 191], [0, 0, 0], 1.0], [[513, 191], [519, 298], [0, 0, 0], 1.0], [[518, 481], [660, 507], [0, 0, 0], 1.0], [[634, 402], [660, 481], [0, 0, 0], 1.0], [[660, 402], [812, 428], [0, 0, 0], 1.0], [[786, 191], [812, 402], [0, 0, 0], 1.0]], "Ball": [[274, 549], [233.96063776275213, -187.7829065108065], 20, [0, 0, 255], 1.0], "Name": "RandomTrial_2484", "Occluders": [], "AbnormWalls": [], "ClosedEnds": [1, 3, 2, 4], "Goals": [[[537, 303], [591, 323], 201, [255, 0, 0]], [[908, 189], [951, 210], 202, [0, 255, 0]]], "Paddle": null, "BKColor": [255, 255, 255]}