{"Dims": [1000, 620], "Walls": [[[34, 112], [60, 389], [0, 0, 0], 1.0], [[60, 112], [212, 138], [0, 0, 0], 1.0], [[60, 363], [210, 389], [0, 0, 0], 1.0], [[184, 389], [210, 620], [0, 0, 0], 1.0], [[186, 54], [212, 112], [0, 0, 0], 1.0], [[196, 46], [733, 54], [0, 0, 0], 1.0], [[210, 596], [316, 620], [0, 0, 0], 1.0], [[212, 54], [305, 72], [0, 0, 0], 1.0], [[212, 72], [222, 80], [0, 0, 0], 1.0], [[279, 40], [733, 46], [0, 0, 0], 1.0], [[290, 363], [316, 596], [0, 0, 0], 1.0], [[305, 54], [733, 66], [0, 0, 0], 1.0], [[316, 363], [466, 389], [0, 0, 0], 1.0], [[440, 167], [466, 363], [0, 0, 0], 1.0], [[466, 167], [733, 193], [0, 0, 0], 1.0], [[707, 19], [952, 40], [0, 0, 0], 1.0], [[707, 193], [733, 286], [0, 0, 0], 1.0], [[733, 40], [952, 45], [0, 0, 0], 1.0], [[733, 260], [952, 286], [0, 0, 0], 1.0], [[926, 45], [952, 260], [0, 0, 0], 1.0]], "Ball": [[86, 171], [216.30351119255974, 207.87686510473017], 20, [0, 0, 255], 1.0], "Name": "RandomTrial_2722", "Occluders": [], "AbnormWalls": [], "ClosedEnds": [1, 3, 2, 4], "Goals": [[[719, 135], [780, 163], 201, [255, 0, 0]], [[512, 558], [563, 596], 202, [0, 255, 0]]], "Paddle": null, "BKColor": [255, 255, 255]}