{"Dims": [1000, 620], "Walls": [[[181, 138], [207, 324], [0, 0, 0], 1.0], [[207, 138], [297, 164], [0, 0, 0], 1.0], [[207, 298], [513, 324], [0, 0, 0], 1.0], [[271, 89], [297, 138], [0, 0, 0], 1.0], [[297, 89], [327, 115], [0, 0, 0], 1.0], [[301, 72], [719, 89], [0, 0, 0], 1.0], [[327, 89], [719, 98], [0, 0, 0], 1.0], [[487, 277], [761, 298], [0, 0, 0], 1.0], [[513, 298], [761, 303], [0, 0, 0], 1.0], [[693, 58], [794, 72], [0, 0, 0], 1.0], [[719, 72], [794, 84], [0, 0, 0], 1.0], [[735, 214], [761, 277], [0, 0, 0], 1.0], [[761, 214], [976, 240], [0, 0, 0], 1.0], [[768, 84], [794, 172], [0, 0, 0], 1.0], [[794, 146], [976, 172], [0, 0, 0], 1.0], [[950, 172], [976, 214], [0, 0, 0], 1.0]], "Ball": [[266, 210], [276.98176835449277, 115.24365491955771], 20, [0, 0, 255], 1.0], "Name": "RandomTrial_1307", "Occluders": [], "AbnormWalls": [], "ClosedEnds": [1, 3, 2, 4], "Goals": [[[562, 99], [606, 152], 201, [255, 0, 0]], [[158, 80], [228, 119], 202, [0, 255, 0]]], "Paddle": null, "BKColor": [255, 255, 255]}