{"Dims": [1000, 620], "Walls": [[[38, 97], [64, 387], [0, 0, 0], 1.0], [[64, 97], [361, 123], [0, 0, 0], 1.0], [[64, 361], [365, 387], [0, 0, 0], 1.0], [[335, 63], [361, 97], [0, 0, 0], 1.0], [[339, 387], [365, 498], [0, 0, 0], 1.0], [[349, 140], [375, 281], [0, 0, 0], 1.0], [[361, 63], [513, 89], [0, 0, 0], 1.0], [[365, 472], [637, 498], [0, 0, 0], 1.0], [[375, 140], [513, 166], [0, 0, 0], 1.0], [[375, 255], [618, 281], [0, 0, 0], 1.0], [[487, 89], [513, 140], [0, 0, 0], 1.0], [[592, 93], [618, 255], [0, 0, 0], 1.0], [[611, 498], [637, 620], [0, 0, 0], 1.0], [[618, 93], [1000, 119], [0, 0, 0], 1.0], [[637, 596], [706, 620], [0, 0, 0], 1.0], [[680, 472], [706, 596], [0, 0, 0], 1.0], [[706, 472], [783, 498], [0, 0, 0], 1.0], [[757, 262], [783, 472], [0, 0, 0], 1.0], [[783, 262], [1000, 288], [0, 0, 0], 1.0], [[974, 119], [1000, 262], [0, 0, 0], 1.0]], "Ball": [[723, 161], [-231.09926613740021, 191.29330670662543], 20, [0, 0, 255], 1.0], "Name": "RandomTrial_1466", "Occluders": [], "AbnormWalls": [], "ClosedEnds": [1, 3, 2, 4], "Goals": [[[188, 198], [267, 218], 201, [255, 0, 0]], [[925, 303], [959, 332], 202, [0, 255, 0]]], "Paddle": null, "BKColor": [255, 255, 255]}