{"Dims": [1000, 620], "Walls": [[[56, 287], [82, 503], [0, 0, 0], 1.0], [[64, 120], [90, 287], [0, 0, 0], 1.0], [[82, 287], [90, 313], [0, 0, 0], 1.0], [[82, 477], [146, 503], [0, 0, 0], 1.0], [[90, 120], [303, 146], [0, 0, 0], 1.0], [[120, 298], [146, 477], [0, 0, 0], 1.0], [[146, 298], [311, 324], [0, 0, 0], 1.0], [[277, 73], [303, 120], [0, 0, 0], 1.0], [[285, 291], [380, 298], [0, 0, 0], 1.0], [[303, 73], [638, 99], [0, 0, 0], 1.0], [[311, 298], [380, 317], [0, 0, 0], 1.0], [[354, 317], [380, 416], [0, 0, 0], 1.0], [[380, 390], [409, 416], [0, 0, 0], 1.0], [[383, 416], [409, 482], [0, 0, 0], 1.0], [[396, 482], [422, 620], [0, 0, 0], 1.0], [[409, 456], [437, 482], [0, 0, 0], 1.0], [[422, 482], [437, 496], [0, 0, 0], 1.0], [[422, 596], [739, 620], [0, 0, 0], 1.0], [[480, 456], [739, 496], [0, 0, 0], 1.0], [[579, 170], [638, 207], [0, 0, 0], 1.0], [[612, 99], [638, 170], [0, 0, 0], 1.0], [[638, 181], [886, 207], [0, 0, 0], 1.0], [[713, 496], [739, 596], [0, 0, 0], 1.0], [[739, 456], [886, 482], [0, 0, 0], 1.0], [[860, 207], [886, 456], [0, 0, 0], 1.0]], "Ball": [[532, 350], [-217.18325480729925, 206.95756529131214], 20, [0, 0, 255], 1.0], "Name": "RandomTrial_2868", "Occluders": [], "AbnormWalls": [], "ClosedEnds": [1, 3, 2, 4], "Goals": [[[207, 254], [264, 290], 201, [255, 0, 0]], [[894, 324], [932, 379], 202, [0, 255, 0]]], "Paddle": null, "BKColor": [255, 255, 255]}