{"Dims": [1000, 620], "Walls": [[[44, 42], [70, 163], [0, 0, 0], 1.0], [[47, 193], [73, 472], [0, 0, 0], 1.0], [[70, 42], [217, 68], [0, 0, 0], 1.0], [[70, 137], [217, 163], [0, 0, 0], 1.0], [[73, 193], [217, 219], [0, 0, 0], 1.0], [[73, 446], [354, 472], [0, 0, 0], 1.0], [[191, 24], [301, 42], [0, 0, 0], 1.0], [[191, 163], [217, 193], [0, 0, 0], 1.0], [[217, 42], [490, 50], [0, 0, 0], 1.0], [[275, 50], [490, 68], [0, 0, 0], 1.0], [[328, 349], [370, 410], [0, 0, 0], 1.0], [[328, 410], [354, 446], [0, 0, 0], 1.0], [[370, 384], [767, 410], [0, 0, 0], 1.0], [[464, 68], [503, 134], [0, 0, 0], 1.0], [[490, 63], [918, 68], [0, 0, 0], 1.0], [[503, 68], [918, 89], [0, 0, 0], 1.0], [[741, 349], [767, 384], [0, 0, 0], 1.0], [[767, 349], [805, 375], [0, 0, 0], 1.0], [[779, 188], [805, 349], [0, 0, 0], 1.0], [[805, 188], [918, 214], [0, 0, 0], 1.0], [[892, 89], [918, 188], [0, 0, 0], 1.0]], "Ball": [[135, 241], [89.904236802212907, -286.21185895244037], 20, [0, 0, 255], 1.0], "Name": "RandomTrial_0047", "Occluders": [], "AbnormWalls": [], "ClosedEnds": [1, 3, 2, 4], "Goals": [[[304, 286], [353, 335], 201, [255, 0, 0]], [[513, 493], [582, 523], 202, [0, 255, 0]]], "Paddle": null, "BKColor": [255, 255, 255]}