{"Dims": [1000, 620], "Walls": [[[7, 163], [33, 481], [0, 0, 0], 1.0], [[28, 131], [54, 163], [0, 0, 0], 1.0], [[33, 163], [54, 189], [0, 0, 0], 1.0], [[33, 455], [111, 481], [0, 0, 0], 1.0], [[54, 131], [247, 157], [0, 0, 0], 1.0], [[85, 481], [198, 499], [0, 0, 0], 1.0], [[111, 473], [198, 481], [0, 0, 0], 1.0], [[172, 499], [260, 515], [0, 0, 0], 1.0], [[198, 489], [260, 499], [0, 0, 0], 1.0], [[221, 70], [247, 131], [0, 0, 0], 1.0], [[234, 515], [260, 575], [0, 0, 0], 1.0], [[247, 70], [502, 96], [0, 0, 0], 1.0], [[260, 549], [311, 575], [0, 0, 0], 1.0], [[285, 489], [311, 549], [0, 0, 0], 1.0], [[311, 489], [442, 515], [0, 0, 0], 1.0], [[416, 515], [442, 620], [0, 0, 0], 1.0], [[442, 596], [512, 620], [0, 0, 0], 1.0], [[476, 96], [502, 292], [0, 0, 0], 1.0], [[486, 489], [512, 596], [0, 0, 0], 1.0], [[502, 266], [574, 292], [0, 0, 0], 1.0], [[512, 489], [574, 515], [0, 0, 0], 1.0], [[548, 292], [574, 489], [0, 0, 0], 1.0]], "Ball": [[418, 467], [-95.803815610536148, -284.29145065313236], 20, [0, 0, 255], 1.0], "Name": "RandomTrial_1514", "Occluders": [], "AbnormWalls": [], "ClosedEnds": [1, 3, 2, 4], "Goals": [[[381, 185], [456, 250], 201, [255, 0, 0]], [[930, 125], [974, 155], 202, [0, 255, 0]]], "Paddle": null, "BKColor": [255, 255, 255]}