{"Dims": [1000, 620], "Walls": [[[58, 315], [84, 517], [0, 0, 0], 1.0], [[84, 315], [126, 341], [0, 0, 0], 1.0], [[84, 491], [126, 517], [0, 0, 0], 1.0], [[100, 275], [126, 315], [0, 0, 0], 1.0], [[100, 517], [338, 541], [0, 0, 0], 1.0], [[126, 275], [332, 301], [0, 0, 0], 1.0], [[126, 515], [338, 517], [0, 0, 0], 1.0], [[306, 106], [332, 275], [0, 0, 0], 1.0], [[312, 541], [381, 546], [0, 0, 0], 1.0], [[332, 106], [384, 132], [0, 0, 0], 1.0], [[338, 520], [381, 541], [0, 0, 0], 1.0], [[355, 546], [381, 620], [0, 0, 0], 1.0], [[358, 71], [384, 106], [0, 0, 0], 1.0], [[381, 596], [607, 620], [0, 0, 0], 1.0], [[384, 71], [841, 97], [0, 0, 0], 1.0], [[573, 273], [599, 421], [0, 0, 0], 1.0], [[581, 421], [607, 468], [0, 0, 0], 1.0], [[581, 567], [607, 596], [0, 0, 0], 1.0], [[599, 273], [799, 299], [0, 0, 0], 1.0], [[599, 395], [607, 421], [0, 0, 0], 1.0], [[607, 442], [671, 468], [0, 0, 0], 1.0], [[607, 567], [671, 593], [0, 0, 0], 1.0], [[631, 468], [671, 502], [0, 0, 0], 1.0], [[645, 308], [671, 442], [0, 0, 0], 1.0], [[645, 593], [671, 620], [0, 0, 0], 1.0], [[671, 308], [799, 334], [0, 0, 0], 1.0], [[671, 596], [1000, 620], [0, 0, 0], 1.0], [[773, 299], [799, 308], [0, 0, 0], 1.0], [[815, 97], [841, 129], [0, 0, 0], 1.0], [[841, 103], [889, 129], [0, 0, 0], 1.0], [[863, 129], [889, 157], [0, 0, 0], 1.0], [[889, 131], [1000, 157], [0, 0, 0], 1.0], [[974, 157], [1000, 596], [0, 0, 0], 1.0]], "Ball": [[304, 378], [177.37157772452471, -241.94900994943723], 20, [0, 0, 255], 1.0], "Name": "RandomTrial_1599", "Occluders": [], "AbnormWalls": [], "ClosedEnds": [1, 3, 2, 4], "Goals": [[[778, 203], [829, 246], 201, [255, 0, 0]], [[932, 91], [974, 116], 202, [0, 255, 0]]], "Paddle": null, "BKColor": [255, 255, 255]}