{"Dims": [1000, 620], "Walls": [[[101, 169], [127, 469], [0, 0, 0], 1.0], [[127, 169], [232, 195], [0, 0, 0], 1.0], [[127, 443], [224, 469], [0, 0, 0], 1.0], [[198, 469], [224, 620], [0, 0, 0], 1.0], [[206, 0], [232, 169], [0, 0, 0], 1.0], [[224, 596], [610, 620], [0, 0, 0], 1.0], [[232, 0], [450, 26], [0, 0, 0], 1.0], [[400, 282], [426, 400], [0, 0, 0], 1.0], [[424, 26], [450, 61], [0, 0, 0], 1.0], [[424, 228], [450, 282], [0, 0, 0], 1.0], [[426, 282], [450, 308], [0, 0, 0], 1.0], [[426, 374], [476, 400], [0, 0, 0], 1.0], [[450, 35], [716, 61], [0, 0, 0], 1.0], [[450, 228], [632, 254], [0, 0, 0], 1.0], [[450, 400], [610, 420], [0, 0, 0], 1.0], [[476, 394], [610, 400], [0, 0, 0], 1.0], [[584, 420], [610, 596], [0, 0, 0], 1.0], [[606, 254], [632, 391], [0, 0, 0], 1.0], [[632, 365], [836, 391], [0, 0, 0], 1.0], [[690, 61], [716, 108], [0, 0, 0], 1.0], [[716, 82], [775, 108], [0, 0, 0], 1.0], [[749, 108], [836, 121], [0, 0, 0], 1.0], [[775, 95], [836, 108], [0, 0, 0], 1.0], [[810, 121], [836, 365], [0, 0, 0], 1.0]], "Ball": [[514, 141], [290.71722296502401, -74.050633160726633], 20, [0, 0, 255], 1.0], "Name": "RandomTrial_0480", "Occluders": [], "AbnormWalls": [], "ClosedEnds": [1, 3, 2, 4], "Goals": [[[743, 215], [781, 279], 201, [255, 0, 0]], [[705, 484], [768, 550], 202, [0, 255, 0]]], "Paddle": null, "BKColor": [255, 255, 255]}