{"Dims": [1000, 620], "Walls": [[[35, 51], [61, 262], [0, 0, 0], 1.0], [[52, 3], [78, 51], [0, 0, 0], 1.0], [[61, 51], [78, 77], [0, 0, 0], 1.0], [[61, 236], [142, 262], [0, 0, 0], 1.0], [[78, 3], [620, 29], [0, 0, 0], 1.0], [[116, 262], [142, 301], [0, 0, 0], 1.0], [[119, 301], [145, 460], [0, 0, 0], 1.0], [[142, 275], [145, 301], [0, 0, 0], 1.0], [[145, 434], [446, 460], [0, 0, 0], 1.0], [[420, 323], [446, 434], [0, 0, 0], 1.0], [[446, 323], [557, 349], [0, 0, 0], 1.0], [[461, 377], [487, 620], [0, 0, 0], 1.0], [[487, 377], [557, 403], [0, 0, 0], 1.0], [[487, 596], [902, 620], [0, 0, 0], 1.0], [[531, 349], [557, 377], [0, 0, 0], 1.0], [[594, 29], [620, 75], [0, 0, 0], 1.0], [[620, 49], [786, 75], [0, 0, 0], 1.0], [[622, 323], [654, 403], [0, 0, 0], 1.0], [[654, 377], [773, 403], [0, 0, 0], 1.0], [[760, 75], [786, 153], [0, 0, 0], 1.0], [[786, 127], [1000, 153], [0, 0, 0], 1.0], [[876, 463], [918, 513], [0, 0, 0], 1.0], [[876, 513], [902, 596], [0, 0, 0], 1.0], [[918, 487], [1000, 513], [0, 0, 0], 1.0], [[974, 153], [1000, 487], [0, 0, 0], 1.0]], "Ball": [[365, 72], [-280.73413627964925, 105.77497212157192], 20, [0, 0, 255], 1.0], "Name": "RandomTrial_2699", "Occluders": [], "AbnormWalls": [], "ClosedEnds": [1, 3, 2, 4], "Goals": [[[387, 247], [467, 277], 201, [255, 0, 0]], [[358, 497], [388, 531], 202, [0, 255, 0]]], "Paddle": null, "BKColor": [255, 255, 255]}