{"Dims": [1000, 620], "Walls": [[[62, 48], [88, 139], [0, 0, 0], 1.0], [[88, 48], [378, 74], [0, 0, 0], 1.0], [[88, 113], [176, 139], [0, 0, 0], 1.0], [[150, 139], [176, 262], [0, 0, 0], 1.0], [[176, 236], [378, 262], [0, 0, 0], 1.0], [[352, 12], [378, 48], [0, 0, 0], 1.0], [[352, 262], [378, 323], [0, 0, 0], 1.0], [[378, 12], [435, 38], [0, 0, 0], 1.0], [[378, 297], [435, 323], [0, 0, 0], 1.0], [[409, 38], [435, 74], [0, 0, 0], 1.0], [[409, 230], [435, 297], [0, 0, 0], 1.0], [[435, 48], [485, 74], [0, 0, 0], 1.0], [[435, 230], [485, 256], [0, 0, 0], 1.0], [[438, 74], [485, 120], [0, 0, 0], 1.0], [[459, 47], [821, 48], [0, 0, 0], 1.0], [[459, 256], [485, 316], [0, 0, 0], 1.0], [[476, 43], [821, 47], [0, 0, 0], 1.0], [[485, 48], [821, 69], [0, 0, 0], 1.0], [[485, 69], [502, 73], [0, 0, 0], 1.0], [[485, 290], [596, 316], [0, 0, 0], 1.0], [[559, 440], [585, 620], [0, 0, 0], 1.0], [[570, 316], [596, 420], [0, 0, 0], 1.0], [[585, 440], [801, 466], [0, 0, 0], 1.0], [[585, 596], [882, 620], [0, 0, 0], 1.0], [[596, 394], [801, 420], [0, 0, 0], 1.0], [[775, 420], [801, 440], [0, 0, 0], 1.0], [[788, 69], [821, 73], [0, 0, 0], 1.0], [[795, 0], [821, 43], [0, 0, 0], 1.0], [[821, 0], [1000, 26], [0, 0, 0], 1.0], [[847, 394], [873, 466], [0, 0, 0], 1.0], [[856, 466], [882, 596], [0, 0, 0], 1.0], [[873, 394], [1000, 420], [0, 0, 0], 1.0], [[873, 440], [882, 466], [0, 0, 0], 1.0], [[967, 182], [1000, 226], [0, 0, 0], 1.0], [[974, 26], [1000, 182], [0, 0, 0], 1.0], [[974, 226], [1000, 394], [0, 0, 0], 1.0]], "Ball": [[553, 200], [21.020974795624802, 299.26262482749445], 20, [0, 0, 255], 1.0], "Name": "RandomTrial_0298", "Occluders": [], "AbnormWalls": [], "ClosedEnds": [1, 3, 2, 4], "Goals": [[[869, 278], [925, 317], 201, [255, 0, 0]], [[379, 327], [435, 364], 202, [0, 255, 0]]], "Paddle": null, "BKColor": [255, 255, 255]}