{"Dims": [1000, 620], "Walls": [[[216, 138], [242, 391], [0, 0, 0], 1.0], [[242, 138], [307, 164], [0, 0, 0], 1.0], [[242, 365], [274, 391], [0, 0, 0], 1.0], [[248, 391], [361, 395], [0, 0, 0], 1.0], [[274, 369], [361, 391], [0, 0, 0], 1.0], [[281, 69], [307, 138], [0, 0, 0], 1.0], [[307, 69], [407, 95], [0, 0, 0], 1.0], [[325, 365], [361, 369], [0, 0, 0], 1.0], [[332, 237], [361, 365], [0, 0, 0], 1.0], [[335, 395], [361, 438], [0, 0, 0], 1.0], [[353, 438], [379, 484], [0, 0, 0], 1.0], [[361, 412], [379, 438], [0, 0, 0], 1.0], [[379, 458], [465, 484], [0, 0, 0], 1.0], [[381, 15], [407, 69], [0, 0, 0], 1.0], [[407, 15], [489, 41], [0, 0, 0], 1.0], [[439, 484], [818, 496], [0, 0, 0], 1.0], [[463, 4], [661, 15], [0, 0, 0], 1.0], [[465, 470], [818, 484], [0, 0, 0], 1.0], [[489, 15], [790, 30], [0, 0, 0], 1.0], [[635, 30], [790, 41], [0, 0, 0], 1.0], [[764, 41], [790, 133], [0, 0, 0], 1.0], [[790, 107], [918, 133], [0, 0, 0], 1.0], [[792, 496], [818, 547], [0, 0, 0], 1.0], [[818, 521], [1000, 547], [0, 0, 0], 1.0], [[837, 237], [863, 334], [0, 0, 0], 1.0], [[863, 237], [918, 263], [0, 0, 0], 1.0], [[863, 308], [1000, 334], [0, 0, 0], 1.0], [[892, 133], [918, 237], [0, 0, 0], 1.0], [[974, 334], [1000, 521], [0, 0, 0], 1.0]], "Ball": [[423, 198], [296.83457191414362, 43.465353059041171], 20, [0, 0, 255], 1.0], "Name": "RandomTrial_1976", "Occluders": [], "AbnormWalls": [], "ClosedEnds": [1, 3, 2, 4], "Goals": [[[444, 392], [522, 419], 201, [255, 0, 0]], [[23, 346], [63, 372], 202, [0, 255, 0]]], "Paddle": null, "BKColor": [255, 255, 255]}