{"Dims": [1000, 620], "Walls": [[[13, 184], [39, 404], [0, 0, 0], 1.0], [[39, 184], [125, 210], [0, 0, 0], 1.0], [[39, 378], [125, 404], [0, 0, 0], 1.0], [[93, 458], [119, 620], [0, 0, 0], 1.0], [[99, 210], [125, 246], [0, 0, 0], 1.0], [[99, 298], [125, 378], [0, 0, 0], 1.0], [[119, 458], [174, 484], [0, 0, 0], 1.0], [[119, 596], [303, 620], [0, 0, 0], 1.0], [[125, 220], [276, 246], [0, 0, 0], 1.0], [[125, 298], [195, 324], [0, 0, 0], 1.0], [[148, 356], [174, 458], [0, 0, 0], 1.0], [[169, 324], [195, 356], [0, 0, 0], 1.0], [[174, 356], [195, 382], [0, 0, 0], 1.0], [[250, 17], [276, 220], [0, 0, 0], 1.0], [[276, 17], [657, 43], [0, 0, 0], 1.0], [[277, 511], [303, 596], [0, 0, 0], 1.0], [[303, 511], [626, 537], [0, 0, 0], 1.0], [[600, 486], [717, 511], [0, 0, 0], 1.0], [[626, 511], [717, 512], [0, 0, 0], 1.0], [[631, 43], [657, 101], [0, 0, 0], 1.0], [[654, 101], [680, 299], [0, 0, 0], 1.0], [[657, 75], [680, 101], [0, 0, 0], 1.0], [[680, 273], [717, 299], [0, 0, 0], 1.0], [[691, 299], [717, 486], [0, 0, 0], 1.0]], "Ball": [[509, 473], [-197.92121973335225, -225.44886510972307], 20, [0, 0, 255], 1.0], "Name": "RandomTrial_1169", "Occluders": [], "AbnormWalls": [], "ClosedEnds": [1, 3, 2, 4], "Goals": [[[427, 296], [506, 333], 201, [255, 0, 0]], [[92, 6], [147, 48], 202, [0, 255, 0]]], "Paddle": null, "BKColor": [255, 255, 255]}