{"Dims": [1000, 620], "Walls": [[[45, 118], [71, 297], [0, 0, 0], 1.0], [[71, 118], [132, 144], [0, 0, 0], 1.0], [[71, 271], [357, 297], [0, 0, 0], 1.0], [[106, 53], [132, 118], [0, 0, 0], 1.0], [[124, 22], [150, 53], [0, 0, 0], 1.0], [[132, 53], [150, 79], [0, 0, 0], 1.0], [[150, 22], [357, 48], [0, 0, 0], 1.0], [[331, 7], [781, 22], [0, 0, 0], 1.0], [[331, 297], [540, 310], [0, 0, 0], 1.0], [[357, 22], [781, 33], [0, 0, 0], 1.0], [[357, 284], [540, 297], [0, 0, 0], 1.0], [[514, 310], [540, 486], [0, 0, 0], 1.0], [[538, 486], [564, 620], [0, 0, 0], 1.0], [[540, 460], [564, 486], [0, 0, 0], 1.0], [[564, 596], [914, 620], [0, 0, 0], 1.0], [[575, 284], [601, 468], [0, 0, 0], 1.0], [[601, 284], [729, 310], [0, 0, 0], 1.0], [[601, 442], [914, 468], [0, 0, 0], 1.0], [[703, 310], [729, 377], [0, 0, 0], 1.0], [[729, 351], [862, 377], [0, 0, 0], 1.0], [[755, 33], [1000, 56], [0, 0, 0], 1.0], [[755, 89], [781, 176], [0, 0, 0], 1.0], [[781, 30], [1000, 33], [0, 0, 0], 1.0], [[781, 89], [1000, 115], [0, 0, 0], 1.0], [[781, 150], [862, 176], [0, 0, 0], 1.0], [[836, 176], [862, 351], [0, 0, 0], 1.0], [[888, 468], [914, 596], [0, 0, 0], 1.0], [[974, 56], [1000, 89], [0, 0, 0], 1.0]], "Ball": [[644, 59], [-298.28687075337047, 32.014726863773987], 20, [0, 0, 255], 1.0], "Name": "RandomTrial_0492", "Occluders": [], "AbnormWalls": [], "ClosedEnds": [1, 3, 2, 4], "Goals": [[[391, 160], [447, 190], 201, [255, 0, 0]], [[912, 249], [947, 283], 202, [0, 255, 0]]], "Paddle": null, "BKColor": [255, 255, 255]}