{"Dims": [1000, 620], "Walls": [[[29, 205], [55, 512], [0, 0, 0], 1.0], [[55, 205], [133, 231], [0, 0, 0], 1.0], [[55, 486], [109, 512], [0, 0, 0], 1.0], [[83, 512], [109, 620], [0, 0, 0], 1.0], [[107, 66], [133, 205], [0, 0, 0], 1.0], [[109, 596], [513, 620], [0, 0, 0], 1.0], [[133, 66], [174, 92], [0, 0, 0], 1.0], [[148, 34], [174, 66], [0, 0, 0], 1.0], [[174, 34], [340, 60], [0, 0, 0], 1.0], [[291, 60], [340, 92], [0, 0, 0], 1.0], [[314, 23], [507, 34], [0, 0, 0], 1.0], [[340, 34], [507, 49], [0, 0, 0], 1.0], [[481, 49], [507, 160], [0, 0, 0], 1.0], [[487, 520], [513, 596], [0, 0, 0], 1.0], [[507, 134], [666, 160], [0, 0, 0], 1.0], [[513, 520], [544, 546], [0, 0, 0], 1.0], [[518, 405], [544, 520], [0, 0, 0], 1.0], [[544, 405], [642, 431], [0, 0, 0], 1.0], [[616, 431], [825, 449], [0, 0, 0], 1.0], [[640, 81], [666, 134], [0, 0, 0], 1.0], [[642, 423], [825, 431], [0, 0, 0], 1.0], [[666, 81], [717, 107], [0, 0, 0], 1.0], [[691, 107], [717, 160], [0, 0, 0], 1.0], [[717, 134], [774, 160], [0, 0, 0], 1.0], [[748, 160], [774, 360], [0, 0, 0], 1.0], [[774, 334], [889, 360], [0, 0, 0], 1.0], [[799, 449], [825, 573], [0, 0, 0], 1.0], [[825, 547], [1000, 573], [0, 0, 0], 1.0], [[863, 360], [889, 390], [0, 0, 0], 1.0], [[889, 364], [1000, 390], [0, 0, 0], 1.0], [[974, 390], [1000, 547], [0, 0, 0], 1.0]], "Ball": [[247, 470], [284.86809107143478, -94.075345810242666], 20, [0, 0, 255], 1.0], "Name": "RandomTrial_0963", "Occluders": [], "AbnormWalls": [], "ClosedEnds": [1, 3, 2, 4], "Goals": [[[272, 148], [344, 179], 201, [255, 0, 0]], [[755, 56], [795, 124], 202, [0, 255, 0]]], "Paddle": null, "BKColor": [255, 255, 255]}