{"Dims": [1000, 620], "Walls": [[[96, 270], [122, 410], [0, 0, 0], 1.0], [[122, 270], [199, 296], [0, 0, 0], 1.0], [[122, 384], [282, 410], [0, 0, 0], 1.0], [[173, 216], [199, 270], [0, 0, 0], 1.0], [[199, 216], [282, 242], [0, 0, 0], 1.0], [[231, 474], [257, 620], [0, 0, 0], 1.0], [[256, 214], [837, 216], [0, 0, 0], 1.0], [[256, 410], [282, 450], [0, 0, 0], 1.0], [[257, 474], [400, 500], [0, 0, 0], 1.0], [[257, 596], [768, 620], [0, 0, 0], 1.0], [[282, 216], [501, 240], [0, 0, 0], 1.0], [[282, 424], [400, 450], [0, 0, 0], 1.0], [[374, 450], [400, 474], [0, 0, 0], 1.0], [[475, 193], [837, 214], [0, 0, 0], 1.0], [[501, 216], [837, 219], [0, 0, 0], 1.0], [[593, 424], [619, 513], [0, 0, 0], 1.0], [[619, 424], [689, 450], [0, 0, 0], 1.0], [[619, 487], [768, 513], [0, 0, 0], 1.0], [[663, 282], [689, 424], [0, 0, 0], 1.0], [[689, 282], [837, 308], [0, 0, 0], 1.0], [[742, 513], [768, 596], [0, 0, 0], 1.0], [[811, 219], [837, 282], [0, 0, 0], 1.0]], "Ball": [[375, 266], [169.72034079192707, 247.37624364815659], 20, [0, 0, 255], 1.0], "Name": "RandomTrial_0255", "Occluders": [], "AbnormWalls": [], "ClosedEnds": [1, 3, 2, 4], "Goals": [[[421, 496], [471, 548], 201, [255, 0, 0]], [[39, 131], [79, 167], 202, [0, 255, 0]]], "Paddle": null, "BKColor": [255, 255, 255]}