{"Dims": [1000, 620], "Walls": [[[207, 405], [233, 594], [0, 0, 0], 1.0], [[233, 405], [370, 431], [0, 0, 0], 1.0], [[233, 568], [442, 594], [0, 0, 0], 1.0], [[344, 314], [370, 405], [0, 0, 0], 1.0], [[362, 142], [388, 314], [0, 0, 0], 1.0], [[363, 38], [389, 142], [0, 0, 0], 1.0], [[370, 314], [388, 340], [0, 0, 0], 1.0], [[388, 142], [389, 168], [0, 0, 0], 1.0], [[389, 38], [513, 64], [0, 0, 0], 1.0], [[416, 515], [442, 568], [0, 0, 0], 1.0], [[442, 515], [478, 541], [0, 0, 0], 1.0], [[452, 541], [815, 562], [0, 0, 0], 1.0], [[478, 536], [815, 541], [0, 0, 0], 1.0], [[487, 64], [513, 131], [0, 0, 0], 1.0], [[513, 105], [719, 131], [0, 0, 0], 1.0], [[693, 17], [719, 105], [0, 0, 0], 1.0], [[706, 10], [1000, 17], [0, 0, 0], 1.0], [[717, 341], [743, 409], [0, 0, 0], 1.0], [[719, 17], [1000, 36], [0, 0, 0], 1.0], [[719, 36], [732, 43], [0, 0, 0], 1.0], [[743, 341], [1000, 367], [0, 0, 0], 1.0], [[743, 383], [815, 409], [0, 0, 0], 1.0], [[789, 367], [815, 383], [0, 0, 0], 1.0], [[789, 562], [815, 620], [0, 0, 0], 1.0], [[815, 367], [1000, 375], [0, 0, 0], 1.0], [[815, 596], [1000, 620], [0, 0, 0], 1.0], [[889, 338], [1000, 341], [0, 0, 0], 1.0], [[974, 36], [1000, 338], [0, 0, 0], 1.0], [[974, 375], [1000, 596], [0, 0, 0], 1.0]], "Ball": [[569, 208], [113.80163438340642, 277.57735500516878], 20, [0, 0, 255], 1.0], "Name": "RandomTrial_1238", "Occluders": [], "AbnormWalls": [], "ClosedEnds": [1, 3, 2, 4], "Goals": [[[855, 425], [891, 467], 201, [255, 0, 0]], [[161, 164], [214, 193], 202, [0, 255, 0]]], "Paddle": null, "BKColor": [255, 255, 255]}