{"Dims": [1000, 620], "Walls": [[[267, 375], [293, 620], [0, 0, 0], 1.0], [[293, 375], [583, 401], [0, 0, 0], 1.0], [[293, 594], [668, 620], [0, 0, 0], 1.0], [[403, 203], [429, 324], [0, 0, 0], 1.0], [[429, 203], [496, 229], [0, 0, 0], 1.0], [[429, 298], [513, 324], [0, 0, 0], 1.0], [[470, 171], [496, 203], [0, 0, 0], 1.0], [[482, 34], [508, 171], [0, 0, 0], 1.0], [[487, 266], [513, 298], [0, 0, 0], 1.0], [[496, 171], [718, 197], [0, 0, 0], 1.0], [[508, 34], [832, 60], [0, 0, 0], 1.0], [[508, 153], [718, 171], [0, 0, 0], 1.0], [[513, 266], [583, 292], [0, 0, 0], 1.0], [[557, 292], [583, 375], [0, 0, 0], 1.0], [[642, 413], [668, 594], [0, 0, 0], 1.0], [[668, 413], [902, 439], [0, 0, 0], 1.0], [[806, 60], [1000, 67], [0, 0, 0], 1.0], [[832, 41], [1000, 60], [0, 0, 0], 1.0], [[876, 316], [902, 413], [0, 0, 0], 1.0], [[902, 316], [1000, 342], [0, 0, 0], 1.0], [[974, 67], [1000, 316], [0, 0, 0], 1.0]], "Ball": [[348, 495], [166.44458469157641, -249.59206763607023], 20, [0, 0, 255], 1.0], "Name": "RandomTrial_1094", "Occluders": [], "AbnormWalls": [], "ClosedEnds": [1, 3, 2, 4], "Goals": [[[787, 136], [866, 185], 201, [255, 0, 0]], [[174, 139], [215, 171], 202, [0, 255, 0]]], "Paddle": null, "BKColor": [255, 255, 255]}