{"Dims": [1000, 620], "Walls": [[[140, 111], [166, 377], [0, 0, 0], 1.0], [[166, 111], [315, 137], [0, 0, 0], 1.0], [[166, 351], [308, 377], [0, 0, 0], 1.0], [[282, 377], [308, 428], [0, 0, 0], 1.0], [[289, 137], [523, 146], [0, 0, 0], 1.0], [[308, 402], [487, 428], [0, 0, 0], 1.0], [[315, 120], [403, 137], [0, 0, 0], 1.0], [[377, 146], [523, 157], [0, 0, 0], 1.0], [[403, 131], [523, 137], [0, 0, 0], 1.0], [[461, 428], [487, 492], [0, 0, 0], 1.0], [[462, 492], [488, 546], [0, 0, 0], 1.0], [[487, 466], [488, 492], [0, 0, 0], 1.0], [[488, 520], [941, 546], [0, 0, 0], 1.0], [[497, 157], [523, 198], [0, 0, 0], 1.0], [[523, 172], [660, 198], [0, 0, 0], 1.0], [[634, 198], [660, 294], [0, 0, 0], 1.0], [[655, 294], [681, 358], [0, 0, 0], 1.0], [[660, 268], [681, 294], [0, 0, 0], 1.0], [[681, 332], [777, 358], [0, 0, 0], 1.0], [[751, 358], [777, 439], [0, 0, 0], 1.0], [[777, 413], [845, 439], [0, 0, 0], 1.0], [[819, 277], [845, 413], [0, 0, 0], 1.0], [[845, 277], [1000, 303], [0, 0, 0], 1.0], [[915, 502], [1000, 520], [0, 0, 0], 1.0], [[941, 520], [1000, 528], [0, 0, 0], 1.0], [[974, 303], [1000, 502], [0, 0, 0], 1.0]], "Ball": [[206, 266], [191.13334400973179, 231.23158263450415], 20, [0, 0, 255], 1.0], "Name": "RandomTrial_2567", "Occluders": [], "AbnormWalls": [], "ClosedEnds": [1, 3, 2, 4], "Goals": [[[521, 462], [596, 489], 201, [255, 0, 0]], [[746, 13], [804, 34], 202, [0, 255, 0]]], "Paddle": null, "BKColor": [255, 255, 255]}