{"Dims": [1000, 620], "Walls": [[[23, 149], [49, 458], [0, 0, 0], 1.0], [[49, 149], [227, 175], [0, 0, 0], 1.0], [[49, 432], [96, 458], [0, 0, 0], 1.0], [[70, 458], [96, 548], [0, 0, 0], 1.0], [[96, 522], [141, 548], [0, 0, 0], 1.0], [[115, 548], [141, 620], [0, 0, 0], 1.0], [[141, 596], [357, 620], [0, 0, 0], 1.0], [[201, 21], [227, 149], [0, 0, 0], 1.0], [[221, 348], [329, 378], [0, 0, 0], 1.0], [[227, 21], [620, 47], [0, 0, 0], 1.0], [[303, 378], [329, 470], [0, 0, 0], 1.0], [[329, 348], [356, 374], [0, 0, 0], 1.0], [[329, 444], [356, 470], [0, 0, 0], 1.0], [[330, 374], [356, 444], [0, 0, 0], 1.0], [[331, 470], [357, 596], [0, 0, 0], 1.0], [[356, 457], [440, 470], [0, 0, 0], 1.0], [[357, 470], [440, 483], [0, 0, 0], 1.0], [[407, 168], [433, 262], [0, 0, 0], 1.0], [[414, 483], [440, 620], [0, 0, 0], 1.0], [[433, 168], [569, 194], [0, 0, 0], 1.0], [[433, 236], [569, 262], [0, 0, 0], 1.0], [[440, 596], [759, 620], [0, 0, 0], 1.0], [[543, 194], [569, 236], [0, 0, 0], 1.0], [[594, 47], [620, 100], [0, 0, 0], 1.0], [[620, 74], [725, 100], [0, 0, 0], 1.0], [[696, 279], [722, 332], [0, 0, 0], 1.0], [[699, 100], [725, 279], [0, 0, 0], 1.0], [[722, 279], [725, 305], [0, 0, 0], 1.0], [[722, 306], [1000, 332], [0, 0, 0], 1.0], [[733, 542], [759, 596], [0, 0, 0], 1.0], [[759, 542], [1000, 568], [0, 0, 0], 1.0], [[974, 332], [1000, 542], [0, 0, 0], 1.0]], "Ball": [[313, 203], [193.59623995583382, 229.17350604937562], 20, [0, 0, 255], 1.0], "Name": "RandomTrial_2758", "Occluders": [], "AbnormWalls": [], "ClosedEnds": [1, 3, 2, 4], "Goals": [[[867, 391], [903, 454], 201, [255, 0, 0]], [[912, 113], [964, 173], 202, [0, 255, 0]]], "Paddle": null, "BKColor": [255, 255, 255]}