{"Dims": [1000, 620], "Walls": [[[127, 193], [153, 324], [0, 0, 0], 1.0], [[153, 193], [250, 219], [0, 0, 0], 1.0], [[153, 298], [250, 324], [0, 0, 0], 1.0], [[224, 72], [250, 193], [0, 0, 0], 1.0], [[224, 324], [250, 375], [0, 0, 0], 1.0], [[250, 72], [606, 98], [0, 0, 0], 1.0], [[250, 349], [480, 375], [0, 0, 0], 1.0], [[454, 375], [480, 491], [0, 0, 0], 1.0], [[480, 465], [549, 491], [0, 0, 0], 1.0], [[523, 449], [875, 465], [0, 0, 0], 1.0], [[549, 465], [875, 475], [0, 0, 0], 1.0], [[580, 98], [606, 146], [0, 0, 0], 1.0], [[606, 120], [966, 146], [0, 0, 0], 1.0], [[701, 286], [747, 317], [0, 0, 0], 1.0], [[721, 264], [883, 286], [0, 0, 0], 1.0], [[747, 286], [883, 290], [0, 0, 0], 1.0], [[747, 291], [883, 317], [0, 0, 0], 1.0], [[849, 317], [883, 429], [0, 0, 0], 1.0], [[849, 429], [875, 449], [0, 0, 0], 1.0], [[857, 290], [883, 291], [0, 0, 0], 1.0], [[883, 403], [916, 429], [0, 0, 0], 1.0], [[890, 429], [916, 620], [0, 0, 0], 1.0], [[916, 596], [1000, 620], [0, 0, 0], 1.0], [[940, 146], [966, 247], [0, 0, 0], 1.0], [[966, 221], [1000, 247], [0, 0, 0], 1.0], [[974, 247], [1000, 596], [0, 0, 0], 1.0]], "Ball": [[285, 226], [289.09976683926982, 80.133169246447551], 20, [0, 0, 255], 1.0], "Name": "RandomTrial_0684", "Occluders": [], "AbnormWalls": [], "ClosedEnds": [1, 3, 2, 4], "Goals": [[[517, 391], [585, 443], 201, [255, 0, 0]], [[157, 380], [215, 448], 202, [0, 255, 0]]], "Paddle": null, "BKColor": [255, 255, 255]}