{"Dims": [1000, 620], "Walls": [[[105, 413], [131, 564], [0, 0, 0], 1.0], [[131, 413], [234, 439], [0, 0, 0], 1.0], [[131, 538], [539, 564], [0, 0, 0], 1.0], [[208, 281], [234, 413], [0, 0, 0], 1.0], [[234, 281], [321, 307], [0, 0, 0], 1.0], [[295, 187], [321, 281], [0, 0, 0], 1.0], [[321, 187], [513, 213], [0, 0, 0], 1.0], [[487, 213], [576, 230], [0, 0, 0], 1.0], [[513, 204], [576, 213], [0, 0, 0], 1.0], [[513, 564], [539, 604], [0, 0, 0], 1.0], [[539, 578], [734, 604], [0, 0, 0], 1.0], [[550, 120], [576, 204], [0, 0, 0], 1.0], [[576, 120], [673, 146], [0, 0, 0], 1.0], [[647, 44], [673, 120], [0, 0, 0], 1.0], [[673, 44], [1000, 70], [0, 0, 0], 1.0], [[708, 478], [734, 578], [0, 0, 0], 1.0], [[734, 478], [898, 504], [0, 0, 0], 1.0], [[872, 504], [898, 593], [0, 0, 0], 1.0], [[898, 567], [1000, 593], [0, 0, 0], 1.0], [[974, 70], [1000, 567], [0, 0, 0], 1.0]], "Ball": [[202, 496], [51.037560460302338, 295.62673664988586], 20, [0, 0, 255], 1.0], "Name": "RandomTrial_0705", "Occluders": [], "AbnormWalls": [], "ClosedEnds": [1, 3, 2, 4], "Goals": [[[440, 491], [515, 533], 201, [255, 0, 0]], [[531, 91], [576, 112], 202, [0, 255, 0]]], "Paddle": null, "BKColor": [255, 255, 255]}