{"Dims": [1000, 620], "Walls": [[[305, 79], [331, 403], [0, 0, 0], 1.0], [[311, 403], [337, 593], [0, 0, 0], 1.0], [[331, 79], [492, 105], [0, 0, 0], 1.0], [[331, 377], [337, 403], [0, 0, 0], 1.0], [[337, 567], [377, 593], [0, 0, 0], 1.0], [[351, 593], [377, 620], [0, 0, 0], 1.0], [[377, 596], [637, 620], [0, 0, 0], 1.0], [[466, 53], [701, 79], [0, 0, 0], 1.0], [[503, 412], [637, 453], [0, 0, 0], 1.0], [[611, 453], [637, 526], [0, 0, 0], 1.0], [[611, 572], [911, 596], [0, 0, 0], 1.0], [[637, 412], [751, 438], [0, 0, 0], 1.0], [[637, 500], [911, 526], [0, 0, 0], 1.0], [[637, 596], [911, 598], [0, 0, 0], 1.0], [[675, 79], [764, 105], [0, 0, 0], 1.0], [[725, 438], [751, 500], [0, 0, 0], 1.0], [[738, 105], [764, 206], [0, 0, 0], 1.0], [[751, 477], [1000, 500], [0, 0, 0], 1.0], [[764, 180], [1000, 206], [0, 0, 0], 1.0], [[885, 526], [911, 572], [0, 0, 0], 1.0], [[911, 500], [1000, 503], [0, 0, 0], 1.0], [[974, 206], [1000, 477], [0, 0, 0], 1.0]], "Ball": [[503, 126], [138.07082445451371, 266.33897092699527], 20, [0, 0, 255], 1.0], "Name": "RandomTrial_2628", "Occluders": [], "AbnormWalls": [], "ClosedEnds": [1, 3, 2, 4], "Goals": [[[542, 519], [584, 567], 201, [255, 0, 0]], [[207, 460], [265, 489], 202, [0, 255, 0]]], "Paddle": null, "BKColor": [255, 255, 255]}