{"Dims": [1000, 620], "Walls": [[[4, 308], [30, 588], [0, 0, 0], 1.0], [[30, 194], [56, 303], [0, 0, 0], 1.0], [[30, 308], [157, 334], [0, 0, 0], 1.0], [[30, 562], [91, 588], [0, 0, 0], 1.0], [[56, 194], [115, 220], [0, 0, 0], 1.0], [[56, 277], [115, 303], [0, 0, 0], 1.0], [[65, 588], [91, 620], [0, 0, 0], 1.0], [[89, 13], [115, 194], [0, 0, 0], 1.0], [[89, 303], [157, 308], [0, 0, 0], 1.0], [[91, 596], [358, 620], [0, 0, 0], 1.0], [[115, 13], [266, 39], [0, 0, 0], 1.0], [[115, 301], [157, 303], [0, 0, 0], 1.0], [[194, 307], [277, 334], [0, 0, 0], 1.0], [[240, 39], [266, 126], [0, 0, 0], 1.0], [[266, 100], [359, 126], [0, 0, 0], 1.0], [[332, 562], [358, 596], [0, 0, 0], 1.0], [[333, 45], [359, 100], [0, 0, 0], 1.0], [[358, 562], [498, 588], [0, 0, 0], 1.0], [[359, 45], [520, 71], [0, 0, 0], 1.0], [[472, 443], [498, 562], [0, 0, 0], 1.0], [[494, 30], [815, 45], [0, 0, 0], 1.0], [[498, 443], [577, 469], [0, 0, 0], 1.0], [[520, 45], [815, 56], [0, 0, 0], 1.0], [[551, 344], [577, 443], [0, 0, 0], 1.0], [[577, 344], [991, 370], [0, 0, 0], 1.0], [[639, 145], [665, 228], [0, 0, 0], 1.0], [[665, 145], [815, 171], [0, 0, 0], 1.0], [[665, 202], [991, 228], [0, 0, 0], 1.0], [[789, 56], [815, 145], [0, 0, 0], 1.0], [[965, 228], [991, 344], [0, 0, 0], 1.0]], "Ball": [[317, 180], [45.784567384517096, -296.48570520248126], 20, [0, 0, 255], 1.0], "Name": "RandomTrial_2673", "Occluders": [], "AbnormWalls": [], "ClosedEnds": [1, 3, 2, 4], "Goals": [[[492, 210], [569, 274], 201, [255, 0, 0]], [[627, 393], [669, 419], 202, [0, 255, 0]]], "Paddle": null, "BKColor": [255, 255, 255]}