{"Dims": [1000, 620], "Walls": [[[42, 305], [68, 462], [0, 0, 0], 1.0], [[46, 36], [72, 305], [0, 0, 0], 1.0], [[68, 305], [72, 331], [0, 0, 0], 1.0], [[68, 436], [174, 462], [0, 0, 0], 1.0], [[72, 36], [416, 62], [0, 0, 0], 1.0], [[148, 363], [174, 436], [0, 0, 0], 1.0], [[174, 363], [334, 389], [0, 0, 0], 1.0], [[308, 327], [334, 363], [0, 0, 0], 1.0], [[334, 327], [374, 353], [0, 0, 0], 1.0], [[348, 353], [374, 383], [0, 0, 0], 1.0], [[374, 357], [437, 383], [0, 0, 0], 1.0], [[390, 62], [416, 109], [0, 0, 0], 1.0], [[390, 159], [437, 186], [0, 0, 0], 1.0], [[411, 383], [437, 431], [0, 0, 0], 1.0], [[416, 83], [467, 109], [0, 0, 0], 1.0], [[437, 405], [896, 431], [0, 0, 0], 1.0], [[441, 25], [467, 83], [0, 0, 0], 1.0], [[467, 25], [895, 51], [0, 0, 0], 1.0], [[869, 51], [1000, 58], [0, 0, 0], 1.0], [[870, 236], [896, 405], [0, 0, 0], 1.0], [[895, 32], [1000, 51], [0, 0, 0], 1.0], [[896, 236], [1000, 262], [0, 0, 0], 1.0], [[974, 58], [1000, 236], [0, 0, 0], 1.0]], "Ball": [[630, 184], [-296.21957288735672, -47.475937467647213], 20, [0, 0, 255], 1.0], "Name": "RandomTrial_0928", "Occluders": [], "AbnormWalls": [], "ClosedEnds": [1, 3, 2, 4], "Goals": [[[313, 205], [378, 271], 201, [255, 0, 0]], [[440, 432], [487, 464], 202, [0, 255, 0]]], "Paddle": null, "BKColor": [255, 255, 255]}