{"Dims": [1000, 620], "Walls": [[[6, 355], [32, 534], [0, 0, 0], 1.0], [[32, 355], [270, 381], [0, 0, 0], 1.0], [[32, 508], [96, 534], [0, 0, 0], 1.0], [[70, 534], [96, 620], [0, 0, 0], 1.0], [[96, 596], [331, 620], [0, 0, 0], 1.0], [[244, 249], [270, 355], [0, 0, 0], 1.0], [[270, 249], [298, 275], [0, 0, 0], 1.0], [[272, 102], [298, 249], [0, 0, 0], 1.0], [[298, 102], [714, 128], [0, 0, 0], 1.0], [[305, 538], [331, 596], [0, 0, 0], 1.0], [[331, 538], [640, 564], [0, 0, 0], 1.0], [[614, 454], [640, 538], [0, 0, 0], 1.0], [[640, 454], [769, 480], [0, 0, 0], 1.0], [[671, 256], [697, 374], [0, 0, 0], 1.0], [[688, 128], [714, 256], [0, 0, 0], 1.0], [[697, 256], [714, 282], [0, 0, 0], 1.0], [[697, 348], [769, 374], [0, 0, 0], 1.0], [[743, 374], [769, 454], [0, 0, 0], 1.0]], "Ball": [[202, 503], [235.4202865143053, 185.94969399685064], 20, [0, 0, 255], 1.0], "Name": "RandomTrial_1535", "Occluders": [], "AbnormWalls": [], "ClosedEnds": [1, 3, 2, 4], "Goals": [[[370, 352], [443, 379], 201, [255, 0, 0]], [[617, 7], [665, 76], 202, [0, 255, 0]]], "Paddle": null, "BKColor": [255, 255, 255]}