{"Dims": [1000, 620], "Walls": [[[51, 111], [77, 308], [0, 0, 0], 1.0], [[77, 111], [267, 137], [0, 0, 0], 1.0], [[77, 282], [125, 308], [0, 0, 0], 1.0], [[88, 320], [114, 606], [0, 0, 0], 1.0], [[99, 308], [125, 320], [0, 0, 0], 1.0], [[114, 320], [125, 346], [0, 0, 0], 1.0], [[114, 580], [476, 606], [0, 0, 0], 1.0], [[241, 20], [267, 111], [0, 0, 0], 1.0], [[267, 20], [749, 46], [0, 0, 0], 1.0], [[450, 366], [476, 580], [0, 0, 0], 1.0], [[476, 366], [528, 392], [0, 0, 0], 1.0], [[502, 295], [528, 366], [0, 0, 0], 1.0], [[528, 295], [749, 321], [0, 0, 0], 1.0], [[723, 46], [749, 295], [0, 0, 0], 1.0]], "Ball": [[235, 555], [-162.51858373245932, -252.16603645533948], 20, [0, 0, 255], 1.0], "Name": "RandomTrial_2904", "Occluders": [], "AbnormWalls": [], "ClosedEnds": [1, 3, 2, 4], "Goals": [[[358, 116], [414, 139], 201, [255, 0, 0]], [[812, 20], [861, 64], 202, [0, 255, 0]]], "Paddle": null, "BKColor": [255, 255, 255]}