{"Dims": [1000, 620], "Walls": [[[32, 177], [58, 333], [0, 0, 0], 1.0], [[43, 76], [69, 177], [0, 0, 0], 1.0], [[43, 333], [69, 430], [0, 0, 0], 1.0], [[58, 177], [69, 203], [0, 0, 0], 1.0], [[58, 307], [69, 333], [0, 0, 0], 1.0], [[69, 76], [250, 102], [0, 0, 0], 1.0], [[69, 404], [207, 430], [0, 0, 0], 1.0], [[181, 311], [207, 404], [0, 0, 0], 1.0], [[207, 311], [290, 337], [0, 0, 0], 1.0], [[224, 29], [250, 76], [0, 0, 0], 1.0], [[250, 29], [442, 55], [0, 0, 0], 1.0], [[264, 164], [409, 203], [0, 0, 0], 1.0], [[264, 307], [409, 311], [0, 0, 0], 1.0], [[290, 311], [409, 333], [0, 0, 0], 1.0], [[358, 203], [408, 307], [0, 0, 0], 1.0], [[383, 333], [409, 417], [0, 0, 0], 1.0], [[408, 203], [409, 218], [0, 0, 0], 1.0], [[408, 296], [409, 307], [0, 0, 0], 1.0], [[409, 391], [457, 417], [0, 0, 0], 1.0], [[416, 55], [442, 149], [0, 0, 0], 1.0], [[431, 417], [457, 455], [0, 0, 0], 1.0], [[442, 123], [506, 149], [0, 0, 0], 1.0], [[457, 429], [909, 455], [0, 0, 0], 1.0], [[480, 149], [506, 218], [0, 0, 0], 1.0], [[487, 218], [628, 228], [0, 0, 0], 1.0], [[506, 192], [513, 218], [0, 0, 0], 1.0], [[513, 202], [628, 218], [0, 0, 0], 1.0], [[602, 228], [628, 303], [0, 0, 0], 1.0], [[628, 277], [895, 303], [0, 0, 0], 1.0], [[869, 195], [895, 277], [0, 0, 0], 1.0], [[883, 303], [909, 429], [0, 0, 0], 1.0], [[895, 195], [1000, 221], [0, 0, 0], 1.0], [[895, 300], [1000, 303], [0, 0, 0], 1.0], [[909, 303], [1000, 326], [0, 0, 0], 1.0], [[974, 221], [1000, 300], [0, 0, 0], 1.0]], "Ball": [[449, 290], [58.935448842131009, 294.15406315360758], 20, [0, 0, 255], 1.0], "Name": "RandomTrial_0457", "Occluders": [], "AbnormWalls": [], "ClosedEnds": [1, 3, 2, 4], "Goals": [[[761, 324], [809, 383], 201, [255, 0, 0]], [[365, 566], [398, 589], 202, [0, 255, 0]]], "Paddle": null, "BKColor": [255, 255, 255]}