{"Dims": [1000, 620], "Walls": [[[74, 191], [100, 381], [0, 0, 0], 1.0], [[99, 102], [125, 191], [0, 0, 0], 1.0], [[100, 191], [125, 217], [0, 0, 0], 1.0], [[100, 355], [173, 381], [0, 0, 0], 1.0], [[125, 102], [171, 128], [0, 0, 0], 1.0], [[140, 381], [166, 514], [0, 0, 0], 1.0], [[145, 45], [171, 102], [0, 0, 0], 1.0], [[166, 381], [173, 401], [0, 0, 0], 1.0], [[166, 488], [602, 514], [0, 0, 0], 1.0], [[171, 45], [595, 71], [0, 0, 0], 1.0], [[308, 319], [405, 349], [0, 0, 0], 1.0], [[379, 279], [405, 319], [0, 0, 0], 1.0], [[405, 279], [595, 305], [0, 0, 0], 1.0], [[405, 323], [522, 349], [0, 0, 0], 1.0], [[496, 349], [522, 393], [0, 0, 0], 1.0], [[522, 367], [672, 393], [0, 0, 0], 1.0], [[566, 450], [602, 488], [0, 0, 0], 1.0], [[569, 71], [595, 279], [0, 0, 0], 1.0], [[576, 514], [602, 620], [0, 0, 0], 1.0], [[602, 596], [746, 620], [0, 0, 0], 1.0], [[646, 393], [672, 458], [0, 0, 0], 1.0], [[672, 432], [746, 458], [0, 0, 0], 1.0], [[720, 458], [746, 596], [0, 0, 0], 1.0]], "Ball": [[309, 285], [79.523807145682326, -289.2679797299665], 20, [0, 0, 255], 1.0], "Name": "RandomTrial_2027", "Occluders": [], "AbnormWalls": [], "ClosedEnds": [1, 3, 2, 4], "Goals": [[[506, 168], [537, 194], 201, [255, 0, 0]], [[77, 535], [147, 575], 202, [0, 255, 0]]], "Paddle": null, "BKColor": [255, 255, 255]}