{"Dims": [1000, 620], "Walls": [[[208, 396], [234, 620], [0, 0, 0], 1.0], [[213, 207], [239, 324], [0, 0, 0], 1.0], [[234, 396], [407, 422], [0, 0, 0], 1.0], [[234, 596], [847, 620], [0, 0, 0], 1.0], [[239, 207], [320, 233], [0, 0, 0], 1.0], [[239, 298], [296, 324], [0, 0, 0], 1.0], [[270, 324], [320, 328], [0, 0, 0], 1.0], [[294, 124], [320, 207], [0, 0, 0], 1.0], [[294, 328], [320, 365], [0, 0, 0], 1.0], [[296, 302], [320, 324], [0, 0, 0], 1.0], [[320, 124], [361, 150], [0, 0, 0], 1.0], [[320, 339], [361, 365], [0, 0, 0], 1.0], [[335, 97], [361, 124], [0, 0, 0], 1.0], [[335, 365], [407, 381], [0, 0, 0], 1.0], [[361, 97], [770, 123], [0, 0, 0], 1.0], [[361, 355], [407, 365], [0, 0, 0], 1.0], [[381, 381], [407, 396], [0, 0, 0], 1.0], [[680, 401], [754, 432], [0, 0, 0], 1.0], [[744, 74], [884, 97], [0, 0, 0], 1.0], [[763, 416], [789, 481], [0, 0, 0], 1.0], [[770, 97], [884, 100], [0, 0, 0], 1.0], [[789, 416], [880, 442], [0, 0, 0], 1.0], [[789, 455], [847, 481], [0, 0, 0], 1.0], [[821, 481], [847, 596], [0, 0, 0], 1.0], [[854, 262], [880, 328], [0, 0, 0], 1.0], [[854, 401], [1000, 416], [0, 0, 0], 1.0], [[858, 9], [884, 74], [0, 0, 0], 1.0], [[880, 262], [944, 288], [0, 0, 0], 1.0], [[880, 302], [944, 328], [0, 0, 0], 1.0], [[880, 416], [1000, 427], [0, 0, 0], 1.0], [[884, 9], [948, 35], [0, 0, 0], 1.0], [[918, 288], [944, 302], [0, 0, 0], 1.0], [[922, 35], [948, 100], [0, 0, 0], 1.0], [[948, 74], [1000, 100], [0, 0, 0], 1.0], [[974, 100], [1000, 401], [0, 0, 0], 1.0]], "Ball": [[564, 388], [298.46317474097748, -30.32710542628066], 20, [0, 0, 255], 1.0], "Name": "RandomTrial_2978", "Occluders": [], "AbnormWalls": [], "ClosedEnds": [1, 3, 2, 4], "Goals": [[[697, 321], [728, 344], 201, [255, 0, 0]], [[133, 503], [193, 550], 202, [0, 255, 0]]], "Paddle": null, "BKColor": [255, 255, 255]}