{"Dims": [1000, 620], "Walls": [[[127, 112], [153, 249], [0, 0, 0], 1.0], [[153, 112], [203, 138], [0, 0, 0], 1.0], [[153, 223], [243, 249], [0, 0, 0], 1.0], [[177, 8], [203, 112], [0, 0, 0], 1.0], [[203, 8], [375, 34], [0, 0, 0], 1.0], [[217, 249], [243, 316], [0, 0, 0], 1.0], [[243, 290], [351, 316], [0, 0, 0], 1.0], [[325, 316], [351, 353], [0, 0, 0], 1.0], [[349, 34], [375, 71], [0, 0, 0], 1.0], [[351, 327], [539, 353], [0, 0, 0], 1.0], [[375, 45], [588, 71], [0, 0, 0], 1.0], [[513, 312], [624, 327], [0, 0, 0], 1.0], [[539, 327], [624, 338], [0, 0, 0], 1.0], [[562, 71], [903, 93], [0, 0, 0], 1.0], [[588, 67], [903, 71], [0, 0, 0], 1.0], [[598, 338], [624, 537], [0, 0, 0], 1.0], [[624, 511], [971, 537], [0, 0, 0], 1.0], [[877, 93], [903, 206], [0, 0, 0], 1.0], [[903, 180], [1000, 206], [0, 0, 0], 1.0], [[945, 328], [971, 511], [0, 0, 0], 1.0], [[971, 328], [1000, 354], [0, 0, 0], 1.0], [[974, 206], [1000, 328], [0, 0, 0], 1.0]], "Ball": [[627, 122], [-299.2189043516251, 21.6344003525174], 20, [0, 0, 255], 1.0], "Name": "RandomTrial_0256", "Occluders": [], "AbnormWalls": [], "ClosedEnds": [1, 3, 2, 4], "Goals": [[[248, 224], [300, 254], 201, [255, 0, 0]], [[93, 444], [164, 475], 202, [0, 255, 0]]], "Paddle": null, "BKColor": [255, 255, 255]}