{"Dims": [1000, 620], "Walls": [[[12, 301], [38, 441], [0, 0, 0], 1.0], [[25, 132], [51, 301], [0, 0, 0], 1.0], [[38, 301], [51, 327], [0, 0, 0], 1.0], [[38, 415], [238, 441], [0, 0, 0], 1.0], [[51, 132], [187, 158], [0, 0, 0], 1.0], [[161, 39], [187, 132], [0, 0, 0], 1.0], [[187, 39], [435, 65], [0, 0, 0], 1.0], [[212, 382], [238, 415], [0, 0, 0], 1.0], [[213, 441], [239, 620], [0, 0, 0], 1.0], [[230, 168], [282, 205], [0, 0, 0], 1.0], [[230, 331], [282, 379], [0, 0, 0], 1.0], [[230, 379], [256, 382], [0, 0, 0], 1.0], [[238, 382], [256, 408], [0, 0, 0], 1.0], [[238, 422], [566, 441], [0, 0, 0], 1.0], [[239, 441], [566, 448], [0, 0, 0], 1.0], [[239, 596], [658, 620], [0, 0, 0], 1.0], [[282, 168], [373, 199], [0, 0, 0], 1.0], [[282, 353], [382, 379], [0, 0, 0], 1.0], [[356, 331], [566, 353], [0, 0, 0], 1.0], [[382, 353], [566, 357], [0, 0, 0], 1.0], [[409, 65], [459, 85], [0, 0, 0], 1.0], [[433, 85], [459, 205], [0, 0, 0], 1.0], [[435, 59], [459, 65], [0, 0, 0], 1.0], [[459, 179], [581, 205], [0, 0, 0], 1.0], [[540, 357], [566, 422], [0, 0, 0], 1.0], [[555, 205], [581, 271], [0, 0, 0], 1.0], [[581, 245], [725, 271], [0, 0, 0], 1.0], [[632, 542], [658, 596], [0, 0, 0], 1.0], [[658, 542], [725, 568], [0, 0, 0], 1.0], [[699, 271], [725, 399], [0, 0, 0], 1.0], [[699, 526], [912, 542], [0, 0, 0], 1.0], [[701, 399], [727, 448], [0, 0, 0], 1.0], [[725, 373], [727, 399], [0, 0, 0], 1.0], [[725, 542], [912, 552], [0, 0, 0], 1.0], [[727, 422], [912, 448], [0, 0, 0], 1.0], [[886, 448], [912, 526], [0, 0, 0], 1.0]], "Ball": [[610, 314], [163.1137357359614, 251.78147114960416], 20, [0, 0, 255], 1.0], "Name": "RandomTrial_1424", "Occluders": [], "AbnormWalls": [], "ClosedEnds": [1, 3, 2, 4], "Goals": [[[342, 481], [404, 545], 201, [255, 0, 0]], [[887, 14], [965, 61], 202, [0, 255, 0]]], "Paddle": null, "BKColor": [255, 255, 255]}