{"Dims": [1000, 620], "Walls": [[[65, 185], [91, 378], [0, 0, 0], 1.0], [[91, 185], [186, 211], [0, 0, 0], 1.0], [[91, 352], [313, 378], [0, 0, 0], 1.0], [[160, 176], [269, 185], [0, 0, 0], 1.0], [[186, 185], [269, 202], [0, 0, 0], 1.0], [[243, 40], [269, 176], [0, 0, 0], 1.0], [[269, 40], [480, 66], [0, 0, 0], 1.0], [[287, 378], [313, 512], [0, 0, 0], 1.0], [[313, 486], [770, 512], [0, 0, 0], 1.0], [[454, 66], [480, 151], [0, 0, 0], 1.0], [[480, 77], [791, 103], [0, 0, 0], 1.0], [[480, 103], [481, 151], [0, 0, 0], 1.0], [[744, 346], [770, 486], [0, 0, 0], 1.0], [[752, 235], [791, 282], [0, 0, 0], 1.0], [[765, 103], [791, 235], [0, 0, 0], 1.0], [[770, 346], [1000, 372], [0, 0, 0], 1.0], [[791, 256], [1000, 282], [0, 0, 0], 1.0], [[974, 282], [1000, 346], [0, 0, 0], 1.0]], "Ball": [[697, 372], [-247.4432172277229, 169.62268199740839], 20, [0, 0, 255], 1.0], "Name": "RandomTrial_2624", "Occluders": [], "AbnormWalls": [], "ClosedEnds": [1, 3, 2, 4], "Goals": [[[277, 164], [333, 215], 201, [255, 0, 0]], [[10, 444], [54, 484], 202, [0, 255, 0]]], "Paddle": null, "BKColor": [255, 255, 255]}