{"Dims": [1000, 620], "Walls": [[[21, 214], [47, 324], [0, 0, 0], 1.0], [[47, 214], [179, 240], [0, 0, 0], 1.0], [[47, 298], [244, 324], [0, 0, 0], 1.0], [[54, 57], [80, 145], [0, 0, 0], 1.0], [[80, 57], [182, 83], [0, 0, 0], 1.0], [[80, 119], [179, 145], [0, 0, 0], 1.0], [[89, 371], [115, 460], [0, 0, 0], 1.0], [[115, 371], [244, 397], [0, 0, 0], 1.0], [[115, 434], [260, 460], [0, 0, 0], 1.0], [[153, 145], [179, 214], [0, 0, 0], 1.0], [[156, 44], [403, 57], [0, 0, 0], 1.0], [[182, 57], [403, 70], [0, 0, 0], 1.0], [[218, 324], [244, 371], [0, 0, 0], 1.0], [[234, 460], [260, 542], [0, 0, 0], 1.0], [[260, 516], [345, 542], [0, 0, 0], 1.0], [[319, 434], [345, 516], [0, 0, 0], 1.0], [[345, 434], [435, 460], [0, 0, 0], 1.0], [[377, 70], [403, 103], [0, 0, 0], 1.0], [[403, 77], [542, 103], [0, 0, 0], 1.0], [[409, 460], [435, 503], [0, 0, 0], 1.0], [[435, 477], [526, 503], [0, 0, 0], 1.0], [[500, 503], [526, 620], [0, 0, 0], 1.0], [[516, 103], [676, 118], [0, 0, 0], 1.0], [[526, 596], [889, 620], [0, 0, 0], 1.0], [[542, 92], [844, 103], [0, 0, 0], 1.0], [[650, 86], [844, 92], [0, 0, 0], 1.0], [[676, 103], [844, 112], [0, 0, 0], 1.0], [[696, 261], [722, 422], [0, 0, 0], 1.0], [[722, 261], [844, 287], [0, 0, 0], 1.0], [[722, 396], [889, 422], [0, 0, 0], 1.0], [[818, 112], [844, 261], [0, 0, 0], 1.0], [[863, 422], [889, 596], [0, 0, 0], 1.0]], "Ball": [[408, 128], [299.99984226691527, -0.30763586587561775], 20, [0, 0, 255], 1.0], "Name": "RandomTrial_1704", "Occluders": [], "AbnormWalls": [], "ClosedEnds": [1, 3, 2, 4], "Goals": [[[574, 120], [612, 189], 201, [255, 0, 0]], [[795, 17], [844, 60], 202, [0, 255, 0]]], "Paddle": null, "BKColor": [255, 255, 255]}