{"Dims": [1000, 620], "Walls": [[[27, 374], [53, 589], [0, 0, 0], 1.0], [[53, 374], [342, 400], [0, 0, 0], 1.0], [[53, 563], [359, 589], [0, 0, 0], 1.0], [[189, 205], [215, 355], [0, 0, 0], 1.0], [[215, 205], [299, 231], [0, 0, 0], 1.0], [[215, 329], [342, 355], [0, 0, 0], 1.0], [[273, 142], [299, 205], [0, 0, 0], 1.0], [[290, 14], [316, 142], [0, 0, 0], 1.0], [[299, 142], [316, 168], [0, 0, 0], 1.0], [[316, 14], [583, 40], [0, 0, 0], 1.0], [[316, 355], [342, 374], [0, 0, 0], 1.0], [[333, 589], [359, 620], [0, 0, 0], 1.0], [[351, 143], [377, 217], [0, 0, 0], 1.0], [[359, 596], [1000, 620], [0, 0, 0], 1.0], [[377, 143], [583, 169], [0, 0, 0], 1.0], [[377, 191], [747, 217], [0, 0, 0], 1.0], [[557, 40], [583, 143], [0, 0, 0], 1.0], [[721, 46], [747, 191], [0, 0, 0], 1.0], [[737, 18], [763, 46], [0, 0, 0], 1.0], [[747, 46], [763, 72], [0, 0, 0], 1.0], [[757, 324], [783, 429], [0, 0, 0], 1.0], [[763, 18], [971, 44], [0, 0, 0], 1.0], [[783, 324], [1000, 350], [0, 0, 0], 1.0], [[783, 393], [980, 419], [0, 0, 0], 1.0], [[783, 419], [791, 429], [0, 0, 0], 1.0], [[945, 44], [971, 72], [0, 0, 0], 1.0], [[954, 419], [1000, 441], [0, 0, 0], 1.0], [[971, 46], [1000, 72], [0, 0, 0], 1.0], [[974, 72], [1000, 324], [0, 0, 0], 1.0], [[974, 441], [1000, 596], [0, 0, 0], 1.0], [[980, 415], [1000, 419], [0, 0, 0], 1.0]], "Ball": [[327, 453], [290.57522902611032, 74.605872935202257], 20, [0, 0, 255], 1.0], "Name": "RandomTrial_1200", "Occluders": [], "AbnormWalls": [], "ClosedEnds": [1, 3, 2, 4], "Goals": [[[489, 376], [544, 445], 201, [255, 0, 0]], [[667, 66], [709, 110], 202, [0, 255, 0]]], "Paddle": null, "BKColor": [255, 255, 255]}