{"Dims": [1000, 620], "Walls": [[[26, 81], [52, 350], [0, 0, 0], 1.0], [[52, 81], [272, 107], [0, 0, 0], 1.0], [[52, 324], [143, 350], [0, 0, 0], 1.0], [[117, 350], [143, 448], [0, 0, 0], 1.0], [[143, 422], [364, 448], [0, 0, 0], 1.0], [[246, 42], [272, 81], [0, 0, 0], 1.0], [[272, 42], [389, 68], [0, 0, 0], 1.0], [[338, 245], [364, 422], [0, 0, 0], 1.0], [[363, 17], [798, 42], [0, 0, 0], 1.0], [[364, 298], [389, 330], [0, 0, 0], 1.0], [[389, 42], [798, 43], [0, 0, 0], 1.0], [[389, 304], [621, 330], [0, 0, 0], 1.0], [[595, 330], [756, 350], [0, 0, 0], 1.0], [[621, 324], [798, 330], [0, 0, 0], 1.0], [[730, 304], [798, 324], [0, 0, 0], 1.0], [[772, 43], [798, 224], [0, 0, 0], 1.0], [[772, 292], [804, 304], [0, 0, 0], 1.0], [[778, 224], [804, 292], [0, 0, 0], 1.0], [[798, 198], [804, 224], [0, 0, 0], 1.0], [[798, 304], [804, 318], [0, 0, 0], 1.0]], "Ball": [[236, 279], [224.30117633341931, -199.22093839615437], 20, [0, 0, 255], 1.0], "Name": "RandomTrial_2977", "Occluders": [], "AbnormWalls": [], "ClosedEnds": [1, 3, 2, 4], "Goals": [[[414, 163], [473, 216], 201, [255, 0, 0]], [[852, 330], [926, 385], 202, [0, 255, 0]]], "Paddle": null, "BKColor": [255, 255, 255]}