{"Dims": [1000, 620], "Walls": [[[169, 285], [195, 412], [0, 0, 0], 1.0], [[195, 285], [249, 311], [0, 0, 0], 1.0], [[195, 386], [334, 412], [0, 0, 0], 1.0], [[223, 212], [249, 285], [0, 0, 0], 1.0], [[249, 212], [460, 238], [0, 0, 0], 1.0], [[308, 412], [334, 484], [0, 0, 0], 1.0], [[334, 458], [590, 484], [0, 0, 0], 1.0], [[408, 238], [460, 270], [0, 0, 0], 1.0], [[434, 140], [460, 212], [0, 0, 0], 1.0], [[460, 140], [541, 166], [0, 0, 0], 1.0], [[515, 51], [541, 140], [0, 0, 0], 1.0], [[541, 51], [603, 77], [0, 0, 0], 1.0], [[564, 349], [590, 458], [0, 0, 0], 1.0], [[577, 77], [603, 166], [0, 0, 0], 1.0], [[590, 349], [627, 375], [0, 0, 0], 1.0], [[601, 375], [627, 462], [0, 0, 0], 1.0], [[603, 140], [792, 166], [0, 0, 0], 1.0], [[627, 436], [1000, 462], [0, 0, 0], 1.0], [[766, 166], [792, 218], [0, 0, 0], 1.0], [[792, 192], [1000, 218], [0, 0, 0], 1.0], [[974, 218], [1000, 436], [0, 0, 0], 1.0]], "Ball": [[260, 353], [223.49648410449296, -200.12326599606084], 20, [0, 0, 255], 1.0], "Name": "RandomTrial_2930", "Occluders": [], "AbnormWalls": [], "ClosedEnds": [1, 3, 2, 4], "Goals": [[[568, 326], [628, 348], 201, [255, 0, 0]], [[230, 474], [304, 532], 202, [0, 255, 0]]], "Paddle": null, "BKColor": [255, 255, 255]}