{"Dims": [1000, 620], "Walls": [[[283, 293], [309, 408], [0, 0, 0], 1.0], [[309, 293], [365, 319], [0, 0, 0], 1.0], [[309, 382], [394, 408], [0, 0, 0], 1.0], [[331, 11], [357, 212], [0, 0, 0], 1.0], [[339, 212], [365, 293], [0, 0, 0], 1.0], [[357, 11], [419, 37], [0, 0, 0], 1.0], [[357, 186], [365, 212], [0, 0, 0], 1.0], [[368, 408], [394, 450], [0, 0, 0], 1.0], [[393, 37], [419, 168], [0, 0, 0], 1.0], [[394, 424], [514, 450], [0, 0, 0], 1.0], [[419, 142], [513, 168], [0, 0, 0], 1.0], [[487, 168], [513, 227], [0, 0, 0], 1.0], [[488, 450], [628, 466], [0, 0, 0], 1.0], [[513, 201], [572, 227], [0, 0, 0], 1.0], [[514, 440], [628, 450], [0, 0, 0], 1.0], [[546, 227], [645, 241], [0, 0, 0], 1.0], [[572, 215], [1000, 227], [0, 0, 0], 1.0], [[602, 466], [628, 620], [0, 0, 0], 1.0], [[619, 209], [1000, 215], [0, 0, 0], 1.0], [[628, 596], [742, 620], [0, 0, 0], 1.0], [[645, 227], [1000, 235], [0, 0, 0], 1.0], [[716, 440], [742, 596], [0, 0, 0], 1.0], [[742, 440], [787, 466], [0, 0, 0], 1.0], [[761, 303], [1000, 343], [0, 0, 0], 1.0], [[761, 424], [790, 440], [0, 0, 0], 1.0], [[764, 386], [790, 424], [0, 0, 0], 1.0], [[787, 440], [790, 450], [0, 0, 0], 1.0], [[790, 386], [1000, 412], [0, 0, 0], 1.0], [[974, 235], [1000, 303], [0, 0, 0], 1.0], [[974, 343], [1000, 386], [0, 0, 0], 1.0]], "Ball": [[657, 525], [-297.673389800547, -37.290119397121742], 20, [0, 0, 255], 1.0], "Name": "RandomTrial_0173", "Occluders": [], "AbnormWalls": [], "ClosedEnds": [1, 3, 2, 4], "Goals": [[[482, 334], [557, 383], 201, [255, 0, 0]], [[270, 445], [312, 506], 202, [0, 255, 0]]], "Paddle": null, "BKColor": [255, 255, 255]}