{"Dims": [1000, 620], "Walls": [[[13, 154], [39, 397], [0, 0, 0], 1.0], [[39, 154], [231, 180], [0, 0, 0], 1.0], [[39, 371], [162, 397], [0, 0, 0], 1.0], [[136, 397], [162, 466], [0, 0, 0], 1.0], [[162, 440], [453, 466], [0, 0, 0], 1.0], [[205, 10], [231, 154], [0, 0, 0], 1.0], [[231, 10], [486, 36], [0, 0, 0], 1.0], [[351, 265], [392, 297], [0, 0, 0], 1.0], [[351, 297], [377, 355], [0, 0, 0], 1.0], [[377, 329], [453, 355], [0, 0, 0], 1.0], [[392, 271], [513, 297], [0, 0, 0], 1.0], [[427, 355], [453, 440], [0, 0, 0], 1.0], [[460, 36], [486, 206], [0, 0, 0], 1.0], [[486, 64], [680, 90], [0, 0, 0], 1.0], [[487, 197], [513, 271], [0, 0, 0], 1.0], [[513, 197], [642, 223], [0, 0, 0], 1.0], [[616, 223], [642, 326], [0, 0, 0], 1.0], [[642, 300], [808, 326], [0, 0, 0], 1.0], [[654, 90], [680, 178], [0, 0, 0], 1.0], [[680, 152], [808, 178], [0, 0, 0], 1.0], [[782, 178], [808, 300], [0, 0, 0], 1.0]], "Ball": [[192, 205], [203.48184932850586, 220.44304705263724], 20, [0, 0, 255], 1.0], "Name": "RandomTrial_2626", "Occluders": [], "AbnormWalls": [], "ClosedEnds": [1, 3, 2, 4], "Goals": [[[446, 220], [484, 256], 201, [255, 0, 0]], [[648, 360], [682, 389], 202, [0, 255, 0]]], "Paddle": null, "BKColor": [255, 255, 255]}