{"Dims": [1000, 620], "Walls": [[[18, 89], [44, 287], [0, 0, 0], 1.0], [[26, 287], [52, 538], [0, 0, 0], 1.0], [[44, 89], [345, 115], [0, 0, 0], 1.0], [[44, 261], [179, 287], [0, 0, 0], 1.0], [[52, 287], [179, 302], [0, 0, 0], 1.0], [[52, 512], [257, 538], [0, 0, 0], 1.0], [[116, 538], [142, 620], [0, 0, 0], 1.0], [[142, 538], [257, 550], [0, 0, 0], 1.0], [[142, 596], [382, 620], [0, 0, 0], 1.0], [[319, 52], [345, 89], [0, 0, 0], 1.0], [[331, 271], [398, 302], [0, 0, 0], 1.0], [[345, 52], [521, 78], [0, 0, 0], 1.0], [[356, 579], [522, 596], [0, 0, 0], 1.0], [[361, 302], [398, 309], [0, 0, 0], 1.0], [[382, 596], [522, 605], [0, 0, 0], 1.0], [[495, 78], [521, 281], [0, 0, 0], 1.0], [[496, 537], [522, 579], [0, 0, 0], 1.0], [[521, 255], [663, 281], [0, 0, 0], 1.0], [[522, 537], [603, 563], [0, 0, 0], 1.0], [[577, 563], [888, 565], [0, 0, 0], 1.0], [[603, 539], [888, 563], [0, 0, 0], 1.0], [[637, 169], [663, 255], [0, 0, 0], 1.0], [[663, 169], [822, 195], [0, 0, 0], 1.0], [[796, 53], [822, 169], [0, 0, 0], 1.0], [[822, 53], [985, 79], [0, 0, 0], 1.0], [[861, 361], [888, 390], [0, 0, 0], 1.0], [[862, 390], [888, 423], [0, 0, 0], 1.0], [[862, 450], [888, 539], [0, 0, 0], 1.0], [[877, 423], [903, 450], [0, 0, 0], 1.0], [[888, 361], [990, 387], [0, 0, 0], 1.0], [[888, 397], [903, 423], [0, 0, 0], 1.0], [[888, 450], [903, 476], [0, 0, 0], 1.0], [[959, 79], [985, 195], [0, 0, 0], 1.0], [[964, 311], [990, 361], [0, 0, 0], 1.0], [[974, 195], [1000, 311], [0, 0, 0], 1.0], [[985, 169], [1000, 195], [0, 0, 0], 1.0], [[990, 311], [1000, 337], [0, 0, 0], 1.0]], "Ball": [[159, 430], [240.44136540493983, 179.41000474390552], 20, [0, 0, 255], 1.0], "Name": "RandomTrial_0115", "Occluders": [], "AbnormWalls": [], "ClosedEnds": [1, 3, 2, 4], "Goals": [[[810, 416], [840, 466], 201, [255, 0, 0]], [[589, 77], [660, 118], 202, [0, 255, 0]]], "Paddle": null, "BKColor": [255, 255, 255]}