{"Dims": [1000, 620], "Walls": [[[33, 199], [59, 510], [0, 0, 0], 1.0], [[59, 199], [98, 225], [0, 0, 0], 1.0], [[59, 484], [136, 510], [0, 0, 0], 1.0], [[72, 195], [174, 199], [0, 0, 0], 1.0], [[98, 199], [174, 221], [0, 0, 0], 1.0], [[110, 510], [136, 620], [0, 0, 0], 1.0], [[136, 596], [571, 620], [0, 0, 0], 1.0], [[148, 83], [174, 195], [0, 0, 0], 1.0], [[171, 52], [197, 83], [0, 0, 0], 1.0], [[174, 83], [197, 109], [0, 0, 0], 1.0], [[197, 52], [339, 78], [0, 0, 0], 1.0], [[305, 351], [350, 394], [0, 0, 0], 1.0], [[312, 394], [571, 398], [0, 0, 0], 1.0], [[313, 38], [596, 52], [0, 0, 0], 1.0], [[324, 288], [350, 351], [0, 0, 0], 1.0], [[339, 52], [596, 64], [0, 0, 0], 1.0], [[350, 288], [432, 314], [0, 0, 0], 1.0], [[350, 372], [571, 394], [0, 0, 0], 1.0], [[406, 275], [654, 288], [0, 0, 0], 1.0], [[432, 288], [654, 301], [0, 0, 0], 1.0], [[545, 398], [571, 596], [0, 0, 0], 1.0], [[570, 64], [596, 128], [0, 0, 0], 1.0], [[596, 102], [654, 128], [0, 0, 0], 1.0], [[628, 128], [654, 275], [0, 0, 0], 1.0]], "Ball": [[341, 535], [-266.35283074110316, -138.04408555313498], 20, [0, 0, 255], 1.0], "Name": "RandomTrial_1576", "Occluders": [], "AbnormWalls": [], "ClosedEnds": [1, 3, 2, 4], "Goals": [[[130, 258], [189, 311], 201, [255, 0, 0]], [[722, 36], [785, 102], 202, [0, 255, 0]]], "Paddle": null, "BKColor": [255, 255, 255]}