{"Dims": [1000, 620], "Walls": [[[13, 236], [39, 429], [0, 0, 0], 1.0], [[39, 236], [144, 262], [0, 0, 0], 1.0], [[39, 403], [164, 429], [0, 0, 0], 1.0], [[42, 25], [68, 211], [0, 0, 0], 1.0], [[68, 25], [422, 51], [0, 0, 0], 1.0], [[68, 185], [144, 211], [0, 0, 0], 1.0], [[118, 211], [144, 236], [0, 0, 0], 1.0], [[138, 429], [164, 476], [0, 0, 0], 1.0], [[164, 450], [379, 476], [0, 0, 0], 1.0], [[353, 476], [379, 507], [0, 0, 0], 1.0], [[379, 481], [609, 507], [0, 0, 0], 1.0], [[396, 51], [604, 63], [0, 0, 0], 1.0], [[422, 37], [604, 51], [0, 0, 0], 1.0], [[578, 63], [604, 250], [0, 0, 0], 1.0], [[583, 250], [609, 287], [0, 0, 0], 1.0], [[583, 401], [609, 481], [0, 0, 0], 1.0], [[604, 224], [609, 250], [0, 0, 0], 1.0], [[609, 261], [835, 287], [0, 0, 0], 1.0], [[609, 401], [835, 427], [0, 0, 0], 1.0], [[809, 287], [835, 401], [0, 0, 0], 1.0]], "Ball": [[103, 335], [43.778014238992291, -296.78862085546774], 20, [0, 0, 255], 1.0], "Name": "RandomTrial_2519", "Occluders": [], "AbnormWalls": [], "ClosedEnds": [1, 3, 2, 4], "Goals": [[[403, 301], [480, 350], 201, [255, 0, 0]], [[811, 542], [842, 564], 202, [0, 255, 0]]], "Paddle": null, "BKColor": [255, 255, 255]}