{"Dims": [1000, 620], "Walls": [[[27, 83], [53, 379], [0, 0, 0], 1.0], [[53, 83], [254, 109], [0, 0, 0], 1.0], [[53, 353], [258, 379], [0, 0, 0], 1.0], [[228, 66], [795, 83], [0, 0, 0], 1.0], [[232, 328], [304, 353], [0, 0, 0], 1.0], [[254, 83], [362, 92], [0, 0, 0], 1.0], [[258, 353], [432, 354], [0, 0, 0], 1.0], [[278, 354], [432, 373], [0, 0, 0], 1.0], [[304, 347], [432, 353], [0, 0, 0], 1.0], [[336, 59], [429, 66], [0, 0, 0], 1.0], [[361, 473], [387, 620], [0, 0, 0], 1.0], [[362, 83], [795, 85], [0, 0, 0], 1.0], [[387, 473], [432, 499], [0, 0, 0], 1.0], [[387, 596], [803, 620], [0, 0, 0], 1.0], [[403, 85], [691, 92], [0, 0, 0], 1.0], [[406, 373], [432, 473], [0, 0, 0], 1.0], [[665, 64], [795, 66], [0, 0, 0], 1.0], [[691, 85], [795, 90], [0, 0, 0], 1.0], [[769, 16], [795, 64], [0, 0, 0], 1.0], [[777, 476], [803, 596], [0, 0, 0], 1.0], [[795, 16], [969, 42], [0, 0, 0], 1.0], [[803, 476], [902, 502], [0, 0, 0], 1.0], [[876, 281], [902, 476], [0, 0, 0], 1.0], [[902, 281], [1000, 307], [0, 0, 0], 1.0], [[943, 42], [969, 113], [0, 0, 0], 1.0], [[969, 87], [1000, 113], [0, 0, 0], 1.0], [[974, 113], [1000, 281], [0, 0, 0], 1.0]], "Ball": [[606, 405], [-53.841144210618772, -295.1290077069541], 20, [0, 0, 255], 1.0], "Name": "RandomTrial_1832", "Occluders": [], "AbnormWalls": [], "ClosedEnds": [1, 3, 2, 4], "Goals": [[[472, 114], [505, 155], 201, [255, 0, 0]], [[880, 505], [915, 554], 202, [0, 255, 0]]], "Paddle": null, "BKColor": [255, 255, 255]}