{"Dims": [1000, 620], "Walls": [[[152, 115], [178, 192], [0, 0, 0], 1.0], [[178, 115], [344, 141], [0, 0, 0], 1.0], [[178, 166], [344, 192], [0, 0, 0], 1.0], [[318, 16], [344, 115], [0, 0, 0], 1.0], [[318, 192], [344, 266], [0, 0, 0], 1.0], [[331, 266], [357, 428], [0, 0, 0], 1.0], [[344, 16], [513, 42], [0, 0, 0], 1.0], [[344, 240], [357, 266], [0, 0, 0], 1.0], [[357, 402], [562, 428], [0, 0, 0], 1.0], [[487, 42], [513, 193], [0, 0, 0], 1.0], [[513, 167], [569, 193], [0, 0, 0], 1.0], [[521, 489], [547, 620], [0, 0, 0], 1.0], [[536, 428], [574, 440], [0, 0, 0], 1.0], [[543, 130], [569, 167], [0, 0, 0], 1.0], [[547, 489], [574, 515], [0, 0, 0], 1.0], [[547, 596], [1000, 620], [0, 0, 0], 1.0], [[548, 440], [574, 489], [0, 0, 0], 1.0], [[562, 414], [574, 428], [0, 0, 0], 1.0], [[569, 130], [791, 156], [0, 0, 0], 1.0], [[765, 63], [791, 130], [0, 0, 0], 1.0], [[791, 63], [906, 89], [0, 0, 0], 1.0], [[880, 35], [906, 63], [0, 0, 0], 1.0], [[906, 35], [1000, 61], [0, 0, 0], 1.0], [[974, 61], [1000, 596], [0, 0, 0], 1.0]], "Ball": [[939, 499], [-239.6182974992187, -180.50781563017128], 20, [0, 0, 255], 1.0], "Name": "RandomTrial_1735", "Occluders": [], "AbnormWalls": [], "ClosedEnds": [1, 3, 2, 4], "Goals": [[[672, 165], [718, 228], 201, [255, 0, 0]], [[51, 287], [124, 309], 202, [0, 255, 0]]], "Paddle": null, "BKColor": [255, 255, 255]}