{"Dims": [1000, 620], "Walls": [[[150, 174], [176, 324], [0, 0, 0], 1.0], [[171, 59], [197, 174], [0, 0, 0], 1.0], [[171, 324], [232, 341], [0, 0, 0], 1.0], [[176, 174], [197, 200], [0, 0, 0], 1.0], [[176, 298], [197, 324], [0, 0, 0], 1.0], [[197, 59], [262, 85], [0, 0, 0], 1.0], [[197, 315], [232, 324], [0, 0, 0], 1.0], [[205, 341], [231, 396], [0, 0, 0], 1.0], [[231, 341], [232, 346], [0, 0, 0], 1.0], [[231, 370], [326, 396], [0, 0, 0], 1.0], [[236, 85], [262, 171], [0, 0, 0], 1.0], [[262, 145], [322, 171], [0, 0, 0], 1.0], [[296, 63], [322, 145], [0, 0, 0], 1.0], [[300, 396], [358, 419], [0, 0, 0], 1.0], [[322, 63], [459, 89], [0, 0, 0], 1.0], [[326, 393], [358, 396], [0, 0, 0], 1.0], [[332, 419], [750, 444], [0, 0, 0], 1.0], [[358, 418], [750, 419], [0, 0, 0], 1.0], [[433, 24], [459, 63], [0, 0, 0], 1.0], [[459, 24], [832, 50], [0, 0, 0], 1.0], [[724, 256], [750, 418], [0, 0, 0], 1.0], [[750, 256], [844, 282], [0, 0, 0], 1.0], [[806, 50], [1000, 58], [0, 0, 0], 1.0], [[818, 282], [844, 415], [0, 0, 0], 1.0], [[832, 32], [1000, 50], [0, 0, 0], 1.0], [[844, 389], [894, 415], [0, 0, 0], 1.0], [[868, 256], [894, 389], [0, 0, 0], 1.0], [[894, 256], [961, 282], [0, 0, 0], 1.0], [[935, 245], [1000, 256], [0, 0, 0], 1.0], [[961, 256], [1000, 271], [0, 0, 0], 1.0], [[974, 58], [1000, 245], [0, 0, 0], 1.0]], "Ball": [[800, 168], [-261.47616052001496, 147.07215059184855], 20, [0, 0, 255], 1.0], "Name": "RandomTrial_2493", "Occluders": [], "AbnormWalls": [], "ClosedEnds": [1, 3, 2, 4], "Goals": [[[502, 377], [532, 415], 201, [255, 0, 0]], [[518, 498], [582, 523], 202, [0, 255, 0]]], "Paddle": null, "BKColor": [255, 255, 255]}