{"Dims": [1000, 620], "Walls": [[[49, 189], [75, 279], [0, 0, 0], 1.0], [[75, 189], [225, 215], [0, 0, 0], 1.0], [[75, 253], [133, 279], [0, 0, 0], 1.0], [[86, 329], [112, 577], [0, 0, 0], 1.0], [[107, 279], [133, 329], [0, 0, 0], 1.0], [[112, 329], [133, 355], [0, 0, 0], 1.0], [[112, 551], [289, 577], [0, 0, 0], 1.0], [[199, 215], [393, 224], [0, 0, 0], 1.0], [[225, 198], [393, 215], [0, 0, 0], 1.0], [[263, 428], [294, 455], [0, 0, 0], 1.0], [[263, 455], [289, 551], [0, 0, 0], 1.0], [[294, 429], [381, 455], [0, 0, 0], 1.0], [[355, 455], [381, 620], [0, 0, 0], 1.0], [[367, 110], [393, 198], [0, 0, 0], 1.0], [[381, 596], [647, 620], [0, 0, 0], 1.0], [[393, 110], [513, 136], [0, 0, 0], 1.0], [[487, 136], [513, 224], [0, 0, 0], 1.0], [[513, 198], [575, 224], [0, 0, 0], 1.0], [[549, 224], [738, 226], [0, 0, 0], 1.0], [[575, 200], [738, 224], [0, 0, 0], 1.0], [[621, 487], [660, 556], [0, 0, 0], 1.0], [[621, 556], [647, 596], [0, 0, 0], 1.0], [[660, 530], [700, 556], [0, 0, 0], 1.0], [[674, 556], [700, 620], [0, 0, 0], 1.0], [[700, 596], [1000, 620], [0, 0, 0], 1.0], [[712, 226], [738, 392], [0, 0, 0], 1.0], [[738, 366], [794, 392], [0, 0, 0], 1.0], [[768, 392], [794, 449], [0, 0, 0], 1.0], [[794, 423], [1000, 449], [0, 0, 0], 1.0], [[974, 449], [1000, 596], [0, 0, 0], 1.0]], "Ball": [[664, 380], [-247.30662704771154, -169.82176603216712], 20, [0, 0, 255], 1.0], "Name": "RandomTrial_0342", "Occluders": [], "AbnormWalls": [], "ClosedEnds": [1, 3, 2, 4], "Goals": [[[162, 518], [238, 544], 201, [255, 0, 0]], [[28, 292], [89, 312], 202, [0, 255, 0]]], "Paddle": null, "BKColor": [255, 255, 255]}