{"Dims": [1000, 620], "Walls": [[[22, 156], [48, 309], [0, 0, 0], 1.0], [[48, 156], [84, 182], [0, 0, 0], 1.0], [[48, 283], [89, 309], [0, 0, 0], 1.0], [[58, 91], [84, 156], [0, 0, 0], 1.0], [[63, 309], [89, 441], [0, 0, 0], 1.0], [[84, 91], [354, 117], [0, 0, 0], 1.0], [[89, 415], [541, 441], [0, 0, 0], 1.0], [[328, 117], [354, 198], [0, 0, 0], 1.0], [[354, 172], [562, 198], [0, 0, 0], 1.0], [[515, 441], [541, 506], [0, 0, 0], 1.0], [[536, 198], [965, 210], [0, 0, 0], 1.0], [[541, 480], [965, 506], [0, 0, 0], 1.0], [[562, 184], [965, 198], [0, 0, 0], 1.0], [[939, 210], [965, 480], [0, 0, 0], 1.0]], "Ball": [[903, 449], [-257.06098913019855, -154.65978102727271], 20, [0, 0, 255], 1.0], "Name": "RandomTrial_0525", "Occluders": [], "AbnormWalls": [], "ClosedEnds": [1, 3, 2, 4], "Goals": [[[329, 348], [408, 401], 201, [255, 0, 0]], [[21, 549], [101, 589], 202, [0, 255, 0]]], "Paddle": null, "BKColor": [255, 255, 255]}