{"Dims": [1000, 620], "Walls": [[[133, 224], [159, 521], [0, 0, 0], 1.0], [[134, 521], [160, 558], [0, 0, 0], 1.0], [[141, 558], [167, 620], [0, 0, 0], 1.0], [[159, 224], [321, 250], [0, 0, 0], 1.0], [[159, 495], [160, 521], [0, 0, 0], 1.0], [[160, 532], [167, 558], [0, 0, 0], 1.0], [[167, 596], [806, 620], [0, 0, 0], 1.0], [[295, 109], [321, 224], [0, 0, 0], 1.0], [[321, 109], [441, 135], [0, 0, 0], 1.0], [[415, 53], [441, 109], [0, 0, 0], 1.0], [[418, 359], [517, 409], [0, 0, 0], 1.0], [[441, 53], [683, 79], [0, 0, 0], 1.0], [[491, 302], [517, 359], [0, 0, 0], 1.0], [[517, 302], [683, 328], [0, 0, 0], 1.0], [[517, 383], [806, 409], [0, 0, 0], 1.0], [[657, 79], [683, 302], [0, 0, 0], 1.0], [[780, 409], [806, 596], [0, 0, 0], 1.0]], "Ball": [[374, 425], [-197.80519419356133, -225.55067091464724], 20, [0, 0, 255], 1.0], "Name": "RandomTrial_1854", "Occluders": [], "AbnormWalls": [], "ClosedEnds": [1, 3, 2, 4], "Goals": [[[404, 188], [466, 233], 201, [255, 0, 0]], [[739, 30], [788, 81], 202, [0, 255, 0]]], "Paddle": null, "BKColor": [255, 255, 255]}