{"Dims": [1000, 620], "Walls": [[[75, 262], [101, 554], [0, 0, 0], 1.0], [[82, 102], [108, 214], [0, 0, 0], 1.0], [[101, 262], [230, 288], [0, 0, 0], 1.0], [[101, 528], [146, 554], [0, 0, 0], 1.0], [[108, 102], [248, 128], [0, 0, 0], 1.0], [[108, 188], [230, 214], [0, 0, 0], 1.0], [[120, 554], [146, 620], [0, 0, 0], 1.0], [[146, 596], [566, 620], [0, 0, 0], 1.0], [[196, 6], [222, 102], [0, 0, 0], 1.0], [[204, 214], [230, 262], [0, 0, 0], 1.0], [[222, 6], [398, 32], [0, 0, 0], 1.0], [[222, 77], [398, 102], [0, 0, 0], 1.0], [[222, 128], [251, 148], [0, 0, 0], 1.0], [[229, 288], [255, 502], [0, 0, 0], 1.0], [[230, 280], [342, 288], [0, 0, 0], 1.0], [[248, 102], [398, 103], [0, 0, 0], 1.0], [[248, 113], [398, 128], [0, 0, 0], 1.0], [[251, 128], [398, 139], [0, 0, 0], 1.0], [[255, 288], [342, 306], [0, 0, 0], 1.0], [[255, 476], [423, 502], [0, 0, 0], 1.0], [[273, 312], [299, 399], [0, 0, 0], 1.0], [[299, 312], [342, 338], [0, 0, 0], 1.0], [[299, 373], [342, 399], [0, 0, 0], 1.0], [[316, 306], [342, 312], [0, 0, 0], 1.0], [[316, 399], [423, 412], [0, 0, 0], 1.0], [[342, 386], [423, 399], [0, 0, 0], 1.0], [[372, 5], [808, 6], [0, 0, 0], 1.0], [[372, 103], [398, 113], [0, 0, 0], 1.0], [[397, 412], [423, 476], [0, 0, 0], 1.0], [[398, 6], [808, 31], [0, 0, 0], 1.0], [[532, 140], [558, 197], [0, 0, 0], 1.0], [[540, 506], [566, 596], [0, 0, 0], 1.0], [[558, 140], [628, 166], [0, 0, 0], 1.0], [[558, 171], [628, 197], [0, 0, 0], 1.0], [[566, 506], [853, 532], [0, 0, 0], 1.0], [[602, 166], [628, 171], [0, 0, 0], 1.0], [[782, 31], [938, 53], [0, 0, 0], 1.0], [[794, 318], [853, 362], [0, 0, 0], 1.0], [[808, 27], [938, 31], [0, 0, 0], 1.0], [[827, 362], [853, 406], [0, 0, 0], 1.0], [[827, 497], [913, 506], [0, 0, 0], 1.0], [[853, 318], [938, 344], [0, 0, 0], 1.0], [[853, 380], [882, 406], [0, 0, 0], 1.0], [[853, 506], [913, 523], [0, 0, 0], 1.0], [[856, 406], [882, 437], [0, 0, 0], 1.0], [[882, 411], [913, 437], [0, 0, 0], 1.0], [[887, 437], [913, 497], [0, 0, 0], 1.0], [[912, 53], [938, 318], [0, 0, 0], 1.0]], "Ball": [[518, 223], [74.302058359437439, 290.65306487899068], 20, [0, 0, 255], 1.0], "Name": "RandomTrial_2566", "Occluders": [], "AbnormWalls": [], "ClosedEnds": [1, 3, 2, 4], "Goals": [[[724, 418], [781, 445], 201, [255, 0, 0]], [[896, 353], [960, 385], 202, [0, 255, 0]]], "Paddle": null, "BKColor": [255, 255, 255]}