{"Dims": [1000, 620], "Walls": [[[119, 361], [145, 620], [0, 0, 0], 1.0], [[145, 361], [236, 387], [0, 0, 0], 1.0], [[145, 596], [604, 620], [0, 0, 0], 1.0], [[210, 320], [236, 361], [0, 0, 0], 1.0], [[236, 320], [377, 346], [0, 0, 0], 1.0], [[316, 108], [342, 320], [0, 0, 0], 1.0], [[342, 108], [513, 134], [0, 0, 0], 1.0], [[342, 298], [377, 320], [0, 0, 0], 1.0], [[465, 298], [513, 346], [0, 0, 0], 1.0], [[487, 134], [513, 192], [0, 0, 0], 1.0], [[487, 254], [513, 298], [0, 0, 0], 1.0], [[513, 166], [687, 192], [0, 0, 0], 1.0], [[513, 254], [670, 280], [0, 0, 0], 1.0], [[513, 320], [670, 346], [0, 0, 0], 1.0], [[578, 430], [604, 596], [0, 0, 0], 1.0], [[604, 430], [670, 456], [0, 0, 0], 1.0], [[644, 280], [670, 320], [0, 0, 0], 1.0], [[644, 456], [670, 517], [0, 0, 0], 1.0], [[661, 192], [687, 233], [0, 0, 0], 1.0], [[670, 491], [939, 517], [0, 0, 0], 1.0], [[687, 207], [939, 233], [0, 0, 0], 1.0], [[913, 233], [939, 491], [0, 0, 0], 1.0]], "Ball": [[722, 351], [-299.96230257409599, 4.7557370035040423], 20, [0, 0, 255], 1.0], "Name": "RandomTrial_2205", "Occluders": [], "AbnormWalls": [], "ClosedEnds": [1, 3, 2, 4], "Goals": [[[268, 360], [332, 430], 201, [255, 0, 0]], [[739, 6], [785, 59], 202, [0, 255, 0]]], "Paddle": null, "BKColor": [255, 255, 255]}