{"Dims": [1000, 620], "Walls": [[[29, 70], [55, 360], [0, 0, 0], 1.0], [[33, 360], [59, 484], [0, 0, 0], 1.0], [[55, 70], [390, 96], [0, 0, 0], 1.0], [[55, 334], [59, 360], [0, 0, 0], 1.0], [[59, 458], [186, 484], [0, 0, 0], 1.0], [[160, 484], [542, 503], [0, 0, 0], 1.0], [[186, 477], [213, 484], [0, 0, 0], 1.0], [[187, 503], [420, 509], [0, 0, 0], 1.0], [[213, 483], [542, 484], [0, 0, 0], 1.0], [[364, 96], [390, 183], [0, 0, 0], 1.0], [[390, 157], [441, 183], [0, 0, 0], 1.0], [[394, 477], [542, 483], [0, 0, 0], 1.0], [[415, 1], [441, 157], [0, 0, 0], 1.0], [[441, 1], [690, 27], [0, 0, 0], 1.0], [[490, 188], [633, 240], [0, 0, 0], 1.0], [[516, 451], [633, 477], [0, 0, 0], 1.0], [[607, 240], [761, 248], [0, 0, 0], 1.0], [[607, 430], [653, 451], [0, 0, 0], 1.0], [[627, 393], [653, 430], [0, 0, 0], 1.0], [[633, 188], [690, 214], [0, 0, 0], 1.0], [[633, 222], [761, 240], [0, 0, 0], 1.0], [[633, 451], [653, 456], [0, 0, 0], 1.0], [[653, 393], [761, 419], [0, 0, 0], 1.0], [[664, 27], [690, 188], [0, 0, 0], 1.0], [[735, 248], [761, 393], [0, 0, 0], 1.0]], "Ball": [[155, 286], [298.31133217047363, 31.785989030976364], 20, [0, 0, 255], 1.0], "Name": "RandomTrial_1518", "Occluders": [], "AbnormWalls": [], "ClosedEnds": [1, 3, 2, 4], "Goals": [[[288, 338], [361, 385], 201, [255, 0, 0]], [[104, 515], [153, 536], 202, [0, 255, 0]]], "Paddle": null, "BKColor": [255, 255, 255]}