{"Dims": [1000, 620], "Walls": [[[81, 187], [107, 324], [0, 0, 0], 1.0], [[107, 187], [287, 213], [0, 0, 0], 1.0], [[107, 298], [287, 324], [0, 0, 0], 1.0], [[261, 102], [287, 187], [0, 0, 0], 1.0], [[261, 324], [287, 404], [0, 0, 0], 1.0], [[264, 404], [461, 429], [0, 0, 0], 1.0], [[287, 102], [358, 128], [0, 0, 0], 1.0], [[287, 378], [290, 404], [0, 0, 0], 1.0], [[290, 403], [461, 404], [0, 0, 0], 1.0], [[332, 128], [358, 213], [0, 0, 0], 1.0], [[347, 213], [373, 290], [0, 0, 0], 1.0], [[358, 187], [373, 213], [0, 0, 0], 1.0], [[373, 264], [461, 290], [0, 0, 0], 1.0], [[435, 244], [720, 264], [0, 0, 0], 1.0], [[435, 429], [461, 534], [0, 0, 0], 1.0], [[461, 264], [548, 270], [0, 0, 0], 1.0], [[461, 508], [978, 534], [0, 0, 0], 1.0], [[522, 240], [720, 244], [0, 0, 0], 1.0], [[548, 264], [774, 266], [0, 0, 0], 1.0], [[694, 266], [774, 290], [0, 0, 0], 1.0], [[748, 290], [774, 394], [0, 0, 0], 1.0], [[774, 368], [978, 394], [0, 0, 0], 1.0], [[952, 394], [978, 508], [0, 0, 0], 1.0]], "Ball": [[444, 314], [88.328545964141028, 286.70205434886691], 20, [0, 0, 255], 1.0], "Name": "RandomTrial_2208", "Occluders": [], "AbnormWalls": [], "ClosedEnds": [1, 3, 2, 4], "Goals": [[[842, 468], [906, 497], 201, [255, 0, 0]], [[448, 37], [492, 63], 202, [0, 255, 0]]], "Paddle": null, "BKColor": [255, 255, 255]}