{"Dims": [1000, 620], "Walls": [[[117, 22], [143, 307], [0, 0, 0], 1.0], [[143, 22], [494, 48], [0, 0, 0], 1.0], [[143, 281], [337, 307], [0, 0, 0], 1.0], [[161, 460], [187, 620], [0, 0, 0], 1.0], [[187, 460], [251, 486], [0, 0, 0], 1.0], [[187, 596], [642, 620], [0, 0, 0], 1.0], [[225, 321], [251, 460], [0, 0, 0], 1.0], [[251, 321], [337, 347], [0, 0, 0], 1.0], [[311, 307], [337, 321], [0, 0, 0], 1.0], [[468, 48], [494, 234], [0, 0, 0], 1.0], [[494, 208], [540, 234], [0, 0, 0], 1.0], [[514, 193], [720, 208], [0, 0, 0], 1.0], [[540, 208], [720, 219], [0, 0, 0], 1.0], [[616, 543], [642, 596], [0, 0, 0], 1.0], [[642, 543], [672, 569], [0, 0, 0], 1.0], [[646, 534], [882, 543], [0, 0, 0], 1.0], [[672, 543], [882, 560], [0, 0, 0], 1.0], [[694, 219], [720, 495], [0, 0, 0], 1.0], [[720, 469], [750, 495], [0, 0, 0], 1.0], [[724, 309], [750, 469], [0, 0, 0], 1.0], [[750, 309], [822, 335], [0, 0, 0], 1.0], [[796, 281], [822, 309], [0, 0, 0], 1.0], [[801, 463], [882, 495], [0, 0, 0], 1.0], [[822, 281], [1000, 307], [0, 0, 0], 1.0], [[856, 560], [882, 620], [0, 0, 0], 1.0], [[882, 463], [891, 492], [0, 0, 0], 1.0], [[882, 596], [1000, 620], [0, 0, 0], 1.0], [[974, 307], [1000, 596], [0, 0, 0], 1.0]], "Ball": [[578, 383], [-259.36561438231098, -150.76298642600034], 20, [0, 0, 255], 1.0], "Name": "RandomTrial_0554", "Occluders": [], "AbnormWalls": [], "ClosedEnds": [1, 3, 2, 4], "Goals": [[[422, 108], [463, 148], 201, [255, 0, 0]], [[583, 39], [647, 102], 202, [0, 255, 0]]], "Paddle": null, "BKColor": [255, 255, 255]}