{"Dims": [1000, 620], "Walls": [[[27, 341], [53, 620], [0, 0, 0], 1.0], [[53, 341], [86, 367], [0, 0, 0], 1.0], [[53, 596], [393, 620], [0, 0, 0], 1.0], [[60, 139], [86, 341], [0, 0, 0], 1.0], [[86, 139], [116, 165], [0, 0, 0], 1.0], [[90, 35], [116, 139], [0, 0, 0], 1.0], [[116, 35], [259, 61], [0, 0, 0], 1.0], [[233, 61], [259, 105], [0, 0, 0], 1.0], [[259, 79], [442, 105], [0, 0, 0], 1.0], [[347, 331], [510, 367], [0, 0, 0], 1.0], [[367, 367], [510, 374], [0, 0, 0], 1.0], [[367, 535], [393, 596], [0, 0, 0], 1.0], [[393, 535], [510, 561], [0, 0, 0], 1.0], [[416, 76], [790, 79], [0, 0, 0], 1.0], [[442, 79], [790, 102], [0, 0, 0], 1.0], [[450, 322], [583, 331], [0, 0, 0], 1.0], [[484, 374], [510, 535], [0, 0, 0], 1.0], [[510, 331], [583, 348], [0, 0, 0], 1.0], [[557, 252], [583, 322], [0, 0, 0], 1.0], [[583, 252], [720, 278], [0, 0, 0], 1.0], [[694, 231], [790, 252], [0, 0, 0], 1.0], [[720, 252], [790, 257], [0, 0, 0], 1.0], [[764, 102], [790, 231], [0, 0, 0], 1.0]], "Ball": [[275, 364], [257.08114847423639, -154.62626911093614], 20, [0, 0, 255], 1.0], "Name": "RandomTrial_1753", "Occluders": [], "AbnormWalls": [], "ClosedEnds": [1, 3, 2, 4], "Goals": [[[345, 123], [404, 191], 201, [255, 0, 0]], [[781, 271], [834, 334], 202, [0, 255, 0]]], "Paddle": null, "BKColor": [255, 255, 255]}