{"Dims": [1000, 620], "Walls": [[[97, 20], [123, 181], [0, 0, 0], 1.0], [[123, 20], [417, 46], [0, 0, 0], 1.0], [[123, 155], [327, 181], [0, 0, 0], 1.0], [[301, 181], [327, 396], [0, 0, 0], 1.0], [[327, 370], [391, 396], [0, 0, 0], 1.0], [[365, 288], [391, 370], [0, 0, 0], 1.0], [[391, 46], [694, 50], [0, 0, 0], 1.0], [[391, 288], [418, 314], [0, 0, 0], 1.0], [[392, 314], [418, 378], [0, 0, 0], 1.0], [[417, 24], [513, 46], [0, 0, 0], 1.0], [[418, 352], [459, 378], [0, 0, 0], 1.0], [[433, 378], [459, 430], [0, 0, 0], 1.0], [[459, 404], [739, 430], [0, 0, 0], 1.0], [[487, 50], [694, 55], [0, 0, 0], 1.0], [[513, 29], [567, 46], [0, 0, 0], 1.0], [[541, 55], [694, 56], [0, 0, 0], 1.0], [[567, 30], [694, 46], [0, 0, 0], 1.0], [[668, 56], [694, 87], [0, 0, 0], 1.0], [[694, 61], [752, 87], [0, 0, 0], 1.0], [[713, 430], [739, 620], [0, 0, 0], 1.0], [[726, 87], [752, 141], [0, 0, 0], 1.0], [[739, 594], [900, 620], [0, 0, 0], 1.0], [[752, 115], [785, 141], [0, 0, 0], 1.0], [[759, 141], [785, 267], [0, 0, 0], 1.0], [[785, 131], [1000, 157], [0, 0, 0], 1.0], [[874, 447], [900, 594], [0, 0, 0], 1.0], [[900, 447], [981, 473], [0, 0, 0], 1.0], [[955, 398], [981, 447], [0, 0, 0], 1.0], [[974, 157], [1000, 398], [0, 0, 0], 1.0], [[981, 398], [1000, 424], [0, 0, 0], 1.0]], "Ball": [[359, 131], [110.65126785200043, 278.84816105318833], 20, [0, 0, 255], 1.0], "Name": "RandomTrial_2488", "Occluders": [], "AbnormWalls": [], "ClosedEnds": [1, 3, 2, 4], "Goals": [[[572, 80], [602, 127], 201, [255, 0, 0]], [[31, 513], [65, 535], 202, [0, 255, 0]]], "Paddle": null, "BKColor": [255, 255, 255]}