{"Dims": [1000, 620], "Walls": [[[75, 75], [101, 191], [0, 0, 0], 1.0], [[88, 191], [114, 333], [0, 0, 0], 1.0], [[101, 75], [297, 101], [0, 0, 0], 1.0], [[101, 165], [114, 191], [0, 0, 0], 1.0], [[114, 307], [271, 333], [0, 0, 0], 1.0], [[150, 333], [176, 535], [0, 0, 0], 1.0], [[176, 333], [271, 357], [0, 0, 0], 1.0], [[176, 509], [300, 535], [0, 0, 0], 1.0], [[271, 21], [297, 75], [0, 0, 0], 1.0], [[274, 535], [300, 586], [0, 0, 0], 1.0], [[297, 21], [513, 47], [0, 0, 0], 1.0], [[300, 560], [421, 586], [0, 0, 0], 1.0], [[395, 586], [421, 620], [0, 0, 0], 1.0], [[421, 596], [883, 620], [0, 0, 0], 1.0], [[479, 201], [505, 313], [0, 0, 0], 1.0], [[487, 47], [513, 201], [0, 0, 0], 1.0], [[505, 201], [513, 227], [0, 0, 0], 1.0], [[505, 287], [790, 313], [0, 0, 0], 1.0], [[741, 357], [767, 481], [0, 0, 0], 1.0], [[764, 313], [790, 357], [0, 0, 0], 1.0], [[767, 357], [790, 383], [0, 0, 0], 1.0], [[767, 455], [883, 481], [0, 0, 0], 1.0], [[857, 481], [883, 596], [0, 0, 0], 1.0]], "Ball": [[433, 313], [-11.497249865840526, 299.77960778799218], 20, [0, 0, 255], 1.0], "Name": "RandomTrial_1552", "Occluders": [], "AbnormWalls": [], "ClosedEnds": [1, 3, 2, 4], "Goals": [[[682, 536], [714, 580], 201, [255, 0, 0]], [[830, 268], [879, 332], 202, [0, 255, 0]]], "Paddle": null, "BKColor": [255, 255, 255]}