{"Dims": [1000, 620], "Walls": [[[7, 456], [33, 570], [0, 0, 0], 1.0], [[33, 456], [132, 482], [0, 0, 0], 1.0], [[33, 544], [132, 570], [0, 0, 0], 1.0], [[76, 187], [102, 434], [0, 0, 0], 1.0], [[102, 187], [188, 213], [0, 0, 0], 1.0], [[102, 408], [245, 434], [0, 0, 0], 1.0], [[106, 438], [245, 456], [0, 0, 0], 1.0], [[106, 570], [132, 620], [0, 0, 0], 1.0], [[132, 456], [245, 464], [0, 0, 0], 1.0], [[132, 596], [828, 620], [0, 0, 0], 1.0], [[162, 147], [188, 187], [0, 0, 0], 1.0], [[188, 147], [232, 173], [0, 0, 0], 1.0], [[206, 89], [232, 147], [0, 0, 0], 1.0], [[219, 434], [245, 438], [0, 0, 0], 1.0], [[232, 89], [487, 115], [0, 0, 0], 1.0], [[379, 298], [513, 348], [0, 0, 0], 1.0], [[461, 115], [487, 247], [0, 0, 0], 1.0], [[487, 221], [513, 298], [0, 0, 0], 1.0], [[490, 440], [564, 487], [0, 0, 0], 1.0], [[513, 322], [564, 348], [0, 0, 0], 1.0], [[538, 348], [564, 440], [0, 0, 0], 1.0], [[564, 461], [828, 487], [0, 0, 0], 1.0], [[802, 487], [828, 596], [0, 0, 0], 1.0]], "Ball": [[445, 377], [-293.88045866942468, -60.284956765751851], 20, [0, 0, 255], 1.0], "Name": "RandomTrial_1798", "Occluders": [], "AbnormWalls": [], "ClosedEnds": [1, 3, 2, 4], "Goals": [[[131, 271], [170, 332], 201, [255, 0, 0]], [[436, 22], [476, 56], 202, [0, 255, 0]]], "Paddle": null, "BKColor": [255, 255, 255]}