{"Dims": [1000, 620], "Walls": [[[28, 93], [54, 252], [0, 0, 0], 1.0], [[54, 93], [177, 119], [0, 0, 0], 1.0], [[54, 226], [98, 252], [0, 0, 0], 1.0], [[55, 288], [81, 426], [0, 0, 0], 1.0], [[72, 252], [98, 288], [0, 0, 0], 1.0], [[81, 288], [98, 314], [0, 0, 0], 1.0], [[81, 400], [306, 426], [0, 0, 0], 1.0], [[151, 77], [479, 93], [0, 0, 0], 1.0], [[177, 93], [489, 103], [0, 0, 0], 1.0], [[280, 426], [306, 518], [0, 0, 0], 1.0], [[306, 492], [357, 518], [0, 0, 0], 1.0], [[331, 518], [357, 620], [0, 0, 0], 1.0], [[357, 596], [1000, 620], [0, 0, 0], 1.0], [[453, 103], [489, 119], [0, 0, 0], 1.0], [[463, 119], [603, 145], [0, 0, 0], 1.0], [[577, 145], [687, 158], [0, 0, 0], 1.0], [[603, 132], [1000, 145], [0, 0, 0], 1.0], [[630, 363], [815, 405], [0, 0, 0], 1.0], [[661, 122], [900, 132], [0, 0, 0], 1.0], [[687, 145], [1000, 148], [0, 0, 0], 1.0], [[789, 405], [815, 466], [0, 0, 0], 1.0], [[815, 363], [1000, 389], [0, 0, 0], 1.0], [[815, 440], [1000, 466], [0, 0, 0], 1.0], [[874, 148], [1000, 158], [0, 0, 0], 1.0], [[974, 158], [1000, 363], [0, 0, 0], 1.0], [[974, 466], [1000, 596], [0, 0, 0], 1.0]], "Ball": [[504, 256], [274.88204434507702, 120.16597561985307], 20, [0, 0, 255], 1.0], "Name": "RandomTrial_1707", "Occluders": [], "AbnormWalls": [], "ClosedEnds": [1, 3, 2, 4], "Goals": [[[750, 167], [827, 209], 201, [255, 0, 0]], [[173, 467], [251, 495], 202, [0, 255, 0]]], "Paddle": null, "BKColor": [255, 255, 255]}