{"Dims": [1000, 620], "Walls": [[[188, 29], [214, 113], [0, 0, 0], 1.0], [[203, 113], [229, 151], [0, 0, 0], 1.0], [[214, 29], [627, 55], [0, 0, 0], 1.0], [[214, 87], [229, 113], [0, 0, 0], 1.0], [[229, 125], [339, 151], [0, 0, 0], 1.0], [[313, 151], [339, 180], [0, 0, 0], 1.0], [[324, 180], [350, 384], [0, 0, 0], 1.0], [[339, 154], [350, 180], [0, 0, 0], 1.0], [[344, 384], [376, 403], [0, 0, 0], 1.0], [[350, 358], [370, 384], [0, 0, 0], 1.0], [[350, 403], [473, 413], [0, 0, 0], 1.0], [[370, 377], [376, 384], [0, 0, 0], 1.0], [[376, 387], [473, 403], [0, 0, 0], 1.0], [[447, 413], [473, 520], [0, 0, 0], 1.0], [[473, 494], [673, 520], [0, 0, 0], 1.0], [[601, 55], [812, 70], [0, 0, 0], 1.0], [[627, 44], [812, 55], [0, 0, 0], 1.0], [[647, 520], [673, 620], [0, 0, 0], 1.0], [[673, 596], [1000, 620], [0, 0, 0], 1.0], [[786, 70], [812, 128], [0, 0, 0], 1.0], [[797, 128], [823, 349], [0, 0, 0], 1.0], [[812, 102], [823, 128], [0, 0, 0], 1.0], [[823, 323], [1000, 349], [0, 0, 0], 1.0], [[974, 349], [1000, 596], [0, 0, 0], 1.0]], "Ball": [[461, 200], [260.88035184708093, 148.12643930150776], 20, [0, 0, 255], 1.0], "Name": "RandomTrial_1358", "Occluders": [], "AbnormWalls": [], "ClosedEnds": [1, 3, 2, 4], "Goals": [[[754, 523], [829, 593], 201, [255, 0, 0]], [[399, 429], [441, 479], 202, [0, 255, 0]]], "Paddle": null, "BKColor": [255, 255, 255]}