{"Dims": [1000, 620], "Walls": [[[60, 42], [86, 195], [0, 0, 0], 1.0], [[86, 42], [480, 68], [0, 0, 0], 1.0], [[86, 169], [132, 195], [0, 0, 0], 1.0], [[106, 195], [132, 392], [0, 0, 0], 1.0], [[132, 366], [327, 392], [0, 0, 0], 1.0], [[301, 169], [327, 366], [0, 0, 0], 1.0], [[327, 169], [443, 195], [0, 0, 0], 1.0], [[417, 195], [480, 203], [0, 0, 0], 1.0], [[443, 177], [480, 195], [0, 0, 0], 1.0], [[445, 68], [480, 106], [0, 0, 0], 1.0], [[454, 25], [597, 42], [0, 0, 0], 1.0], [[454, 203], [480, 253], [0, 0, 0], 1.0], [[480, 42], [597, 51], [0, 0, 0], 1.0], [[480, 227], [597, 253], [0, 0, 0], 1.0], [[571, 14], [905, 25], [0, 0, 0], 1.0], [[571, 253], [597, 299], [0, 0, 0], 1.0], [[597, 25], [905, 40], [0, 0, 0], 1.0], [[597, 273], [772, 299], [0, 0, 0], 1.0], [[746, 299], [772, 371], [0, 0, 0], 1.0], [[772, 345], [1000, 371], [0, 0, 0], 1.0], [[879, 40], [905, 100], [0, 0, 0], 1.0], [[905, 74], [1000, 100], [0, 0, 0], 1.0], [[974, 100], [1000, 345], [0, 0, 0], 1.0]], "Ball": [[219, 315], [94.85852644512201, -284.60825701419856], 20, [0, 0, 255], 1.0], "Name": "RandomTrial_2719", "Occluders": [], "AbnormWalls": [], "ClosedEnds": [1, 3, 2, 4], "Goals": [[[816, 147], [862, 215], 201, [255, 0, 0]], [[494, 443], [560, 506], 202, [0, 255, 0]]], "Paddle": null, "BKColor": [255, 255, 255]}