{"Dims": [1000, 620], "Walls": [[[12, 37], [38, 332], [0, 0, 0], 1.0], [[38, 37], [127, 63], [0, 0, 0], 1.0], [[38, 306], [379, 332], [0, 0, 0], 1.0], [[101, 27], [165, 37], [0, 0, 0], 1.0], [[125, 24], [704, 27], [0, 0, 0], 1.0], [[127, 37], [151, 53], [0, 0, 0], 1.0], [[139, 3], [584, 24], [0, 0, 0], 1.0], [[151, 37], [165, 50], [0, 0, 0], 1.0], [[165, 27], [704, 29], [0, 0, 0], 1.0], [[314, 332], [340, 421], [0, 0, 0], 1.0], [[331, 228], [379, 306], [0, 0, 0], 1.0], [[340, 332], [379, 352], [0, 0, 0], 1.0], [[340, 395], [745, 421], [0, 0, 0], 1.0], [[558, 29], [704, 49], [0, 0, 0], 1.0], [[584, 23], [704, 24], [0, 0, 0], 1.0], [[678, 49], [704, 106], [0, 0, 0], 1.0], [[704, 80], [898, 106], [0, 0, 0], 1.0], [[719, 381], [781, 395], [0, 0, 0], 1.0], [[745, 395], [781, 407], [0, 0, 0], 1.0], [[755, 152], [781, 381], [0, 0, 0], 1.0], [[781, 152], [898, 178], [0, 0, 0], 1.0], [[872, 106], [898, 152], [0, 0, 0], 1.0]], "Ball": [[303, 58], [299.76830764493826, -11.788203072972795], 20, [0, 0, 255], 1.0], "Name": "RandomTrial_1458", "Occluders": [], "AbnormWalls": [], "ClosedEnds": [1, 3, 2, 4], "Goals": [[[623, 162], [682, 188], 201, [255, 0, 0]], [[797, 351], [865, 415], 202, [0, 255, 0]]], "Paddle": null, "BKColor": [255, 255, 255]}