{"Dims": [1000, 620], "Walls": [[[155, 144], [181, 311], [0, 0, 0], 1.0], [[181, 144], [394, 170], [0, 0, 0], 1.0], [[181, 285], [376, 311], [0, 0, 0], 1.0], [[350, 311], [376, 592], [0, 0, 0], 1.0], [[368, 69], [394, 144], [0, 0, 0], 1.0], [[375, 216], [401, 285], [0, 0, 0], 1.0], [[376, 285], [478, 298], [0, 0, 0], 1.0], [[376, 566], [501, 592], [0, 0, 0], 1.0], [[394, 69], [422, 95], [0, 0, 0], 1.0], [[396, 1], [422, 69], [0, 0, 0], 1.0], [[401, 216], [478, 242], [0, 0, 0], 1.0], [[401, 272], [478, 285], [0, 0, 0], 1.0], [[422, 1], [513, 27], [0, 0, 0], 1.0], [[452, 242], [478, 272], [0, 0, 0], 1.0], [[475, 340], [501, 566], [0, 0, 0], 1.0], [[487, 27], [513, 74], [0, 0, 0], 1.0], [[501, 340], [617, 366], [0, 0, 0], 1.0], [[513, 48], [685, 74], [0, 0, 0], 1.0], [[591, 216], [617, 340], [0, 0, 0], 1.0], [[617, 216], [829, 242], [0, 0, 0], 1.0], [[659, 74], [829, 95], [0, 0, 0], 1.0], [[685, 69], [829, 74], [0, 0, 0], 1.0], [[803, 95], [829, 131], [0, 0, 0], 1.0], [[803, 191], [949, 216], [0, 0, 0], 1.0], [[829, 105], [949, 131], [0, 0, 0], 1.0], [[829, 216], [949, 217], [0, 0, 0], 1.0], [[923, 131], [949, 191], [0, 0, 0], 1.0]], "Ball": [[284, 241], [296.25999101673722, -47.223063462282688], 20, [0, 0, 255], 1.0], "Name": "RandomTrial_1932", "Occluders": [], "AbnormWalls": [], "ClosedEnds": [1, 3, 2, 4], "Goals": [[[468, 88], [512, 119], 201, [255, 0, 0]], [[36, 27], [90, 48], 202, [0, 255, 0]]], "Paddle": null, "BKColor": [255, 255, 255]}