{"Dims": [1000, 620], "Walls": [[[43, 58], [69, 324], [0, 0, 0], 1.0], [[63, 8], [89, 58], [0, 0, 0], 1.0], [[69, 58], [89, 84], [0, 0, 0], 1.0], [[69, 298], [256, 324], [0, 0, 0], 1.0], [[89, 8], [249, 34], [0, 0, 0], 1.0], [[167, 324], [193, 474], [0, 0, 0], 1.0], [[193, 324], [256, 334], [0, 0, 0], 1.0], [[193, 448], [256, 474], [0, 0, 0], 1.0], [[223, 4], [637, 8], [0, 0, 0], 1.0], [[230, 474], [256, 503], [0, 0, 0], 1.0], [[249, 8], [637, 30], [0, 0, 0], 1.0], [[256, 477], [423, 503], [0, 0, 0], 1.0], [[294, 196], [626, 244], [0, 0, 0], 1.0], [[397, 503], [423, 620], [0, 0, 0], 1.0], [[423, 596], [770, 620], [0, 0, 0], 1.0], [[600, 244], [626, 444], [0, 0, 0], 1.0], [[611, 30], [637, 196], [0, 0, 0], 1.0], [[626, 196], [637, 222], [0, 0, 0], 1.0], [[626, 418], [770, 444], [0, 0, 0], 1.0], [[744, 444], [770, 596], [0, 0, 0], 1.0]], "Ball": [[223, 389], [68.94840902577694, -291.96937663531457], 20, [0, 0, 255], 1.0], "Name": "RandomTrial_2525", "Occluders": [], "AbnormWalls": [], "ClosedEnds": [1, 3, 2, 4], "Goals": [[[293, 90], [359, 147], 201, [255, 0, 0]], [[663, 70], [729, 139], 202, [0, 255, 0]]], "Paddle": null, "BKColor": [255, 255, 255]}