{"Dims": [1000, 620], "Walls": [[[5, 227], [31, 417], [0, 0, 0], 1.0], [[31, 227], [319, 253], [0, 0, 0], 1.0], [[31, 391], [72, 417], [0, 0, 0], 1.0], [[45, 417], [71, 479], [0, 0, 0], 1.0], [[46, 479], [72, 565], [0, 0, 0], 1.0], [[71, 417], [72, 427], [0, 0, 0], 1.0], [[71, 453], [72, 479], [0, 0, 0], 1.0], [[72, 539], [206, 565], [0, 0, 0], 1.0], [[180, 565], [206, 603], [0, 0, 0], 1.0], [[206, 577], [342, 603], [0, 0, 0], 1.0], [[293, 253], [319, 372], [0, 0, 0], 1.0], [[316, 603], [437, 620], [0, 0, 0], 1.0], [[319, 346], [382, 372], [0, 0, 0], 1.0], [[342, 595], [605, 603], [0, 0, 0], 1.0], [[356, 213], [382, 346], [0, 0, 0], 1.0], [[363, 140], [389, 213], [0, 0, 0], 1.0], [[382, 213], [389, 239], [0, 0, 0], 1.0], [[389, 140], [431, 166], [0, 0, 0], 1.0], [[405, 73], [431, 140], [0, 0, 0], 1.0], [[411, 577], [605, 595], [0, 0, 0], 1.0], [[431, 73], [553, 99], [0, 0, 0], 1.0], [[527, 60], [761, 73], [0, 0, 0], 1.0], [[553, 73], [761, 86], [0, 0, 0], 1.0], [[579, 450], [605, 577], [0, 0, 0], 1.0], [[605, 450], [679, 476], [0, 0, 0], 1.0], [[653, 476], [679, 620], [0, 0, 0], 1.0], [[679, 596], [1000, 620], [0, 0, 0], 1.0], [[735, 86], [761, 239], [0, 0, 0], 1.0], [[751, 239], [777, 408], [0, 0, 0], 1.0], [[761, 158], [876, 184], [0, 0, 0], 1.0], [[761, 236], [874, 239], [0, 0, 0], 1.0], [[777, 239], [874, 262], [0, 0, 0], 1.0], [[777, 382], [874, 408], [0, 0, 0], 1.0], [[848, 262], [874, 382], [0, 0, 0], 1.0], [[850, 151], [1000, 158], [0, 0, 0], 1.0], [[873, 150], [1000, 151], [0, 0, 0], 1.0], [[876, 158], [899, 177], [0, 0, 0], 1.0], [[899, 158], [1000, 176], [0, 0, 0], 1.0], [[974, 176], [1000, 596], [0, 0, 0], 1.0]], "Ball": [[465, 391], [-174.60858579205782, 243.95049040265849], 20, [0, 0, 255], 1.0], "Name": "RandomTrial_0474", "Occluders": [], "AbnormWalls": [], "ClosedEnds": [1, 3, 2, 4], "Goals": [[[133, 470], [190, 506], 201, [255, 0, 0]], [[85, 53], [157, 109], 202, [0, 255, 0]]], "Paddle": null, "BKColor": [255, 255, 255]}