{"Dims": [1000, 620], "Walls": [[[227, 172], [253, 486], [0, 0, 0], 1.0], [[253, 172], [517, 198], [0, 0, 0], 1.0], [[253, 460], [289, 486], [0, 0, 0], 1.0], [[263, 486], [289, 620], [0, 0, 0], 1.0], [[289, 596], [373, 620], [0, 0, 0], 1.0], [[324, 55], [350, 172], [0, 0, 0], 1.0], [[333, 43], [967, 55], [0, 0, 0], 1.0], [[347, 460], [373, 596], [0, 0, 0], 1.0], [[350, 55], [549, 69], [0, 0, 0], 1.0], [[350, 69], [359, 81], [0, 0, 0], 1.0], [[350, 163], [433, 172], [0, 0, 0], 1.0], [[373, 460], [737, 486], [0, 0, 0], 1.0], [[407, 107], [433, 163], [0, 0, 0], 1.0], [[433, 107], [549, 133], [0, 0, 0], 1.0], [[491, 133], [517, 172], [0, 0, 0], 1.0], [[517, 133], [549, 144], [0, 0, 0], 1.0], [[523, 39], [967, 43], [0, 0, 0], 1.0], [[549, 55], [967, 65], [0, 0, 0], 1.0], [[711, 380], [737, 460], [0, 0, 0], 1.0], [[737, 380], [1000, 406], [0, 0, 0], 1.0], [[941, 65], [1000, 89], [0, 0, 0], 1.0], [[967, 63], [1000, 65], [0, 0, 0], 1.0], [[974, 89], [1000, 380], [0, 0, 0], 1.0]], "Ball": [[378, 417], [255.20585110594399, -157.7021672688449], 20, [0, 0, 255], 1.0], "Name": "RandomTrial_2039", "Occluders": [], "AbnormWalls": [], "ClosedEnds": [1, 3, 2, 4], "Goals": [[[678, 121], [714, 159], 201, [255, 0, 0]], [[65, 563], [114, 596], 202, [0, 255, 0]]], "Paddle": null, "BKColor": [255, 255, 255]}