{"Dims": [1000, 620], "Walls": [[[116, 310], [142, 438], [0, 0, 0], 1.0], [[142, 310], [276, 336], [0, 0, 0], 1.0], [[142, 412], [276, 438], [0, 0, 0], 1.0], [[176, 117], [202, 224], [0, 0, 0], 1.0], [[202, 117], [292, 143], [0, 0, 0], 1.0], [[202, 198], [292, 224], [0, 0, 0], 1.0], [[250, 275], [276, 310], [0, 0, 0], 1.0], [[250, 438], [276, 508], [0, 0, 0], 1.0], [[266, 107], [397, 117], [0, 0, 0], 1.0], [[266, 224], [292, 275], [0, 0, 0], 1.0], [[276, 275], [397, 301], [0, 0, 0], 1.0], [[276, 482], [432, 508], [0, 0, 0], 1.0], [[292, 117], [397, 133], [0, 0, 0], 1.0], [[292, 267], [397, 275], [0, 0, 0], 1.0], [[371, 89], [578, 107], [0, 0, 0], 1.0], [[397, 107], [578, 115], [0, 0, 0], 1.0], [[406, 412], [432, 482], [0, 0, 0], 1.0], [[432, 412], [573, 438], [0, 0, 0], 1.0], [[547, 352], [573, 412], [0, 0, 0], 1.0], [[552, 15], [578, 89], [0, 0, 0], 1.0], [[573, 352], [673, 378], [0, 0, 0], 1.0], [[578, 15], [896, 41], [0, 0, 0], 1.0], [[647, 247], [673, 352], [0, 0, 0], 1.0], [[673, 247], [896, 273], [0, 0, 0], 1.0], [[870, 41], [896, 247], [0, 0, 0], 1.0]], "Ball": [[599, 141], [-62.775934586046581, 293.35845315389906], 20, [0, 0, 255], 1.0], "Name": "RandomTrial_2110", "Occluders": [], "AbnormWalls": [], "ClosedEnds": [1, 3, 2, 4], "Goals": [[[413, 159], [465, 188], 201, [255, 0, 0]], [[893, 441], [952, 477], 202, [0, 255, 0]]], "Paddle": null, "BKColor": [255, 255, 255]}