{"Dims": [1000, 620], "Walls": [[[36, 169], [62, 306], [0, 0, 0], 1.0], [[60, 57], [86, 169], [0, 0, 0], 1.0], [[60, 306], [239, 309], [0, 0, 0], 1.0], [[62, 169], [86, 195], [0, 0, 0], 1.0], [[62, 280], [86, 306], [0, 0, 0], 1.0], [[86, 57], [239, 83], [0, 0, 0], 1.0], [[86, 283], [239, 306], [0, 0, 0], 1.0], [[213, 83], [239, 177], [0, 0, 0], 1.0], [[213, 256], [239, 283], [0, 0, 0], 1.0], [[239, 151], [452, 177], [0, 0, 0], 1.0], [[239, 256], [472, 282], [0, 0, 0], 1.0], [[426, 32], [452, 151], [0, 0, 0], 1.0], [[446, 282], [472, 455], [0, 0, 0], 1.0], [[452, 32], [736, 58], [0, 0, 0], 1.0], [[472, 429], [639, 455], [0, 0, 0], 1.0], [[613, 455], [639, 620], [0, 0, 0], 1.0], [[639, 596], [1000, 620], [0, 0, 0], 1.0], [[710, 22], [989, 32], [0, 0, 0], 1.0], [[736, 32], [989, 48], [0, 0, 0], 1.0], [[823, 222], [849, 417], [0, 0, 0], 1.0], [[849, 222], [989, 248], [0, 0, 0], 1.0], [[849, 391], [1000, 417], [0, 0, 0], 1.0], [[963, 48], [989, 222], [0, 0, 0], 1.0], [[974, 417], [1000, 596], [0, 0, 0], 1.0]], "Ball": [[496, 135], [293.01748911631512, 64.348667989089989], 20, [0, 0, 255], 1.0], "Name": "RandomTrial_1148", "Occluders": [], "AbnormWalls": [], "ClosedEnds": [1, 3, 2, 4], "Goals": [[[703, 384], [768, 442], 201, [255, 0, 0]], [[155, 319], [209, 383], 202, [0, 255, 0]]], "Paddle": null, "BKColor": [255, 255, 255]}