{"Dims": [1000, 620], "Walls": [[[92, 290], [118, 402], [0, 0, 0], 1.0], [[118, 290], [187, 316], [0, 0, 0], 1.0], [[118, 376], [338, 402], [0, 0, 0], 1.0], [[161, 66], [187, 290], [0, 0, 0], 1.0], [[187, 66], [295, 92], [0, 0, 0], 1.0], [[269, 57], [580, 66], [0, 0, 0], 1.0], [[277, 289], [338, 316], [0, 0, 0], 1.0], [[295, 66], [580, 83], [0, 0, 0], 1.0], [[312, 316], [338, 376], [0, 0, 0], 1.0], [[338, 289], [432, 315], [0, 0, 0], 1.0], [[406, 185], [432, 289], [0, 0, 0], 1.0], [[432, 185], [580, 211], [0, 0, 0], 1.0], [[554, 27], [580, 57], [0, 0, 0], 1.0], [[554, 211], [580, 313], [0, 0, 0], 1.0], [[580, 27], [959, 53], [0, 0, 0], 1.0], [[580, 287], [959, 313], [0, 0, 0], 1.0], [[933, 53], [959, 287], [0, 0, 0], 1.0]], "Ball": [[759, 252], [-212.16151053870013, -212.10255407688288], 20, [0, 0, 255], 1.0], "Name": "RandomTrial_2127", "Occluders": [], "AbnormWalls": [], "ClosedEnds": [1, 3, 2, 4], "Goals": [[[290, 116], [348, 137], 201, [255, 0, 0]], [[386, 408], [429, 466], 202, [0, 255, 0]]], "Paddle": null, "BKColor": [255, 255, 255]}