{"Dims": [1000, 620], "Walls": [[[142, 78], [168, 238], [0, 0, 0], 1.0], [[150, 238], [176, 280], [0, 0, 0], 1.0], [[168, 78], [237, 104], [0, 0, 0], 1.0], [[168, 212], [176, 238], [0, 0, 0], 1.0], [[176, 254], [202, 459], [0, 0, 0], 1.0], [[202, 433], [377, 459], [0, 0, 0], 1.0], [[211, 30], [237, 78], [0, 0, 0], 1.0], [[237, 30], [300, 56], [0, 0, 0], 1.0], [[274, 56], [300, 104], [0, 0, 0], 1.0], [[300, 78], [489, 104], [0, 0, 0], 1.0], [[351, 254], [377, 433], [0, 0, 0], 1.0], [[377, 254], [409, 280], [0, 0, 0], 1.0], [[383, 280], [409, 424], [0, 0, 0], 1.0], [[409, 398], [762, 424], [0, 0, 0], 1.0], [[463, 47], [489, 78], [0, 0, 0], 1.0], [[489, 47], [695, 73], [0, 0, 0], 1.0], [[669, 73], [695, 174], [0, 0, 0], 1.0], [[695, 148], [762, 174], [0, 0, 0], 1.0], [[736, 174], [762, 398], [0, 0, 0], 1.0]], "Ball": [[487, 364], [-281.83527424255226, -102.80504945101363], 20, [0, 0, 255], 1.0], "Name": "RandomTrial_0192", "Occluders": [], "AbnormWalls": [], "ClosedEnds": [1, 3, 2, 4], "Goals": [[[226, 343], [261, 368], 201, [255, 0, 0]], [[922, 361], [958, 415], 202, [0, 255, 0]]], "Paddle": null, "BKColor": [255, 255, 255]}