{"Dims": [1000, 620], "Walls": [[[163, 200], [189, 330], [0, 0, 0], 1.0], [[189, 200], [386, 226], [0, 0, 0], 1.0], [[189, 304], [422, 330], [0, 0, 0], 1.0], [[194, 12], [220, 177], [0, 0, 0], 1.0], [[220, 12], [609, 38], [0, 0, 0], 1.0], [[220, 151], [267, 177], [0, 0, 0], 1.0], [[241, 177], [386, 182], [0, 0, 0], 1.0], [[267, 156], [386, 177], [0, 0, 0], 1.0], [[360, 182], [386, 200], [0, 0, 0], 1.0], [[396, 330], [422, 413], [0, 0, 0], 1.0], [[422, 387], [565, 413], [0, 0, 0], 1.0], [[539, 413], [725, 418], [0, 0, 0], 1.0], [[565, 392], [725, 413], [0, 0, 0], 1.0], [[583, 38], [609, 87], [0, 0, 0], 1.0], [[609, 61], [674, 87], [0, 0, 0], 1.0], [[648, 87], [674, 141], [0, 0, 0], 1.0], [[672, 141], [698, 168], [0, 0, 0], 1.0], [[674, 115], [698, 141], [0, 0, 0], 1.0], [[698, 142], [725, 168], [0, 0, 0], 1.0], [[699, 168], [948, 173], [0, 0, 0], 1.0], [[699, 310], [725, 392], [0, 0, 0], 1.0], [[725, 147], [948, 168], [0, 0, 0], 1.0], [[725, 310], [760, 336], [0, 0, 0], 1.0], [[734, 336], [760, 437], [0, 0, 0], 1.0], [[760, 411], [1000, 437], [0, 0, 0], 1.0], [[922, 173], [948, 232], [0, 0, 0], 1.0], [[948, 206], [1000, 232], [0, 0, 0], 1.0], [[974, 232], [1000, 411], [0, 0, 0], 1.0]], "Ball": [[432, 184], [21.70854851522429, 299.21353398762255], 20, [0, 0, 255], 1.0], "Name": "RandomTrial_1554", "Occluders": [], "AbnormWalls": [], "ClosedEnds": [1, 3, 2, 4], "Goals": [[[894, 346], [955, 385], 201, [255, 0, 0]], [[842, 500], [900, 568], 202, [0, 255, 0]]], "Paddle": null, "BKColor": [255, 255, 255]}