{"Dims": [1000, 620], "Walls": [[[114, 155], [140, 369], [0, 0, 0], 1.0], [[138, 100], [164, 155], [0, 0, 0], 1.0], [[140, 155], [164, 181], [0, 0, 0], 1.0], [[140, 343], [301, 369], [0, 0, 0], 1.0], [[164, 100], [513, 126], [0, 0, 0], 1.0], [[275, 369], [301, 409], [0, 0, 0], 1.0], [[301, 383], [410, 409], [0, 0, 0], 1.0], [[384, 409], [410, 620], [0, 0, 0], 1.0], [[410, 596], [597, 620], [0, 0, 0], 1.0], [[487, 126], [513, 181], [0, 0, 0], 1.0], [[513, 155], [589, 181], [0, 0, 0], 1.0], [[563, 181], [780, 200], [0, 0, 0], 1.0], [[571, 385], [597, 596], [0, 0, 0], 1.0], [[589, 174], [780, 181], [0, 0, 0], 1.0], [[597, 385], [780, 411], [0, 0, 0], 1.0], [[754, 200], [780, 385], [0, 0, 0], 1.0]], "Ball": [[265, 246], [296.98870147144004, 42.399424504441782], 20, [0, 0, 255], 1.0], "Name": "RandomTrial_1890", "Occluders": [], "AbnormWalls": [], "ClosedEnds": [1, 3, 2, 4], "Goals": [[[549, 329], [580, 370], 201, [255, 0, 0]], [[527, 96], [590, 153], 202, [0, 255, 0]]], "Paddle": null, "BKColor": [255, 255, 255]}