{"Dims": [1000, 620], "Walls": [[[33, 218], [59, 508], [0, 0, 0], 1.0], [[59, 218], [220, 244], [0, 0, 0], 1.0], [[59, 482], [270, 508], [0, 0, 0], 1.0], [[194, 208], [364, 218], [0, 0, 0], 1.0], [[220, 218], [364, 234], [0, 0, 0], 1.0], [[244, 508], [270, 588], [0, 0, 0], 1.0], [[270, 562], [719, 588], [0, 0, 0], 1.0], [[338, 43], [364, 208], [0, 0, 0], 1.0], [[364, 43], [513, 69], [0, 0, 0], 1.0], [[487, 69], [513, 137], [0, 0, 0], 1.0], [[513, 111], [723, 137], [0, 0, 0], 1.0], [[693, 517], [719, 562], [0, 0, 0], 1.0], [[697, 137], [723, 283], [0, 0, 0], 1.0], [[719, 517], [805, 543], [0, 0, 0], 1.0], [[723, 257], [805, 283], [0, 0, 0], 1.0], [[779, 283], [805, 517], [0, 0, 0], 1.0]], "Ball": [[497, 368], [-277.57789005597539, 113.80032931443054], 20, [0, 0, 255], 1.0], "Name": "RandomTrial_2831", "Occluders": [], "AbnormWalls": [], "ClosedEnds": [1, 3, 2, 4], "Goals": [[[369, 135], [411, 197], 201, [255, 0, 0]], [[205, 86], [260, 127], 202, [0, 255, 0]]], "Paddle": null, "BKColor": [255, 255, 255]}