{"Dims": [1000, 620], "Walls": [[[35, 136], [61, 356], [0, 0, 0], 1.0], [[61, 136], [135, 162], [0, 0, 0], 1.0], [[61, 330], [148, 356], [0, 0, 0], 1.0], [[80, 356], [106, 518], [0, 0, 0], 1.0], [[83, 518], [109, 554], [0, 0, 0], 1.0], [[106, 356], [177, 374], [0, 0, 0], 1.0], [[106, 492], [109, 518], [0, 0, 0], 1.0], [[109, 105], [135, 136], [0, 0, 0], 1.0], [[109, 528], [231, 554], [0, 0, 0], 1.0], [[122, 298], [148, 330], [0, 0, 0], 1.0], [[135, 105], [221, 131], [0, 0, 0], 1.0], [[148, 298], [177, 324], [0, 0, 0], 1.0], [[148, 348], [177, 356], [0, 0, 0], 1.0], [[151, 324], [177, 348], [0, 0, 0], 1.0], [[195, 131], [221, 301], [0, 0, 0], 1.0], [[205, 554], [231, 620], [0, 0, 0], 1.0], [[221, 275], [283, 301], [0, 0, 0], 1.0], [[231, 596], [541, 620], [0, 0, 0], 1.0], [[257, 245], [283, 275], [0, 0, 0], 1.0], [[283, 245], [383, 271], [0, 0, 0], 1.0], [[357, 173], [383, 245], [0, 0, 0], 1.0], [[383, 173], [432, 199], [0, 0, 0], 1.0], [[406, 172], [592, 173], [0, 0, 0], 1.0], [[432, 173], [776, 198], [0, 0, 0], 1.0], [[515, 543], [541, 596], [0, 0, 0], 1.0], [[541, 543], [814, 569], [0, 0, 0], 1.0], [[566, 198], [776, 199], [0, 0, 0], 1.0], [[750, 199], [776, 267], [0, 0, 0], 1.0], [[776, 241], [1000, 267], [0, 0, 0], 1.0], [[788, 453], [814, 543], [0, 0, 0], 1.0], [[814, 453], [921, 479], [0, 0, 0], 1.0], [[895, 479], [921, 620], [0, 0, 0], 1.0], [[921, 596], [1000, 620], [0, 0, 0], 1.0], [[974, 267], [1000, 596], [0, 0, 0], 1.0]], "Ball": [[695, 515], [-285.75478716011844, 91.346601551866158], 20, [0, 0, 255], 1.0], "Name": "RandomTrial_2250", "Occluders": [], "AbnormWalls": [], "ClosedEnds": [1, 3, 2, 4], "Goals": [[[453, 504], [489, 541], 201, [255, 0, 0]], [[372, 104], [420, 160], 202, [0, 255, 0]]], "Paddle": null, "BKColor": [255, 255, 255]}