{"Dims": [1000, 620], "Walls": [[[62, 116], [88, 361], [0, 0, 0], 1.0], [[88, 116], [332, 142], [0, 0, 0], 1.0], [[88, 335], [460, 361], [0, 0, 0], 1.0], [[306, 22], [332, 116], [0, 0, 0], 1.0], [[332, 22], [646, 48], [0, 0, 0], 1.0], [[415, 177], [441, 335], [0, 0, 0], 1.0], [[418, 152], [524, 177], [0, 0, 0], 1.0], [[434, 361], [460, 392], [0, 0, 0], 1.0], [[441, 177], [444, 203], [0, 0, 0], 1.0], [[441, 236], [491, 262], [0, 0, 0], 1.0], [[441, 262], [460, 335], [0, 0, 0], 1.0], [[444, 177], [524, 178], [0, 0, 0], 1.0], [[460, 366], [491, 392], [0, 0, 0], 1.0], [[465, 180], [491, 236], [0, 0, 0], 1.0], [[465, 392], [491, 488], [0, 0, 0], 1.0], [[491, 180], [524, 206], [0, 0, 0], 1.0], [[491, 462], [607, 488], [0, 0, 0], 1.0], [[498, 178], [524, 180], [0, 0, 0], 1.0], [[581, 366], [607, 462], [0, 0, 0], 1.0], [[607, 366], [840, 392], [0, 0, 0], 1.0], [[620, 48], [646, 76], [0, 0, 0], 1.0], [[646, 50], [959, 76], [0, 0, 0], 1.0], [[802, 392], [828, 514], [0, 0, 0], 1.0], [[828, 488], [1000, 514], [0, 0, 0], 1.0], [[933, 76], [959, 123], [0, 0, 0], 1.0], [[959, 97], [1000, 123], [0, 0, 0], 1.0], [[974, 123], [1000, 488], [0, 0, 0], 1.0]], "Ball": [[854, 318], [-105.90615007940805, -280.68467606080299], 20, [0, 0, 255], 1.0], "Name": "RandomTrial_2539", "Occluders": [], "AbnormWalls": [], "ClosedEnds": [1, 3, 2, 4], "Goals": [[[528, 83], [561, 132], 201, [255, 0, 0]], [[350, 545], [424, 584], 202, [0, 255, 0]]], "Paddle": null, "BKColor": [255, 255, 255]}