{"Dims": [1000, 620], "Walls": [[[188, 51], [214, 324], [0, 0, 0], 1.0], [[200, 324], [378, 343], [0, 0, 0], 1.0], [[214, 51], [513, 77], [0, 0, 0], 1.0], [[214, 298], [226, 324], [0, 0, 0], 1.0], [[226, 317], [378, 324], [0, 0, 0], 1.0], [[352, 343], [378, 383], [0, 0, 0], 1.0], [[378, 357], [659, 383], [0, 0, 0], 1.0], [[487, 77], [648, 81], [0, 0, 0], 1.0], [[513, 55], [648, 77], [0, 0, 0], 1.0], [[607, 418], [633, 620], [0, 0, 0], 1.0], [[622, 81], [648, 134], [0, 0, 0], 1.0], [[628, 134], [654, 209], [0, 0, 0], 1.0], [[633, 383], [659, 444], [0, 0, 0], 1.0], [[633, 596], [1000, 620], [0, 0, 0], 1.0], [[648, 108], [654, 134], [0, 0, 0], 1.0], [[654, 183], [828, 209], [0, 0, 0], 1.0], [[802, 155], [828, 183], [0, 0, 0], 1.0], [[828, 155], [1000, 181], [0, 0, 0], 1.0], [[837, 247], [863, 322], [0, 0, 0], 1.0], [[863, 247], [1000, 273], [0, 0, 0], 1.0], [[863, 296], [951, 322], [0, 0, 0], 1.0], [[925, 322], [951, 444], [0, 0, 0], 1.0], [[951, 418], [1000, 444], [0, 0, 0], 1.0], [[974, 181], [1000, 247], [0, 0, 0], 1.0], [[974, 444], [1000, 596], [0, 0, 0], 1.0]], "Ball": [[768, 236], [-166.89768607290989, -249.28931461959698], 20, [0, 0, 255], 1.0], "Name": "RandomTrial_0695", "Occluders": [], "AbnormWalls": [], "ClosedEnds": [1, 3, 2, 4], "Goals": [[[580, 290], [625, 324], 201, [255, 0, 0]], [[102, 467], [166, 493], 202, [0, 255, 0]]], "Paddle": null, "BKColor": [255, 255, 255]}