{"Dims": [1000, 620], "Walls": [[[28, 39], [54, 180], [0, 0, 0], 1.0], [[54, 39], [492, 65], [0, 0, 0], 1.0], [[54, 154], [167, 180], [0, 0, 0], 1.0], [[141, 180], [167, 300], [0, 0, 0], 1.0], [[167, 274], [239, 300], [0, 0, 0], 1.0], [[213, 300], [239, 551], [0, 0, 0], 1.0], [[239, 525], [266, 551], [0, 0, 0], 1.0], [[240, 551], [266, 614], [0, 0, 0], 1.0], [[266, 588], [526, 614], [0, 0, 0], 1.0], [[466, 65], [492, 158], [0, 0, 0], 1.0], [[492, 132], [634, 158], [0, 0, 0], 1.0], [[500, 525], [526, 588], [0, 0, 0], 1.0], [[526, 525], [680, 551], [0, 0, 0], 1.0], [[608, 158], [634, 190], [0, 0, 0], 1.0], [[608, 247], [680, 274], [0, 0, 0], 1.0], [[634, 164], [882, 190], [0, 0, 0], 1.0], [[654, 274], [680, 408], [0, 0, 0], 1.0], [[654, 504], [1000, 525], [0, 0, 0], 1.0], [[669, 408], [695, 462], [0, 0, 0], 1.0], [[680, 247], [882, 273], [0, 0, 0], 1.0], [[680, 382], [695, 408], [0, 0, 0], 1.0], [[680, 525], [1000, 530], [0, 0, 0], 1.0], [[695, 436], [1000, 462], [0, 0, 0], 1.0], [[856, 190], [882, 247], [0, 0, 0], 1.0], [[974, 462], [1000, 504], [0, 0, 0], 1.0]], "Ball": [[342, 317], [183.00208687370684, -237.71881751318773], 20, [0, 0, 255], 1.0], "Name": "RandomTrial_1032", "Occluders": [], "AbnormWalls": [], "ClosedEnds": [1, 3, 2, 4], "Goals": [[[216, 140], [288, 174], 201, [255, 0, 0]], [[518, 25], [596, 71], 202, [0, 255, 0]]], "Paddle": null, "BKColor": [255, 255, 255]}