{"Dims": [1000, 620], "Walls": [[[255, 210], [281, 508], [0, 0, 0], 1.0], [[281, 210], [328, 236], [0, 0, 0], 1.0], [[281, 482], [335, 508], [0, 0, 0], 1.0], [[287, 36], [313, 173], [0, 0, 0], 1.0], [[302, 173], [328, 210], [0, 0, 0], 1.0], [[309, 508], [335, 620], [0, 0, 0], 1.0], [[313, 36], [533, 62], [0, 0, 0], 1.0], [[313, 147], [328, 173], [0, 0, 0], 1.0], [[335, 596], [1000, 620], [0, 0, 0], 1.0], [[507, 62], [533, 96], [0, 0, 0], 1.0], [[533, 70], [811, 96], [0, 0, 0], 1.0], [[568, 280], [594, 445], [0, 0, 0], 1.0], [[594, 280], [809, 306], [0, 0, 0], 1.0], [[594, 419], [639, 445], [0, 0, 0], 1.0], [[613, 445], [639, 493], [0, 0, 0], 1.0], [[639, 467], [809, 493], [0, 0, 0], 1.0], [[783, 306], [809, 467], [0, 0, 0], 1.0], [[785, 96], [811, 244], [0, 0, 0], 1.0], [[811, 218], [1000, 244], [0, 0, 0], 1.0], [[874, 269], [900, 493], [0, 0, 0], 1.0], [[900, 269], [1000, 295], [0, 0, 0], 1.0], [[900, 467], [928, 493], [0, 0, 0], 1.0], [[902, 493], [1000, 505], [0, 0, 0], 1.0], [[928, 479], [1000, 493], [0, 0, 0], 1.0], [[974, 244], [1000, 269], [0, 0, 0], 1.0], [[974, 505], [1000, 596], [0, 0, 0], 1.0]], "Ball": [[304, 409], [255.46531471317792, 157.28150869856557], 20, [0, 0, 255], 1.0], "Name": "RandomTrial_0573", "Occluders": [], "AbnormWalls": [], "ClosedEnds": [1, 3, 2, 4], "Goals": [[[912, 505], [968, 530], 201, [255, 0, 0]], [[733, 307], [770, 350], 202, [0, 255, 0]]], "Paddle": null, "BKColor": [255, 255, 255]}