{"Dims": [1000, 620], "Walls": [[[676, 241], [843, 484], [0, 0, 0, 255], 1.0], [[222, 333], [362, 484], [0, 0, 0, 255], 1.0]], "Ball": [[233, 577], [-277.664086861703, -113.58985371615123], 20, [0, 0, 255, 255], 1.0], "Name": "Untitled", "Occluders": [], "AbnormWalls": [], "ClosedEnds": [1, 3, 2, 4], "Goals": [[[841, 34], [940, 182], 201, [255, 0, 0, 255]], [[484, 146], [607, 311], 202, [0, 255, 0, 255]]], "Paddle": null, "BKColor": [255, 255, 255, 255]}