{"Dims": [1000, 620], "Walls": [[[365, 372], [567, 597], [0, 0, 0, 255], 1.0], [[430, 46], [579, 184], [0, 0, 0, 255], 1.0], [[850, 151], [970, 317], [0, 0, 0, 255], 1.0], [[186, 31], [430, 89], [0, 0, 0, 255], 1.0]], "Ball": [[186, 557], [205.79052856620055, 218.28939129615028], 20, [0, 0, 255, 255], 1.0], "Name": "RTr_Bl4_9", "Occluders": [], "AbnormWalls": [], "ClosedEnds": [1, 3, 2, 4], "Goals": [[[232, 90], [302, 311], 201, [255, 0, 0, 255]], [[572, 337], [837, 506], 202, [0, 255, 0, 255]]], "Paddle": null, "BKColor": [255, 255, 255, 255]}