{"Dims": [1000, 620], "Walls": [[[138, 487], [350, 577], [0, 0, 0, 255], 1.0]], "Ball": [[580, 312], [248.94303464612133, 167.41375541209277], 20, [0, 0, 255, 255], 1.0], "Name": "RTr_Bl1_11", "Occluders": [], "AbnormWalls": [], "ClosedEnds": [1, 3, 2, 4], "Goals": [[[371, 214], [507, 480], 201, [255, 0, 0, 255]], [[7, 67], [100, 290], 202, [0, 255, 0, 255]]], "Paddle": null, "BKColor": [255, 255, 255, 255]}