{"Dims": [1000, 620], "Walls": [[[181, 128], [280, 385], [0, 0, 0, 255], 1.0], [[753, 315], [978, 411], [0, 0, 0, 255], 1.0], [[50, 116], [100, 279], [0, 0, 0, 255], 1.0], [[862, 76], [951, 220], [0, 0, 0, 255], 1.0], [[289, 14], [378, 262], [0, 0, 0, 255], 1.0]], "Ball": [[121, 60], [217.30910488506126, 206.82541655718586], 20, [0, 0, 255, 255], 1.0], "Name": "RTr_Bl5_13", "Occluders": [], "AbnormWalls": [], "ClosedEnds": [1, 3, 2, 4], "Goals": [[[468, 91], [707, 198], 201, [255, 0, 0, 255]], [[313, 343], [607, 459], 202, [0, 255, 0, 255]]], "Paddle": null, "BKColor": [255, 255, 255, 255]}