{"Dims": [1000, 620], "Walls": [[[179, 270], [270, 534], [0, 0, 0, 255], 1.0], [[817, 65], [909, 330], [0, 0, 0, 255], 1.0], [[178, 4], [435, 212], [0, 0, 0, 255], 1.0], [[382, 432], [675, 598], [0, 0, 0, 255], 1.0]], "Ball": [[979, 118], [58.95801717542487, 294.14954055844163], 20, [0, 0, 255, 255], 1.0], "Name": "RTr_Bl4_16", "Occluders": [], "AbnormWalls": [], "ClosedEnds": [1, 3, 2, 4], "Goals": [[[493, 318], [712, 408], 201, [255, 0, 0, 255]], [[536, 46], [719, 208], 202, [0, 255, 0, 255]]], "Paddle": null, "BKColor": [255, 255, 255, 255]}