{"Dims": [1000, 620], "Walls": [[[820, 303], [939, 489], [0, 0, 0, 255], 1.0], [[453, 526], [693, 609], [0, 0, 0, 255], 1.0], [[248, 142], [382, 291], [0, 0, 0, 255], 1.0], [[27, 202], [215, 306], [0, 0, 0, 255], 1.0], [[598, 234], [730, 299], [0, 0, 0, 255], 1.0]], "Ball": [[59, 567], [108.95014086691863, 279.5172030574837], 20, [0, 0, 255, 255], 1.0], "Name": "RTr_Bl5_12", "Occluders": [], "AbnormWalls": [], "ClosedEnds": [1, 3, 2, 4], "Goals": [[[508, 377], [794, 501], 201, [255, 0, 0, 255]], [[570, 92], [825, 196], 202, [0, 255, 0, 255]]], "Paddle": null, "BKColor": [255, 255, 255, 255]}