{"Dims": [1000, 620], "Walls": [[[357, 227], [612, 377], [0, 0, 0, 255], 1.0], [[675, 55], [944, 162], [0, 0, 0, 255], 1.0], [[83, 5], [345, 292], [0, 0, 0, 255], 1.0]], "Ball": [[30, 182], [173.00628533680546, 245.089422933671], 20, [0, 0, 255, 255], 1.0], "Name": "RTr_Bl3_8", "Occluders": [], "AbnormWalls": [], "ClosedEnds": [1, 3, 2, 4], "Goals": [[[736, 231], [980, 452], 201, [255, 0, 0, 255]], [[521, 13], [595, 183], 202, [0, 255, 0, 255]]], "Paddle": null, "BKColor": [255, 255, 255, 255]}