{"Dims": [1000, 620], "Walls": [[[92, 182], [144, 419], [0, 0, 0, 255], 1.0], [[155, 321], [218, 528], [0, 0, 0, 255], 1.0], [[760, 151], [821, 431], [0, 0, 0, 255], 1.0], [[490, 35], [730, 150], [0, 0, 0, 255], 1.0], [[528, 441], [661, 534], [0, 0, 0, 255], 1.0]], "Ball": [[835, 491], [69.60059722514056, 291.814593305242], 20, [0, 0, 255, 255], 1.0], "Name": "RTr_Bl5_8", "Occluders": [], "AbnormWalls": [], "ClosedEnds": [1, 3, 2, 4], "Goals": [[[231, 366], [516, 500], 201, [255, 0, 0, 255]], [[237, 145], [338, 227], 202, [0, 255, 0, 255]]], "Paddle": null, "BKColor": [255, 255, 255, 255]}