{"Dims": [1000, 620], "Walls": [[[332, 1], [516, 245], [0, 0, 0, 255], 1.0]], "Ball": [[168, 432], [273.59969184736286, 123.05774506721664], 20, [0, 0, 255, 255], 1.0], "Name": "RTr_Bl1_9", "Occluders": [], "AbnormWalls": [], "ClosedEnds": [1, 3, 2, 4], "Goals": [[[521, 242], [780, 415], 201, [255, 0, 0, 255]], [[107, 210], [315, 308], 202, [0, 255, 0, 255]]], "Paddle": null, "BKColor": [255, 255, 255, 255]}