{"Dims": [1000, 620], "Walls": [[[494, 502], [722, 579], [0, 0, 0, 255], 1.0]], "Ball": [[33, 491], [298.1445367476246, 33.31418928241127], 20, [0, 0, 255, 255], 1.0], "Name": "RTr_Bl1_3", "Occluders": [], "AbnormWalls": [], "ClosedEnds": [1, 3, 2, 4], "Goals": [[[440, 241], [642, 410], 201, [255, 0, 0, 255]], [[803, 227], [958, 365], 202, [0, 255, 0, 255]]], "Paddle": null, "BKColor": [255, 255, 255, 255]}