{"Dims": [1000, 620], "Walls": [[[38, 222], [334, 377], [0, 0, 0, 255], 1.0], [[512, 314], [708, 594], [0, 0, 0, 255], 1.0], [[135, 137], [321, 220], [0, 0, 0, 255], 1.0]], "Ball": [[881, 327], [37.80833176866761, 297.6080140871048], 20, [0, 0, 255, 255], 1.0], "Name": "RTr_Bl3_0", "Occluders": [], "AbnormWalls": [], "ClosedEnds": [1, 3, 2, 4], "Goals": [[[183, 0], [437, 124], 201, [255, 0, 0, 255]], [[642, 75], [917, 222], 202, [0, 255, 0, 255]]], "Paddle": null, "BKColor": [255, 255, 255, 255]}