{"Dims": [1000, 620], "Walls": [[[179, 264], [1000, 309], [0, 0, 0], 1.0], [[179, 0], [241, 309], [0, 0, 0], 1.0]], "Ball": [[113, 205], [-197.55138236055544, 225.77300841206335], 20, [0, 0, 255], 1.0], "Name": "Untitled", "Occluders": [], "AbnormWalls": [], "ClosedEnds": [1, 3, 2, 4], "Goals": [[[262, 33], [386, 244], 201, [255, 0, 0]], [[802, 381], [939, 573], 202, [0, 255, 0]]], "Paddle": null, "BKColor": [255, 255, 255]}