{"Dims": [1000, 620], "Walls": [[[56, 175], [82, 324], [0, 0, 0], 1.0], [[82, 175], [167, 201], [0, 0, 0], 1.0], [[82, 298], [195, 324], [0, 0, 0], 1.0], [[141, 77], [167, 175], [0, 0, 0], 1.0], [[167, 77], [265, 103], [0, 0, 0], 1.0], [[169, 324], [195, 389], [0, 0, 0], 1.0], [[195, 363], [267, 389], [0, 0, 0], 1.0], [[239, 103], [265, 175], [0, 0, 0], 1.0], [[241, 389], [267, 454], [0, 0, 0], 1.0], [[265, 149], [337, 175], [0, 0, 0], 1.0], [[267, 428], [535, 454], [0, 0, 0], 1.0], [[311, 127], [458, 149], [0, 0, 0], 1.0], [[337, 149], [458, 153], [0, 0, 0], 1.0], [[432, 113], [833, 127], [0, 0, 0], 1.0], [[458, 127], [833, 139], [0, 0, 0], 1.0], [[509, 454], [535, 524], [0, 0, 0], 1.0], [[535, 498], [608, 524], [0, 0, 0], 1.0], [[582, 524], [608, 620], [0, 0, 0], 1.0], [[608, 596], [871, 620], [0, 0, 0], 1.0], [[630, 263], [656, 363], [0, 0, 0], 1.0], [[640, 363], [666, 412], [0, 0, 0], 1.0], [[641, 262], [834, 263], [0, 0, 0], 1.0], [[656, 263], [834, 288], [0, 0, 0], 1.0], [[656, 288], [667, 289], [0, 0, 0], 1.0], [[656, 337], [666, 363], [0, 0, 0], 1.0], [[666, 386], [871, 412], [0, 0, 0], 1.0], [[807, 139], [833, 236], [0, 0, 0], 1.0], [[808, 236], [834, 262], [0, 0, 0], 1.0], [[833, 210], [834, 236], [0, 0, 0], 1.0], [[845, 412], [871, 596], [0, 0, 0], 1.0]], "Ball": [[789, 530], [132.8662569668213, -268.9731543474675], 20, [0, 0, 255], 1.0], "Name": "size_1_a", "Occluders": [], "AbnormWalls": [], "ClosedEnds": [1, 3, 2, 4], "Goals": [[[406, 243], [479, 306], 201, [255, 0, 0]], [[859, 295], [936, 348], 202, [0, 255, 0]]], "Paddle": null, "BKColor": [255, 255, 255]}