{"Dims": [1000, 620], "Walls": [[[5, 119], [31, 204], [0, 0, 0], 1.0], [[21, 60], [47, 119], [0, 0, 0], 1.0], [[31, 119], [47, 145], [0, 0, 0], 1.0], [[31, 178], [94, 204], [0, 0, 0], 1.0], [[47, 60], [362, 86], [0, 0, 0], 1.0], [[68, 136], [94, 178], [0, 0, 0], 1.0], [[94, 136], [331, 162], [0, 0, 0], 1.0], [[238, 300], [264, 596], [0, 0, 0], 1.0], [[264, 300], [318, 326], [0, 0, 0], 1.0], [[264, 570], [526, 596], [0, 0, 0], 1.0], [[292, 246], [318, 300], [0, 0, 0], 1.0], [[305, 162], [331, 246], [0, 0, 0], 1.0], [[318, 246], [331, 272], [0, 0, 0], 1.0], [[336, 86], [362, 131], [0, 0, 0], 1.0], [[362, 105], [810, 131], [0, 0, 0], 1.0], [[500, 596], [795, 620], [0, 0, 0], 1.0], [[661, 345], [687, 404], [0, 0, 0], 1.0], [[687, 345], [810, 371], [0, 0, 0], 1.0], [[687, 378], [843, 404], [0, 0, 0], 1.0], [[769, 432], [795, 596], [0, 0, 0], 1.0], [[784, 131], [810, 345], [0, 0, 0], 1.0], [[795, 432], [843, 458], [0, 0, 0], 1.0], [[817, 169], [843, 378], [0, 0, 0], 1.0], [[817, 458], [843, 492], [0, 0, 0], 1.0], [[843, 169], [1000, 195], [0, 0, 0], 1.0], [[843, 466], [1000, 492], [0, 0, 0], 1.0], [[974, 195], [1000, 466], [0, 0, 0], 1.0]], "Ball": [[703, 156], [132.8662569668213, -268.9731543474675], 20, [0, 0, 255], 1.0], "Name": "size_1_a", "Occluders": [], "AbnormWalls": [], "ClosedEnds": [1, 3, 2, 4], "Goals": [[[306, 511], [365, 549], 201, [255, 0, 0]], [[6, 380], [44, 427], 202, [0, 255, 0]]], "Paddle": null, "BKColor": [255, 255, 255]}