{"Dims": [1000, 620], "Walls": [[[21, 34], [47, 201], [0, 0, 0], 1.0], [[38, 201], [64, 324], [0, 0, 0], 1.0], [[47, 34], [266, 60], [0, 0, 0], 1.0], [[47, 175], [64, 201], [0, 0, 0], 1.0], [[64, 298], [307, 324], [0, 0, 0], 1.0], [[240, 60], [266, 100], [0, 0, 0], 1.0], [[266, 74], [413, 100], [0, 0, 0], 1.0], [[281, 324], [307, 475], [0, 0, 0], 1.0], [[307, 449], [663, 475], [0, 0, 0], 1.0], [[387, 100], [546, 112], [0, 0, 0], 1.0], [[413, 86], [546, 100], [0, 0, 0], 1.0], [[520, 112], [546, 176], [0, 0, 0], 1.0], [[546, 150], [619, 176], [0, 0, 0], 1.0], [[593, 176], [678, 193], [0, 0, 0], 1.0], [[619, 167], [678, 176], [0, 0, 0], 1.0], [[637, 475], [663, 605], [0, 0, 0], 1.0], [[652, 144], [759, 167], [0, 0, 0], 1.0], [[663, 579], [708, 605], [0, 0, 0], 1.0], [[678, 167], [759, 170], [0, 0, 0], 1.0], [[682, 605], [759, 620], [0, 0, 0], 1.0], [[708, 596], [1000, 605], [0, 0, 0], 1.0], [[733, 114], [759, 144], [0, 0, 0], 1.0], [[733, 579], [1000, 596], [0, 0, 0], 1.0], [[759, 114], [961, 140], [0, 0, 0], 1.0], [[935, 140], [961, 170], [0, 0, 0], 1.0], [[961, 144], [1000, 170], [0, 0, 0], 1.0], [[974, 170], [1000, 579], [0, 0, 0], 1.0]], "Ball": [[850, 225], [132.8662569668213, -268.9731543474675], 20, [0, 0, 255], 1.0], "Name": "size_1_a", "Occluders": [], "AbnormWalls": [], "ClosedEnds": [1, 3, 2, 4], "Goals": [[[467, 370], [533, 435], 201, [255, 0, 0]], [[458, 506], [531, 539], 202, [0, 255, 0]]], "Paddle": null, "BKColor": [255, 255, 255]}