{"Dims": [1000, 620], "Walls": [[[228, 230], [254, 516], [0, 0, 0], 1.0], [[254, 230], [401, 256], [0, 0, 0], 1.0], [[254, 490], [325, 516], [0, 0, 0], 1.0], [[299, 516], [325, 580], [0, 0, 0], 1.0], [[325, 554], [808, 580], [0, 0, 0], 1.0], [[375, 66], [401, 230], [0, 0, 0], 1.0], [[401, 66], [513, 92], [0, 0, 0], 1.0], [[487, 92], [513, 162], [0, 0, 0], 1.0], [[513, 136], [731, 162], [0, 0, 0], 1.0], [[705, 60], [731, 136], [0, 0, 0], 1.0], [[731, 60], [817, 86], [0, 0, 0], 1.0], [[782, 424], [808, 554], [0, 0, 0], 1.0], [[791, 86], [817, 162], [0, 0, 0], 1.0], [[808, 424], [1000, 450], [0, 0, 0], 1.0], [[817, 136], [849, 162], [0, 0, 0], 1.0], [[823, 162], [849, 281], [0, 0, 0], 1.0], [[849, 255], [972, 281], [0, 0, 0], 1.0], [[946, 281], [1000, 285], [0, 0, 0], 1.0], [[972, 259], [1000, 281], [0, 0, 0], 1.0], [[974, 285], [1000, 424], [0, 0, 0], 1.0]], "Ball": [[838, 347], [132.8662569668213, -268.9731543474675], 20, [0, 0, 255], 1.0], "Name": "size_1_a", "Occluders": [], "AbnormWalls": [], "ClosedEnds": [1, 3, 2, 4], "Goals": [[[482, 328], [516, 398], 201, [255, 0, 0]], [[109, 574], [159, 596], 202, [0, 255, 0]]], "Paddle": null, "BKColor": [255, 255, 255]}