{"Dims": [1000, 620], "Walls": [[[158, 240], [184, 537], [0, 0, 0], 1.0], [[184, 240], [218, 266], [0, 0, 0], 1.0], [[184, 511], [307, 537], [0, 0, 0], 1.0], [[192, 14], [218, 240], [0, 0, 0], 1.0], [[218, 14], [638, 40], [0, 0, 0], 1.0], [[281, 341], [307, 511], [0, 0, 0], 1.0], [[306, 296], [332, 341], [0, 0, 0], 1.0], [[307, 341], [332, 367], [0, 0, 0], 1.0], [[332, 296], [537, 322], [0, 0, 0], 1.0], [[511, 322], [537, 474], [0, 0, 0], 1.0], [[537, 448], [596, 474], [0, 0, 0], 1.0], [[570, 296], [596, 448], [0, 0, 0], 1.0], [[596, 296], [623, 322], [0, 0, 0], 1.0], [[597, 322], [623, 488], [0, 0, 0], 1.0], [[612, 40], [638, 265], [0, 0, 0], 1.0], [[623, 462], [1000, 488], [0, 0, 0], 1.0], [[638, 239], [1000, 265], [0, 0, 0], 1.0], [[974, 265], [1000, 462], [0, 0, 0], 1.0]], "Ball": [[212, 383], [132.8662569668213, -268.9731543474675], 20, [0, 0, 255], 1.0], "Name": "size_1_a", "Occluders": [], "AbnormWalls": [], "ClosedEnds": [1, 3, 2, 4], "Goals": [[[460, 256], [520, 281], 201, [255, 0, 0]], [[743, 183], [815, 216], 202, [0, 255, 0]]], "Paddle": null, "BKColor": [255, 255, 255]}