{"Dims": [1000, 620], "Walls": [[[146, 189], [172, 306], [0, 0, 0], 1.0], [[161, 125], [187, 189], [0, 0, 0], 1.0], [[161, 306], [187, 339], [0, 0, 0], 1.0], [[164, 114], [235, 125], [0, 0, 0], 1.0], [[172, 189], [187, 215], [0, 0, 0], 1.0], [[172, 280], [187, 306], [0, 0, 0], 1.0], [[187, 125], [235, 140], [0, 0, 0], 1.0], [[187, 140], [190, 151], [0, 0, 0], 1.0], [[187, 313], [218, 339], [0, 0, 0], 1.0], [[192, 339], [218, 514], [0, 0, 0], 1.0], [[209, 97], [472, 114], [0, 0, 0], 1.0], [[218, 488], [267, 514], [0, 0, 0], 1.0], [[235, 114], [617, 123], [0, 0, 0], 1.0], [[241, 514], [267, 611], [0, 0, 0], 1.0], [[267, 585], [390, 611], [0, 0, 0], 1.0], [[364, 611], [619, 620], [0, 0, 0], 1.0], [[390, 596], [619, 611], [0, 0, 0], 1.0], [[432, 361], [458, 469], [0, 0, 0], 1.0], [[446, 123], [617, 137], [0, 0, 0], 1.0], [[458, 361], [504, 387], [0, 0, 0], 1.0], [[458, 443], [532, 469], [0, 0, 0], 1.0], [[472, 111], [617, 114], [0, 0, 0], 1.0], [[478, 387], [504, 418], [0, 0, 0], 1.0], [[504, 392], [808, 418], [0, 0, 0], 1.0], [[506, 469], [619, 475], [0, 0, 0], 1.0], [[532, 449], [619, 469], [0, 0, 0], 1.0], [[591, 137], [617, 282], [0, 0, 0], 1.0], [[593, 475], [619, 596], [0, 0, 0], 1.0], [[617, 256], [678, 282], [0, 0, 0], 1.0], [[652, 236], [1000, 256], [0, 0, 0], 1.0], [[678, 256], [1000, 262], [0, 0, 0], 1.0], [[782, 322], [808, 392], [0, 0, 0], 1.0], [[808, 322], [1000, 348], [0, 0, 0], 1.0], [[974, 262], [1000, 322], [0, 0, 0], 1.0]], "Ball": [[676, 314], [132.8662569668213, -268.9731543474675], 20, [0, 0, 255], 1.0], "Name": "size_1_a", "Occluders": [], "AbnormWalls": [], "ClosedEnds": [1, 3, 2, 4], "Goals": [[[298, 421], [357, 450], 201, [255, 0, 0]], [[842, 485], [886, 511], 202, [0, 255, 0]]], "Paddle": null, "BKColor": [255, 255, 255]}