{"Dims": [1000, 620], "Walls": [[[129, 143], [155, 270], [0, 0, 0], 1.0], [[155, 143], [294, 169], [0, 0, 0], 1.0], [[155, 244], [294, 270], [0, 0, 0], 1.0], [[178, 293], [204, 508], [0, 0, 0], 1.0], [[204, 293], [346, 319], [0, 0, 0], 1.0], [[204, 482], [403, 508], [0, 0, 0], 1.0], [[268, 128], [446, 143], [0, 0, 0], 1.0], [[268, 270], [393, 272], [0, 0, 0], 1.0], [[294, 143], [446, 154], [0, 0, 0], 1.0], [[294, 246], [393, 270], [0, 0, 0], 1.0], [[320, 272], [346, 293], [0, 0, 0], 1.0], [[346, 272], [393, 285], [0, 0, 0], 1.0], [[377, 469], [619, 482], [0, 0, 0], 1.0], [[403, 482], [569, 495], [0, 0, 0], 1.0], [[420, 89], [446, 128], [0, 0, 0], 1.0], [[446, 89], [569, 115], [0, 0, 0], 1.0], [[543, 115], [569, 195], [0, 0, 0], 1.0], [[543, 456], [619, 469], [0, 0, 0], 1.0], [[569, 169], [792, 195], [0, 0, 0], 1.0], [[593, 482], [673, 499], [0, 0, 0], 1.0], [[619, 473], [792, 482], [0, 0, 0], 1.0], [[647, 456], [792, 473], [0, 0, 0], 1.0], [[766, 195], [792, 225], [0, 0, 0], 1.0], [[766, 442], [1000, 456], [0, 0, 0], 1.0], [[792, 199], [1000, 225], [0, 0, 0], 1.0], [[792, 456], [1000, 468], [0, 0, 0], 1.0], [[974, 225], [1000, 442], [0, 0, 0], 1.0]], "Ball": [[430, 428], [132.8662569668213, -268.9731543474675], 20, [0, 0, 255], 1.0], "Name": "size_1_a", "Occluders": [], "AbnormWalls": [], "ClosedEnds": [1, 3, 2, 4], "Goals": [[[809, 326], [845, 391], 201, [255, 0, 0]], [[474, 535], [505, 596], 202, [0, 255, 0]]], "Paddle": null, "BKColor": [255, 255, 255]}