{"Dims": [1000, 620], "Walls": [[[55, 147], [81, 380], [0, 0, 0], 1.0], [[81, 147], [258, 173], [0, 0, 0], 1.0], [[81, 354], [365, 380], [0, 0, 0], 1.0], [[145, 437], [171, 620], [0, 0, 0], 1.0], [[171, 437], [365, 463], [0, 0, 0], 1.0], [[171, 596], [456, 620], [0, 0, 0], 1.0], [[232, 43], [258, 147], [0, 0, 0], 1.0], [[258, 43], [513, 69], [0, 0, 0], 1.0], [[339, 380], [365, 437], [0, 0, 0], 1.0], [[430, 523], [456, 596], [0, 0, 0], 1.0], [[456, 523], [611, 549], [0, 0, 0], 1.0], [[487, 69], [513, 128], [0, 0, 0], 1.0], [[487, 224], [515, 256], [0, 0, 0], 1.0], [[489, 128], [515, 224], [0, 0, 0], 1.0], [[513, 102], [515, 128], [0, 0, 0], 1.0], [[515, 230], [762, 256], [0, 0, 0], 1.0], [[585, 517], [745, 523], [0, 0, 0], 1.0], [[611, 523], [745, 543], [0, 0, 0], 1.0], [[659, 543], [685, 620], [0, 0, 0], 1.0], [[685, 543], [745, 544], [0, 0, 0], 1.0], [[685, 596], [1000, 620], [0, 0, 0], 1.0], [[736, 256], [762, 396], [0, 0, 0], 1.0], [[762, 370], [929, 396], [0, 0, 0], 1.0], [[903, 331], [929, 370], [0, 0, 0], 1.0], [[929, 331], [1000, 357], [0, 0, 0], 1.0], [[974, 357], [1000, 596], [0, 0, 0], 1.0]], "Ball": [[399, 161], [132.8662569668213, -268.9731543474675], 20, [0, 0, 255], 1.0], "Name": "size_1_a", "Occluders": [], "AbnormWalls": [], "ClosedEnds": [1, 3, 2, 4], "Goals": [[[226, 490], [287, 510], 201, [255, 0, 0]], [[746, 125], [824, 167], 202, [0, 255, 0]]], "Paddle": null, "BKColor": [255, 255, 255]}