{"Dims": [1000, 620], "Walls": [[[18, 284], [44, 477], [0, 0, 0], 1.0], [[37, 180], [63, 284], [0, 0, 0], 1.0], [[44, 284], [63, 310], [0, 0, 0], 1.0], [[44, 451], [125, 477], [0, 0, 0], 1.0], [[60, 99], [86, 180], [0, 0, 0], 1.0], [[63, 180], [86, 206], [0, 0, 0], 1.0], [[86, 99], [175, 125], [0, 0, 0], 1.0], [[99, 477], [125, 530], [0, 0, 0], 1.0], [[121, 298], [147, 352], [0, 0, 0], 1.0], [[125, 504], [213, 530], [0, 0, 0], 1.0], [[147, 298], [232, 324], [0, 0, 0], 1.0], [[147, 326], [232, 352], [0, 0, 0], 1.0], [[149, 72], [175, 99], [0, 0, 0], 1.0], [[175, 72], [414, 98], [0, 0, 0], 1.0], [[187, 143], [232, 206], [0, 0, 0], 1.0], [[187, 530], [213, 620], [0, 0, 0], 1.0], [[206, 324], [232, 326], [0, 0, 0], 1.0], [[213, 596], [630, 620], [0, 0, 0], 1.0], [[388, 14], [414, 72], [0, 0, 0], 1.0], [[414, 14], [812, 40], [0, 0, 0], 1.0], [[435, 298], [486, 352], [0, 0, 0], 1.0], [[453, 352], [486, 421], [0, 0, 0], 1.0], [[453, 421], [479, 484], [0, 0, 0], 1.0], [[479, 458], [630, 484], [0, 0, 0], 1.0], [[486, 395], [815, 421], [0, 0, 0], 1.0], [[544, 206], [812, 239], [0, 0, 0], 1.0], [[604, 484], [630, 596], [0, 0, 0], 1.0], [[786, 40], [812, 206], [0, 0, 0], 1.0], [[789, 239], [815, 395], [0, 0, 0], 1.0], [[812, 213], [815, 239], [0, 0, 0], 1.0]], "Ball": [[514, 93], [132.8662569668213, -268.9731543474675], 20, [0, 0, 255], 1.0], "Name": "size_1_a", "Occluders": [], "AbnormWalls": [], "ClosedEnds": [1, 3, 2, 4], "Goals": [[[143, 372], [178, 442], 201, [255, 0, 0]], [[728, 541], [761, 580], 202, [0, 255, 0]]], "Paddle": null, "BKColor": [255, 255, 255]}