{"Dims": [1000, 620], "Walls": [[[62, 44], [88, 276], [0, 0, 0], 1.0], [[72, 276], [98, 559], [0, 0, 0], 1.0], [[88, 44], [531, 70], [0, 0, 0], 1.0], [[88, 250], [133, 276], [0, 0, 0], 1.0], [[98, 276], [133, 296], [0, 0, 0], 1.0], [[98, 533], [300, 559], [0, 0, 0], 1.0], [[274, 476], [300, 533], [0, 0, 0], 1.0], [[300, 476], [606, 502], [0, 0, 0], 1.0], [[390, 250], [550, 289], [0, 0, 0], 1.0], [[505, 70], [531, 250], [0, 0, 0], 1.0], [[531, 239], [760, 250], [0, 0, 0], 1.0], [[550, 250], [760, 265], [0, 0, 0], 1.0], [[580, 398], [606, 476], [0, 0, 0], 1.0], [[606, 398], [836, 424], [0, 0, 0], 1.0], [[734, 139], [760, 239], [0, 0, 0], 1.0], [[760, 139], [1000, 165], [0, 0, 0], 1.0], [[810, 309], [836, 398], [0, 0, 0], 1.0], [[836, 309], [1000, 335], [0, 0, 0], 1.0], [[974, 165], [1000, 309], [0, 0, 0], 1.0]], "Ball": [[785, 188], [132.8662569668213, -268.9731543474675], 20, [0, 0, 255], 1.0], "Name": "size_1_a", "Occluders": [], "AbnormWalls": [], "ClosedEnds": [1, 3, 2, 4], "Goals": [[[327, 372], [386, 397], 201, [255, 0, 0]], [[3, 84], [61, 150], 202, [0, 255, 0]]], "Paddle": null, "BKColor": [255, 255, 255]}