{"Dims": [1000, 620], "Walls": [[[114, 128], [140, 285], [0, 0, 0], 1.0], [[140, 128], [350, 154], [0, 0, 0], 1.0], [[140, 259], [253, 285], [0, 0, 0], 1.0], [[227, 285], [253, 481], [0, 0, 0], 1.0], [[253, 455], [455, 481], [0, 0, 0], 1.0], [[324, 0], [350, 128], [0, 0, 0], 1.0], [[350, 0], [513, 26], [0, 0, 0], 1.0], [[429, 481], [455, 553], [0, 0, 0], 1.0], [[455, 527], [616, 553], [0, 0, 0], 1.0], [[487, 26], [513, 86], [0, 0, 0], 1.0], [[487, 199], [589, 251], [0, 0, 0], 1.0], [[513, 60], [762, 86], [0, 0, 0], 1.0], [[563, 251], [589, 392], [0, 0, 0], 1.0], [[589, 199], [762, 225], [0, 0, 0], 1.0], [[589, 366], [849, 392], [0, 0, 0], 1.0], [[590, 553], [616, 620], [0, 0, 0], 1.0], [[616, 596], [1000, 620], [0, 0, 0], 1.0], [[736, 86], [762, 199], [0, 0, 0], 1.0], [[823, 392], [849, 465], [0, 0, 0], 1.0], [[849, 439], [907, 465], [0, 0, 0], 1.0], [[881, 465], [907, 518], [0, 0, 0], 1.0], [[907, 492], [1000, 518], [0, 0, 0], 1.0], [[974, 518], [1000, 596], [0, 0, 0], 1.0]], "Ball": [[176, 212], [132.8662569668213, -268.9731543474675], 20, [0, 0, 255], 1.0], "Name": "size_1_a", "Occluders": [], "AbnormWalls": [], "ClosedEnds": [1, 3, 2, 4], "Goals": [[[606, 475], [685, 507], 201, [255, 0, 0]], [[70, 371], [138, 432], 202, [0, 255, 0]]], "Paddle": null, "BKColor": [255, 255, 255]}