{"Dims": [1000, 620], "Walls": [[[38, 238], [64, 354], [0, 0, 0], 1.0], [[56, 354], [82, 403], [0, 0, 0], 1.0], [[64, 238], [141, 264], [0, 0, 0], 1.0], [[64, 328], [82, 354], [0, 0, 0], 1.0], [[82, 377], [141, 403], [0, 0, 0], 1.0], [[115, 219], [156, 238], [0, 0, 0], 1.0], [[115, 403], [141, 472], [0, 0, 0], 1.0], [[130, 141], [156, 219], [0, 0, 0], 1.0], [[141, 238], [156, 245], [0, 0, 0], 1.0], [[141, 446], [173, 472], [0, 0, 0], 1.0], [[147, 472], [340, 486], [0, 0, 0], 1.0], [[156, 141], [345, 167], [0, 0, 0], 1.0], [[173, 460], [471, 472], [0, 0, 0], 1.0], [[314, 450], [471, 460], [0, 0, 0], 1.0], [[319, 47], [345, 141], [0, 0, 0], 1.0], [[340, 472], [471, 476], [0, 0, 0], 1.0], [[345, 47], [776, 73], [0, 0, 0], 1.0], [[445, 433], [476, 450], [0, 0, 0], 1.0], [[450, 377], [476, 433], [0, 0, 0], 1.0], [[471, 450], [476, 459], [0, 0, 0], 1.0], [[476, 377], [788, 403], [0, 0, 0], 1.0], [[750, 73], [776, 155], [0, 0, 0], 1.0], [[762, 155], [788, 377], [0, 0, 0], 1.0], [[776, 129], [788, 155], [0, 0, 0], 1.0]], "Ball": [[669, 216], [132.8662569668213, -268.9731543474675], 20, [0, 0, 255], 1.0], "Name": "size_1_a", "Occluders": [], "AbnormWalls": [], "ClosedEnds": [1, 3, 2, 4], "Goals": [[[176, 310], [256, 367], 201, [255, 0, 0]], [[32, 28], [77, 60], 202, [0, 255, 0]]], "Paddle": null, "BKColor": [255, 255, 255]}