{"Dims": [1000, 620], "Walls": [[[19, 393], [45, 500], [0, 0, 0], 1.0], [[22, 64], [48, 264], [0, 0, 0], 1.0], [[40, 264], [66, 331], [0, 0, 0], 1.0], [[45, 393], [82, 419], [0, 0, 0], 1.0], [[45, 474], [298, 500], [0, 0, 0], 1.0], [[48, 64], [109, 90], [0, 0, 0], 1.0], [[48, 238], [66, 264], [0, 0, 0], 1.0], [[56, 331], [82, 393], [0, 0, 0], 1.0], [[66, 305], [82, 331], [0, 0, 0], 1.0], [[83, 45], [365, 64], [0, 0, 0], 1.0], [[109, 64], [365, 71], [0, 0, 0], 1.0], [[272, 463], [478, 474], [0, 0, 0], 1.0], [[298, 474], [478, 489], [0, 0, 0], 1.0], [[339, 71], [365, 204], [0, 0, 0], 1.0], [[365, 178], [413, 204], [0, 0, 0], 1.0], [[387, 204], [413, 264], [0, 0, 0], 1.0], [[413, 238], [452, 264], [0, 0, 0], 1.0], [[426, 170], [452, 238], [0, 0, 0], 1.0], [[452, 170], [701, 196], [0, 0, 0], 1.0], [[452, 317], [478, 463], [0, 0, 0], 1.0], [[478, 317], [701, 343], [0, 0, 0], 1.0], [[675, 196], [701, 317], [0, 0, 0], 1.0]], "Ball": [[81, 449], [132.8662569668213, -268.9731543474675], 20, [0, 0, 255], 1.0], "Name": "size_1_a", "Occluders": [], "AbnormWalls": [], "ClosedEnds": [1, 3, 2, 4], "Goals": [[[279, 87], [329, 119], 201, [255, 0, 0]], [[541, 384], [592, 407], 202, [0, 255, 0]]], "Paddle": null, "BKColor": [255, 255, 255]}