{"Dims": [1000, 620], "Walls": [[[113, 159], [139, 324], [0, 0, 0], 1.0], [[139, 159], [346, 185], [0, 0, 0], 1.0], [[139, 298], [264, 324], [0, 0, 0], 1.0], [[238, 324], [264, 573], [0, 0, 0], 1.0], [[264, 547], [439, 573], [0, 0, 0], 1.0], [[320, 138], [512, 159], [0, 0, 0], 1.0], [[346, 159], [512, 164], [0, 0, 0], 1.0], [[413, 573], [582, 582], [0, 0, 0], 1.0], [[439, 556], [582, 573], [0, 0, 0], 1.0], [[486, 132], [913, 138], [0, 0, 0], 1.0], [[512, 138], [603, 158], [0, 0, 0], 1.0], [[556, 582], [582, 620], [0, 0, 0], 1.0], [[577, 125], [913, 132], [0, 0, 0], 1.0], [[582, 596], [847, 620], [0, 0, 0], 1.0], [[603, 138], [913, 151], [0, 0, 0], 1.0], [[783, 286], [809, 363], [0, 0, 0], 1.0], [[784, 236], [810, 286], [0, 0, 0], 1.0], [[790, 363], [816, 426], [0, 0, 0], 1.0], [[809, 286], [810, 312], [0, 0, 0], 1.0], [[809, 337], [816, 363], [0, 0, 0], 1.0], [[810, 236], [913, 262], [0, 0, 0], 1.0], [[816, 400], [847, 426], [0, 0, 0], 1.0], [[821, 426], [847, 596], [0, 0, 0], 1.0], [[887, 151], [913, 236], [0, 0, 0], 1.0]], "Ball": [[171, 249], [132.8662569668213, -268.9731543474675], 20, [0, 0, 255], 1.0], "Name": "size_1_a", "Occluders": [], "AbnormWalls": [], "ClosedEnds": [1, 3, 2, 4], "Goals": [[[596, 539], [636, 596], 201, [255, 0, 0]], [[137, 558], [192, 596], 202, [0, 255, 0]]], "Paddle": null, "BKColor": [255, 255, 255]}