{"Dims": [1000, 620], "Walls": [[[106, 70], [132, 195], [0, 0, 0], 1.0], [[110, 33], [136, 70], [0, 0, 0], 1.0], [[113, 195], [139, 459], [0, 0, 0], 1.0], [[117, 459], [143, 600], [0, 0, 0], 1.0], [[132, 70], [136, 96], [0, 0, 0], 1.0], [[132, 169], [139, 195], [0, 0, 0], 1.0], [[136, 33], [274, 59], [0, 0, 0], 1.0], [[139, 433], [143, 459], [0, 0, 0], 1.0], [[143, 574], [471, 600], [0, 0, 0], 1.0], [[248, 29], [734, 33], [0, 0, 0], 1.0], [[274, 33], [734, 55], [0, 0, 0], 1.0], [[340, 126], [696, 168], [0, 0, 0], 1.0], [[445, 414], [471, 574], [0, 0, 0], 1.0], [[471, 414], [635, 440], [0, 0, 0], 1.0], [[609, 406], [696, 414], [0, 0, 0], 1.0], [[635, 414], [696, 432], [0, 0, 0], 1.0], [[670, 168], [696, 406], [0, 0, 0], 1.0], [[696, 126], [734, 152], [0, 0, 0], 1.0], [[708, 55], [862, 76], [0, 0, 0], 1.0], [[708, 119], [862, 126], [0, 0, 0], 1.0], [[734, 50], [862, 55], [0, 0, 0], 1.0], [[734, 126], [862, 145], [0, 0, 0], 1.0], [[836, 76], [862, 119], [0, 0, 0], 1.0]], "Ball": [[327, 549], [132.8662569668213, -268.9731543474675], 20, [0, 0, 255], 1.0], "Name": "size_1_a", "Occluders": [], "AbnormWalls": [], "ClosedEnds": [1, 3, 2, 4], "Goals": [[[464, 76], [535, 116], 201, [255, 0, 0]], [[917, 230], [969, 279], 202, [0, 255, 0]]], "Paddle": null, "BKColor": [255, 255, 255]}