{"Dims": [1000, 620], "Walls": [[[48, 178], [74, 358], [0, 0, 0], 1.0], [[55, 72], [81, 178], [0, 0, 0], 1.0], [[55, 358], [94, 372], [0, 0, 0], 1.0], [[68, 372], [94, 526], [0, 0, 0], 1.0], [[74, 178], [81, 204], [0, 0, 0], 1.0], [[74, 332], [81, 358], [0, 0, 0], 1.0], [[81, 72], [141, 98], [0, 0, 0], 1.0], [[81, 346], [94, 358], [0, 0, 0], 1.0], [[94, 500], [245, 526], [0, 0, 0], 1.0], [[115, 62], [436, 72], [0, 0, 0], 1.0], [[141, 72], [170, 88], [0, 0, 0], 1.0], [[144, 52], [225, 62], [0, 0, 0], 1.0], [[170, 72], [436, 78], [0, 0, 0], 1.0], [[199, 78], [436, 81], [0, 0, 0], 1.0], [[219, 346], [245, 500], [0, 0, 0], 1.0], [[225, 55], [424, 62], [0, 0, 0], 1.0], [[245, 346], [309, 372], [0, 0, 0], 1.0], [[283, 372], [309, 442], [0, 0, 0], 1.0], [[309, 416], [418, 442], [0, 0, 0], 1.0], [[392, 442], [418, 527], [0, 0, 0], 1.0], [[398, 81], [436, 88], [0, 0, 0], 1.0], [[410, 88], [436, 134], [0, 0, 0], 1.0], [[418, 501], [708, 527], [0, 0, 0], 1.0], [[436, 108], [554, 134], [0, 0, 0], 1.0], [[528, 134], [554, 161], [0, 0, 0], 1.0], [[554, 135], [945, 161], [0, 0, 0], 1.0], [[682, 416], [708, 501], [0, 0, 0], 1.0], [[708, 416], [945, 442], [0, 0, 0], 1.0], [[919, 161], [945, 416], [0, 0, 0], 1.0]], "Ball": [[181, 475], [132.8662569668213, -268.9731543474675], 20, [0, 0, 255], 1.0], "Name": "size_1_a", "Occluders": [], "AbnormWalls": [], "ClosedEnds": [1, 3, 2, 4], "Goals": [[[582, 356], [630, 413], 201, [255, 0, 0]], [[536, 8], [609, 70], 202, [0, 255, 0]]], "Paddle": null, "BKColor": [255, 255, 255]}