{"Dims": [1000, 620], "Walls": [[[15, 149], [41, 324], [0, 0, 0], 1.0], [[41, 149], [256, 175], [0, 0, 0], 1.0], [[41, 298], [359, 324], [0, 0, 0], 1.0], [[82, 324], [108, 427], [0, 0, 0], 1.0], [[108, 401], [359, 427], [0, 0, 0], 1.0], [[230, 24], [256, 149], [0, 0, 0], 1.0], [[256, 24], [685, 50], [0, 0, 0], 1.0], [[333, 427], [359, 531], [0, 0, 0], 1.0], [[359, 505], [411, 531], [0, 0, 0], 1.0], [[385, 531], [411, 620], [0, 0, 0], 1.0], [[411, 596], [850, 620], [0, 0, 0], 1.0], [[650, 318], [676, 396], [0, 0, 0], 1.0], [[659, 50], [685, 182], [0, 0, 0], 1.0], [[676, 318], [738, 344], [0, 0, 0], 1.0], [[676, 370], [1000, 396], [0, 0, 0], 1.0], [[685, 156], [738, 182], [0, 0, 0], 1.0], [[712, 182], [738, 251], [0, 0, 0], 1.0], [[712, 277], [738, 318], [0, 0, 0], 1.0], [[738, 225], [959, 251], [0, 0, 0], 1.0], [[738, 277], [959, 303], [0, 0, 0], 1.0], [[824, 499], [850, 596], [0, 0, 0], 1.0], [[850, 499], [1000, 525], [0, 0, 0], 1.0], [[933, 251], [959, 277], [0, 0, 0], 1.0], [[974, 396], [1000, 499], [0, 0, 0], 1.0]], "Ball": [[398, 73], [132.8662569668213, -268.9731543474675], 20, [0, 0, 255], 1.0], "Name": "size_1_a", "Occluders": [], "AbnormWalls": [], "ClosedEnds": [1, 3, 2, 4], "Goals": [[[525, 432], [581, 467], 201, [255, 0, 0]], [[58, 437], [94, 473], 202, [0, 255, 0]]], "Paddle": null, "BKColor": [255, 255, 255]}