{"Dims": [1000, 620], "Walls": [[[35, 271], [61, 405], [0, 0, 0], 1.0], [[61, 271], [105, 297], [0, 0, 0], 1.0], [[61, 379], [118, 405], [0, 0, 0], 1.0], [[79, 108], [105, 271], [0, 0, 0], 1.0], [[92, 297], [118, 379], [0, 0, 0], 1.0], [[105, 108], [229, 134], [0, 0, 0], 1.0], [[105, 292], [124, 297], [0, 0, 0], 1.0], [[118, 297], [340, 323], [0, 0, 0], 1.0], [[203, 0], [229, 108], [0, 0, 0], 1.0], [[229, 0], [647, 26], [0, 0, 0], 1.0], [[314, 294], [396, 297], [0, 0, 0], 1.0], [[340, 297], [396, 320], [0, 0, 0], 1.0], [[370, 320], [447, 324], [0, 0, 0], 1.0], [[396, 298], [447, 320], [0, 0, 0], 1.0], [[421, 324], [447, 420], [0, 0, 0], 1.0], [[447, 394], [498, 420], [0, 0, 0], 1.0], [[472, 357], [498, 394], [0, 0, 0], 1.0], [[498, 357], [879, 383], [0, 0, 0], 1.0], [[621, 26], [647, 85], [0, 0, 0], 1.0], [[647, 59], [879, 85], [0, 0, 0], 1.0], [[853, 85], [879, 357], [0, 0, 0], 1.0]], "Ball": [[814, 319], [132.8662569668213, -268.9731543474675], 20, [0, 0, 255], 1.0], "Name": "size_1_a", "Occluders": [], "AbnormWalls": [], "ClosedEnds": [1, 3, 2, 4], "Goals": [[[264, 118], [320, 183], 201, [255, 0, 0]], [[610, 395], [683, 424], 202, [0, 255, 0]]], "Paddle": null, "BKColor": [255, 255, 255]}