{"Dims": [1000, 620], "Walls": [[[9, 210], [35, 499], [0, 0, 0], 1.0], [[35, 210], [143, 236], [0, 0, 0], 1.0], [[35, 473], [213, 499], [0, 0, 0], 1.0], [[117, 117], [143, 210], [0, 0, 0], 1.0], [[143, 117], [186, 143], [0, 0, 0], 1.0], [[160, 26], [186, 117], [0, 0, 0], 1.0], [[186, 26], [469, 52], [0, 0, 0], 1.0], [[187, 499], [213, 606], [0, 0, 0], 1.0], [[213, 580], [458, 606], [0, 0, 0], 1.0], [[432, 403], [458, 580], [0, 0, 0], 1.0], [[443, 52], [552, 75], [0, 0, 0], 1.0], [[458, 403], [489, 429], [0, 0, 0], 1.0], [[463, 337], [489, 403], [0, 0, 0], 1.0], [[469, 49], [552, 52], [0, 0, 0], 1.0], [[489, 337], [552, 363], [0, 0, 0], 1.0], [[526, 75], [552, 241], [0, 0, 0], 1.0], [[526, 316], [623, 337], [0, 0, 0], 1.0], [[552, 215], [623, 241], [0, 0, 0], 1.0], [[552, 337], [918, 342], [0, 0, 0], 1.0], [[597, 163], [623, 215], [0, 0, 0], 1.0], [[597, 342], [918, 343], [0, 0, 0], 1.0], [[623, 163], [676, 189], [0, 0, 0], 1.0], [[623, 317], [918, 337], [0, 0, 0], 1.0], [[650, 16], [676, 163], [0, 0, 0], 1.0], [[676, 16], [903, 42], [0, 0, 0], 1.0], [[877, 42], [903, 189], [0, 0, 0], 1.0], [[892, 189], [918, 317], [0, 0, 0], 1.0], [[903, 163], [918, 189], [0, 0, 0], 1.0]], "Ball": [[816, 91], [132.8662569668213, -268.9731543474675], 20, [0, 0, 255], 1.0], "Name": "size_1_a", "Occluders": [], "AbnormWalls": [], "ClosedEnds": [1, 3, 2, 4], "Goals": [[[140, 395], [205, 458], 201, [255, 0, 0]], [[712, 518], [772, 545], 202, [0, 255, 0]]], "Paddle": null, "BKColor": [255, 255, 255]}