{"Dims": [1000, 620], "Walls": [[[15, 275], [41, 598], [0, 0, 0], 1.0], [[41, 111], [67, 301], [0, 0, 0], 1.0], [[41, 572], [127, 598], [0, 0, 0], 1.0], [[67, 111], [97, 137], [0, 0, 0], 1.0], [[67, 262], [98, 301], [0, 0, 0], 1.0], [[71, 71], [97, 111], [0, 0, 0], 1.0], [[97, 71], [200, 97], [0, 0, 0], 1.0], [[101, 385], [127, 572], [0, 0, 0], 1.0], [[127, 385], [254, 411], [0, 0, 0], 1.0], [[174, 49], [292, 71], [0, 0, 0], 1.0], [[200, 71], [348, 75], [0, 0, 0], 1.0], [[228, 411], [254, 497], [0, 0, 0], 1.0], [[241, 497], [267, 576], [0, 0, 0], 1.0], [[254, 471], [267, 497], [0, 0, 0], 1.0], [[266, 75], [348, 97], [0, 0, 0], 1.0], [[267, 550], [558, 576], [0, 0, 0], 1.0], [[313, 97], [348, 137], [0, 0, 0], 1.0], [[322, 41], [348, 71], [0, 0, 0], 1.0], [[348, 41], [591, 67], [0, 0, 0], 1.0], [[362, 262], [418, 299], [0, 0, 0], 1.0], [[392, 299], [418, 472], [0, 0, 0], 1.0], [[418, 262], [479, 288], [0, 0, 0], 1.0], [[418, 446], [558, 472], [0, 0, 0], 1.0], [[453, 212], [479, 262], [0, 0, 0], 1.0], [[479, 212], [562, 238], [0, 0, 0], 1.0], [[532, 472], [558, 550], [0, 0, 0], 1.0], [[536, 238], [562, 299], [0, 0, 0], 1.0], [[562, 273], [1000, 299], [0, 0, 0], 1.0], [[565, 67], [591, 128], [0, 0, 0], 1.0], [[591, 102], [1000, 128], [0, 0, 0], 1.0], [[974, 128], [1000, 273], [0, 0, 0], 1.0]], "Ball": [[347, 496], [132.8662569668213, -268.9731543474675], 20, [0, 0, 255], 1.0], "Name": "size_1_a", "Occluders": [], "AbnormWalls": [], "ClosedEnds": [1, 3, 2, 4], "Goals": [[[763, 179], [811, 219], 201, [255, 0, 0]], [[921, 430], [952, 476], 202, [0, 255, 0]]], "Paddle": null, "BKColor": [255, 255, 255]}