{"Dims": [1000, 620], "Walls": [[[894, 83], [1000, 99], [0, 0, 0], 1.0], [[383, 379], [597, 397], [0, 0, 0], 1.0], [[861, 83], [902, 484], [0, 0, 0], 1.0], [[570, 458], [873, 484], [0, 0, 0], 1.0], [[570, 395], [597, 469], [0, 0, 0], 1.0], [[364, 379], [394, 620], [0, 0, 0], 1.0]], "Ball": [[959, 492], [-185.5678818993782, 235.72136349380474], 20, [0, 0, 255], 1.0], "Name": "complex_2_a", "Occluders": [], "AbnormWalls": [], "ClosedEnds": [1, 3, 2, 4], "Goals": [[[214, 22], [375, 132], 201, [255, 0, 0]], [[399, 399], [568, 431], 202, [0, 255, 0]]], "Paddle": null, "BKColor": [255, 255, 255]}
