{"Dims": [1000, 620], "Walls": [[[237, 151], [391, 165], [0, 0, 0], 1.0], [[237, 154], [252, 456], [0, 0, 0], 1.0], [[237, 455], [383, 473], [0, 0, 0], 1.0], [[377, 378], [393, 473], [0, 0, 0], 1.0], [[377, 364], [570, 386], [0, 0, 0], 1.0], [[375, 248], [571, 281], [0, 0, 0], 1.0], [[562, 23], [591, 281], [0, 0, 0], 1.0], [[62, 23], [590, 43], [0, 0, 0], 1.0], [[562, 364], [590, 557], [0, 0, 0], 1.0], [[68, 543], [590, 576], [0, 0, 0], 1.0], [[62, 24], [95, 576], [0, 0, 0], 1.0], [[375, 159], [391, 255], [0, 0, 0], 1.0]], "Ball": [[807, 510], [-185.34646557957103, -235.89550164672679], 20, [0, 0, 255], 1.0], "Name": "complex_5_b", "Occluders": [], "AbnormWalls": [], "ClosedEnds": [1, 3, 2, 4], "Goals": [[[131, 254], [213, 381], 201, [255, 0, 0]], [[743, 62], [882, 140], 202, [0, 255, 0]]], "Paddle": null, "BKColor": [255, 255, 255]}