{"Dims": [1000, 620], "Walls": [[[562, 23], [590, 341], [0, 0, 0], 1.0], [[62, 23], [590, 43], [0, 0, 0], 1.0], [[562, 330], [590, 557], [0, 0, 0], 1.0], [[68, 543], [590, 576], [0, 0, 0], 1.0], [[62, 24], [95, 576], [0, 0, 0], 1.0]], "Ball": [[807, 510], [-185.34646557957103, -235.89550164672679], 20, [0, 0, 255], 1.0], "Name": "complex_5_a", "Occluders": [], "AbnormWalls": [], "ClosedEnds": [1, 3, 2, 4], "Goals": [[[131, 254], [213, 381], 201, [255, 0, 0]], [[743, 62], [882, 140], 202, [0, 255, 0]]], "Paddle": null, "BKColor": [255, 255, 255]}