{"Dims": [1000, 620], "Walls": [[[10, 206], [36, 396], [0, 0, 0], 1.0], [[10, 370], [846, 400], [0, 0, 0], 1.0], [[10, 190], [842, 218], [0, 0, 0], 1.0], [[816, 190], [850, 400], [0, 0, 0], 1.0], [[816, 308], [850, 400], [0, 0, 0], 1.0]], "Ball": [[640, 283], [-275.3166350421944, -119.16690173468115], 20, [0, 0, 255], 1.0], "Name": "porous_1_a", "Occluders": [], "AbnormWalls": [], "ClosedEnds": [1, 3, 2, 4], "Goals": [[[900, 226], [989, 368], 201, [255, 0, 0]], [[37, 220], [111, 367], 202, [0, 255, 0]]], "Paddle": null, "BKColor": [255, 255, 255]}