{"Dims": [1000, 620], "Walls": [[[56, 78], [156, 149], [0, 0, 0], 1.0], [[356, 361], [415, 618], [0, 0, 0], 1.0], [[702, 458], [927, 610], [0, 0, 0], 1.0]], "Ball": [[687, 165], [185.25784939324973, 235.96510173792225], 20, [0, 0, 255], 1.0], "Name": "regular_71", "Occluders": [], "AbnormWalls": [], "ClosedEnds": [1, 3, 2, 4], "Goals": [[[495, 152], [619, 358], 201, [255, 0, 0]], [[425, 373], [604, 504], 202, [0, 255, 0]]], "Paddle": null, "BKColor": [255, 255, 255]}