{"Dims": [1000, 620], "Walls": [[[45, 38], [197, 89], [0, 0, 0], 1.0]], "Ball": [[73, 492], [174.03997289094022, 244.35647696781191], 20, [0, 0, 255], 1.0], "Name": "regular_6", "Occluders": [], "AbnormWalls": [], "ClosedEnds": [1, 3, 2, 4], "Goals": [[[369, 359], [561, 605], 201, [255, 0, 0]], [[508, 169], [735, 252], 202, [0, 255, 0]]], "Paddle": null, "BKColor": [255, 255, 255]}