{"Dims": [1000, 620], "Walls": [[[510, 36], [655, 276], [0, 0, 0], 1.0], [[809, 217], [998, 291], [0, 0, 0], 1.0], [[216, 395], [373, 512], [0, 0, 0], 1.0], [[33, 336], [157, 397], [0, 0, 0], 1.0]], "Ball": [[971, 129], [256.7481493042493, 155.17856755635722], 20, [0, 0, 255], 1.0], "Name": "regular_93", "Occluders": [], "AbnormWalls": [], "ClosedEnds": [1, 3, 2, 4], "Goals": [[[207, 236], [320, 299], 201, [255, 0, 0]], [[41, 535], [143, 589], 202, [0, 255, 0]]], "Paddle": null, "BKColor": [255, 255, 255]}