{"Dims": [1000, 620], "Walls": [[[420, 307], [489, 519], [0, 0, 0], 1.0]], "Ball": [[793, 513], [237.29743149474223, 183.5481653572111], 20, [0, 0, 255], 1.0], "Name": "regular_11", "Occluders": [], "AbnormWalls": [], "ClosedEnds": [1, 3, 2, 4], "Goals": [[[169, 67], [380, 189], 201, [255, 0, 0]], [[33, 254], [277, 546], 202, [0, 255, 0]]], "Paddle": null, "BKColor": [255, 255, 255]}