{"Dims": [1000, 620], "Walls": [[[108, 9], [233, 114], [0, 0, 0], 1.0], [[315, 142], [602, 316], [0, 0, 0], 1.0], [[566, 416], [779, 535], [0, 0, 0], 1.0], [[651, 113], [819, 244], [0, 0, 0], 1.0]], "Ball": [[378, 419], [213.2215125594602, 211.03693179596777], 20, [0, 0, 255], 1.0], "Name": "regular_79", "Occluders": [], "AbnormWalls": [], "ClosedEnds": [1, 3, 2, 4], "Goals": [[[599, 6], [735, 110], 201, [255, 0, 0]], [[605, 285], [901, 365], 202, [0, 255, 0]]], "Paddle": null, "BKColor": [255, 255, 255]}