{"Dims": [1000, 620], "Walls": [[[116, 11], [240, 74], [0, 0, 0], 1.0], [[518, 491], [776, 606], [0, 0, 0], 1.0]], "Ball": [[332, 536], [287.4217061754056, 85.95791306923881], 20, [0, 0, 255], 1.0], "Name": "regular_28", "Occluders": [], "AbnormWalls": [], "ClosedEnds": [1, 3, 2, 4], "Goals": [[[293, 151], [445, 419], 201, [255, 0, 0]], [[489, 105], [653, 361], 202, [0, 255, 0]]], "Paddle": null, "BKColor": [255, 255, 255]}