{"Dims": [1000, 620], "Walls": [[[262, 397], [404, 613], [0, 0, 0], 1.0], [[622, 291], [675, 421], [0, 0, 0], 1.0], [[370, 21], [579, 146], [0, 0, 0], 1.0]], "Ball": [[738, 368], [266.34496760576894, 138.05925623109047], 20, [0, 0, 255], 1.0], "Name": "regular_65", "Occluders": [], "AbnormWalls": [], "ClosedEnds": [1, 3, 2, 4], "Goals": [[[700, 69], [768, 192], 201, [255, 0, 0]], [[69, 159], [276, 336], 202, [0, 255, 0]]], "Paddle": null, "BKColor": [255, 255, 255]}