{"Dims": [1000, 620], "Walls": [[[687, 270], [757, 361], [0, 0, 0], 1.0], [[1, 460], [59, 607], [0, 0, 0], 1.0]], "Ball": [[371, 214], [236.13055894705226, 185.04691062363804], 20, [0, 0, 255], 1.0], "Name": "regular_36", "Occluders": [], "AbnormWalls": [], "ClosedEnds": [1, 3, 2, 4], "Goals": [[[276, 416], [566, 565], 201, [255, 0, 0]], [[475, 111], [651, 190], 202, [0, 255, 0]]], "Paddle": null, "BKColor": [255, 255, 255]}