{"Dims": [1000, 620], "Walls": [[[444, 284], [730, 519], [0, 0, 0], 1.0], [[219, 440], [364, 512], [0, 0, 0], 1.0], [[496, 21], [565, 162], [0, 0, 0], 1.0]], "Ball": [[635, 105], [25.251849903384052, 298.9353509982668], 20, [0, 0, 255], 1.0], "Name": "regular_68", "Occluders": [], "AbnormWalls": [], "ClosedEnds": [1, 3, 2, 4], "Goals": [[[798, 285], [852, 385], 201, [255, 0, 0]], [[222, 63], [354, 228], 202, [0, 255, 0]]], "Paddle": null, "BKColor": [255, 255, 255]}