{"Dims": [1000, 620], "Walls": [[[257, 10], [359, 241], [0, 0, 0], 1.0], [[583, 49], [742, 229], [0, 0, 0], 1.0]], "Ball": [[848, 520], [202.62752539175742, 221.2285830393819], 20, [0, 0, 255], 1.0], "Name": "regular_32", "Occluders": [], "AbnormWalls": [], "ClosedEnds": [1, 3, 2, 4], "Goals": [[[19, 69], [93, 279], 201, [255, 0, 0]], [[841, 46], [922, 186], 202, [0, 255, 0]]], "Paddle": null, "BKColor": [255, 255, 255]}