{"Dims": [1000, 620], "Walls": [[[422, 440], [685, 549], [0, 0, 0], 1.0], [[695, 26], [916, 143], [0, 0, 0], 1.0], [[182, 1], [480, 147], [0, 0, 0], 1.0]], "Ball": [[678, 266], [259.30831324289016, 150.86152154584397], 20, [0, 0, 255], 1.0], "Name": "regular_69", "Occluders": [], "AbnormWalls": [], "ClosedEnds": [1, 3, 2, 4], "Goals": [[[542, 6], [670, 160], 201, [255, 0, 0]], [[251, 392], [338, 552], 202, [0, 255, 0]]], "Paddle": null, "BKColor": [255, 255, 255]}