{"Dims": [1000, 620], "Walls": [[[303, 403], [456, 608], [0, 0, 0], 1.0], [[629, 202], [688, 270], [0, 0, 0], 1.0], [[563, 387], [626, 530], [0, 0, 0], 1.0]], "Ball": [[584, 182], [132.01731250212077, 269.3908483963726], 20, [0, 0, 255], 1.0], "Name": "regular_59", "Occluders": [], "AbnormWalls": [], "ClosedEnds": [1, 3, 2, 4], "Goals": [[[686, 321], [913, 428], 201, [255, 0, 0]], [[135, 306], [226, 411], 202, [0, 255, 0]]], "Paddle": null, "BKColor": [255, 255, 255]}