{"Dims": [1000, 620], "Walls": [[[52, 340], [288, 476], [0, 0, 0], 1.0], [[572, 430], [772, 507], [0, 0, 0], 1.0], [[913, 460], [982, 562], [0, 0, 0], 1.0], [[80, 3], [233, 242], [0, 0, 0], 1.0]], "Ball": [[548, 241], [39.213406080772515, 297.42614004748214], 20, [0, 0, 255], 1.0], "Name": "regular_89", "Occluders": [], "AbnormWalls": [], "ClosedEnds": [1, 3, 2, 4], "Goals": [[[453, 364], [507, 446], 201, [255, 0, 0]], [[659, 7], [912, 147], 202, [0, 255, 0]]], "Paddle": null, "BKColor": [255, 255, 255]}