{"Dims": [1000, 620], "Walls": [[[629, 465], [740, 578], [0, 0, 0], 1.0], [[227, 436], [304, 498], [0, 0, 0], 1.0], [[511, 301], [587, 514], [0, 0, 0], 1.0], [[486, 130], [685, 273], [0, 0, 0], 1.0]], "Ball": [[369, 404], [126.42606405589183, 272.0596447974884], 20, [0, 0, 255], 1.0], "Name": "regular_85", "Occluders": [], "AbnormWalls": [], "ClosedEnds": [1, 3, 2, 4], "Goals": [[[701, 166], [973, 321], 201, [255, 0, 0]], [[166, 97], [458, 299], 202, [0, 255, 0]]], "Paddle": null, "BKColor": [255, 255, 255]}