{"Dims": [1000, 620], "Walls": [[[197, 95], [403, 303], [0, 0, 0], 1.0]], "Ball": [[331, 65], [24.802853049281257, 298.9729393784925], 20, [0, 0, 255], 1.0], "Name": "regular_16", "Occluders": [], "AbnormWalls": [], "ClosedEnds": [1, 3, 2, 4], "Goals": [[[15, 113], [84, 210], 201, [255, 0, 0]], [[469, 340], [713, 617], 202, [0, 255, 0]]], "Paddle": null, "BKColor": [255, 255, 255]}