{"Dims": [1000, 620], "Walls": [[[17, 487], [189, 576], [0, 0, 0], 1.0]], "Ball": [[143, 270], [279.65671701135653, 108.59153111744058], 20, [0, 0, 255], 1.0], "Name": "regular_10", "Occluders": [], "AbnormWalls": [], "ClosedEnds": [1, 3, 2, 4], "Goals": [[[741, 111], [810, 380], 201, [255, 0, 0]], [[72, 398], [291, 452], 202, [0, 255, 0]]], "Paddle": null, "BKColor": [255, 255, 255]}