{"Dims": [1000, 620], "Walls": [[[506, 299], [647, 366], [0, 0, 0], 1.0], [[25, 83], [167, 267], [0, 0, 0], 1.0], [[64, 352], [287, 577], [0, 0, 0], 1.0]], "Ball": [[684, 282], [101.56764082665708, 282.2835707881477], 20, [0, 0, 255], 1.0], "Name": "regular_57", "Occluders": [], "AbnormWalls": [], "ClosedEnds": [1, 3, 2, 4], "Goals": [[[296, 2], [569, 215], 201, [255, 0, 0]], [[399, 414], [690, 514], 202, [0, 255, 0]]], "Paddle": null, "BKColor": [255, 255, 255]}