{"Dims": [1000, 620], "Walls": [[[432, 312], [605, 387], [0, 0, 0], 1.0], [[195, 405], [392, 459], [0, 0, 0], 1.0]], "Ball": [[856, 66], [196.6131546794649, 226.59052806105734], 20, [0, 0, 255], 1.0], "Name": "regular_43", "Occluders": [], "AbnormWalls": [], "ClosedEnds": [1, 3, 2, 4], "Goals": [[[324, 144], [455, 260], 201, [255, 0, 0]], [[689, 168], [763, 298], 202, [0, 255, 0]]], "Paddle": null, "BKColor": [255, 255, 255]}