{"Dims": [1000, 620], "Walls": [[[629, 35], [721, 140], [0, 0, 0], 1.0]], "Ball": [[402, 231], [196.3642231111642, 226.8062871305576], 20, [0, 0, 255], 1.0], "Name": "regular_9", "Occluders": [], "AbnormWalls": [], "ClosedEnds": [1, 3, 2, 4], "Goals": [[[605, 206], [839, 398], 201, [255, 0, 0]], [[338, 420], [435, 482], 202, [0, 255, 0]]], "Paddle": null, "BKColor": [255, 255, 255]}