{"Dims": [1000, 620], "Walls": [[[662, 262], [944, 415], [0, 0, 0], 1.0], [[284, 496], [543, 608], [0, 0, 0], 1.0], [[661, 108], [942, 214], [0, 0, 0], 1.0], [[0, 348], [242, 525], [0, 0, 0], 1.0]], "Ball": [[804, 503], [253.70226156939202, 160.10984502701814], 20, [0, 0, 255], 1.0], "Name": "regular_72", "Occluders": [], "AbnormWalls": [], "ClosedEnds": [1, 3, 2, 4], "Goals": [[[297, 331], [530, 465], 201, [255, 0, 0]], [[212, 15], [302, 312], 202, [0, 255, 0]]], "Paddle": null, "BKColor": [255, 255, 255]}