{"Dims": [1000, 620], "Walls": [[[388, 25], [459, 100], [0, 0, 0], 1.0], [[688, 566], [983, 619], [0, 0, 0], 1.0]], "Ball": [[337, 368], [68.74469483098095, 292.01740861221833], 20, [0, 0, 255], 1.0], "Name": "regular_40", "Occluders": [], "AbnormWalls": [], "ClosedEnds": [1, 3, 2, 4], "Goals": [[[516, 342], [588, 412], 201, [255, 0, 0]], [[29, 406], [90, 535], 202, [0, 255, 0]]], "Paddle": null, "BKColor": [255, 255, 255]}