{"Dims": [1000, 620], "Walls": [[[169, 535], [251, 610], [0, 0, 0], 1.0], [[753, 175], [870, 450], [0, 0, 0], 1.0], [[391, 267], [521, 540], [0, 0, 0], 1.0], [[167, 180], [270, 408], [0, 0, 0], 1.0]], "Ball": [[940, 424], [291.79678407483385, 69.67522374262467], 20, [0, 0, 255], 1.0], "Name": "regular_86", "Occluders": [], "AbnormWalls": [], "ClosedEnds": [1, 3, 2, 4], "Goals": [[[270, 297], [327, 433], 201, [255, 0, 0]], [[548, 130], [676, 428], 202, [0, 255, 0]]], "Paddle": null, "BKColor": [255, 255, 255]}