{"Dims": [1000, 620], "Walls": [[[494, 305], [709, 458], [0, 0, 0], 1.0]], "Ball": [[720, 207], [104.07816276123933, 281.36761724876044], 20, [0, 0, 255], 1.0], "Name": "regular_14", "Occluders": [], "AbnormWalls": [], "ClosedEnds": [1, 3, 2, 4], "Goals": [[[186, 5], [388, 284], 201, [255, 0, 0]], [[404, 506], [701, 570], 202, [0, 255, 0]]], "Paddle": null, "BKColor": [255, 255, 255]}