{"Dims": [1000, 620], "Walls": [[[691, 122], [777, 273], [0, 0, 0], 1.0], [[179, 311], [386, 397], [0, 0, 0], 1.0]], "Ball": [[597, 570], [96.96480464925102, 283.89756367276664], 20, [0, 0, 255], 1.0], "Name": "regular_31", "Occluders": [], "AbnormWalls": [], "ClosedEnds": [1, 3, 2, 4], "Goals": [[[454, 138], [596, 292], 201, [255, 0, 0]], [[935, 83], [995, 154], 202, [0, 255, 0]]], "Paddle": null, "BKColor": [255, 255, 255]}