{"Dims": [1000, 620], "Walls": [[[888, 292], [968, 382], [0, 0, 0], 1.0]], "Ball": [[630, 193], [181.12260517666988, 239.15392928826432], 20, [0, 0, 255], 1.0], "Name": "regular_5", "Occluders": [], "AbnormWalls": [], "ClosedEnds": [1, 3, 2, 4], "Goals": [[[591, 49], [739, 167], 201, [255, 0, 0]], [[326, 28], [432, 224], 202, [0, 255, 0]]], "Paddle": null, "BKColor": [255, 255, 255]}