{"Dims": [1000, 620], "Walls": [[[518, 367], [552, 507], [0, 0, 0], 1.0], [[518, 505], [732, 525], [0, 0, 0], 1.0], [[175, 256], [479, 278], [0, 0, 0], 1.0], [[725, 180], [752, 525], [0, 0, 0], 1.0], [[722, 44], [751, 82], [0, 0, 0], 1.0], [[263, 0], [288, 187], [0, 0, 0], 1.0], [[299, 321], [320, 450], [0, 0, 0], 1.0], [[88, 433], [547, 450], [0, 0, 0], 1.0], [[206, 445], [228, 528], [0, 0, 0], 1.0], [[332, 521], [354, 620], [0, 0, 0], 1.0], [[817, 0], [830, 81], [0, 0, 0], 1.0], [[567, 218], [729, 234], [0, 0, 0], 1.0], [[750, 244], [1000, 270], [0, 0, 0], 1.0], [[232, 275], [254, 327], [0, 0, 0], 1.0], [[0, 312], [320, 327], [0, 0, 0], 1.0]], "Ball": [[525, 178], [229.28744505236725, -193.46128176293487], 20, [0, 0, 255], 1.0], "Name": "complex_1_c", "Occluders": [], "AbnormWalls": [], "ClosedEnds": [1, 3, 2, 4], "Goals": [[[127, 337], [262, 419], 201, [255, 0, 0]], [[849, 39], [963, 105], 202, [0, 255, 0]]], "Paddle": null, "BKColor": [255, 255, 255]}
