{"Dims": [1000, 620], "Walls": [[[91, 333], [320, 505], [0, 0, 0], 1.0]], "Ball": [[47, 584], [159.9887809195566, 253.77862396166094], 20, [0, 0, 255], 1.0], "Name": "regular_0", "Occluders": [], "AbnormWalls": [], "ClosedEnds": [1, 3, 2, 4], "Goals": [[[727, 423], [964, 598], 201, [255, 0, 0]], [[727, 228], [875, 369], 202, [0, 255, 0]]], "Paddle": null, "BKColor": [255, 255, 255]}