{"Dims": [1000, 620], "Walls": [[[510, 69], [538, 377], [0, 0, 0], 1.0], [[786, 467], [814, 543], [0, 0, 0], 1.0], [[365, 528], [814, 555], [0, 0, 0], 1.0], [[358, 184], [390, 555], [0, 0, 0], 1.0], [[105, 179], [390, 204], [0, 0, 0], 1.0], [[103, 44], [538, 73], [0, 0, 0], 1.0], [[102, 45], [149, 204], [0, 0, 0], 1.0], [[786, 358], [814, 408], [0, 0, 0], 1.0], [[510, 358], [805, 377], [0, 0, 0], 1.0]], "Ball": [[479, 394], [-282.3584012285122, -101.35942608203003], 20, [0, 0, 255], 1.0], "Name": "porous_5_c", "Occluders": [], "AbnormWalls": [], "ClosedEnds": [1, 3, 2, 4], "Goals": [[[821, 372], [844, 496], 201, [255, 0, 0]], [[159, 84], [189, 171], 202, [0, 255, 0]]], "Paddle": null, "BKColor": [255, 255, 255]}