{"Dims": [1000, 620], "Walls": [[[777, 253], [969, 400], [0, 0, 0], 1.0], [[414, 2], [658, 92], [0, 0, 0], 1.0]], "Ball": [[385, 555], [234.6775991659741, 186.8861269588901], 20, [0, 0, 255], 1.0], "Name": "regular_33", "Occluders": [], "AbnormWalls": [], "ClosedEnds": [1, 3, 2, 4], "Goals": [[[174, 114], [309, 290], 201, [255, 0, 0]], [[208, 376], [406, 447], 202, [0, 255, 0]]], "Paddle": null, "BKColor": [255, 255, 255]}