{"Dims": [1000, 620], "Walls": [[[289, 107], [438, 310], [0, 0, 0], 1.0], [[63, 550], [248, 604], [0, 0, 0], 1.0], [[693, 416], [880, 574], [0, 0, 0], 1.0], [[791, 103], [892, 192], [0, 0, 0], 1.0]], "Ball": [[261, 293], [285.5850753785789, 91.87581140328184], 20, [0, 0, 255], 1.0], "Name": "regular_80", "Occluders": [], "AbnormWalls": [], "ClosedEnds": [1, 3, 2, 4], "Goals": [[[634, 205], [843, 336], 201, [255, 0, 0]], [[14, 26], [150, 295], 202, [0, 255, 0]]], "Paddle": null, "BKColor": [255, 255, 255]}