{"Dims": [1000, 620], "Walls": [[[585, 254], [717, 400], [0, 0, 0], 1.0], [[680, 91], [799, 169], [0, 0, 0], 1.0], [[413, 436], [487, 500], [0, 0, 0], 1.0]], "Ball": [[740, 533], [82.46735333631067, 288.4426037077465], 20, [0, 0, 255], 1.0], "Name": "regular_66", "Occluders": [], "AbnormWalls": [], "ClosedEnds": [1, 3, 2, 4], "Goals": [[[34, 346], [246, 545], 201, [255, 0, 0]], [[41, 131], [326, 309], 202, [0, 255, 0]]], "Paddle": null, "BKColor": [255, 255, 255]}