{"Dims": [1000, 620], "Walls": [[[444, 151], [623, 292], [0, 0, 0], 1.0], [[619, 482], [752, 576], [0, 0, 0], 1.0], [[763, 137], [973, 272], [0, 0, 0], 1.0], [[625, 127], [732, 198], [0, 0, 0], 1.0]], "Ball": [[701, 268], [214.15569837179694, 210.08887846549118], 20, [0, 0, 255], 1.0], "Name": "regular_76", "Occluders": [], "AbnormWalls": [], "ClosedEnds": [1, 3, 2, 4], "Goals": [[[211, 146], [400, 319], 201, [255, 0, 0]], [[289, 11], [339, 123], 202, [0, 255, 0]]], "Paddle": null, "BKColor": [255, 255, 255]}