{"Dims": [1000, 620], "Walls": [[[531, 342], [678, 450], [0, 0, 0], 1.0]], "Ball": [[277, 354], [200.14562000584004, 223.47646585821485], 20, [0, 0, 255], 1.0], "Name": "regular_12", "Occluders": [], "AbnormWalls": [], "ClosedEnds": [1, 3, 2, 4], "Goals": [[[775, 292], [838, 352], 201, [255, 0, 0]], [[41, 109], [144, 267], 202, [0, 255, 0]]], "Paddle": null, "BKColor": [255, 255, 255]}