{"Dims": [1000, 620], "Walls": [[[577, 139], [779, 345], [0, 0, 0], 1.0], [[28, 102], [88, 361], [0, 0, 0], 1.0]], "Ball": [[934, 504], [83.36110419884633, 288.18557616013516], 20, [0, 0, 255], 1.0], "Name": "regular_37", "Occluders": [], "AbnormWalls": [], "ClosedEnds": [1, 3, 2, 4], "Goals": [[[255, 389], [419, 535], 201, [255, 0, 0]], [[38, 384], [163, 477], 202, [0, 255, 0]]], "Paddle": null, "BKColor": [255, 255, 255]}