{"Dims": [1000, 620], "Walls": [[[254, 500], [344, 592], [0, 0, 0], 1.0], [[881, 207], [941, 363], [0, 0, 0], 1.0], [[382, 143], [624, 321], [0, 0, 0], 1.0]], "Ball": [[825, 83], [189.42333347344498, 232.6344788199033], 20, [0, 0, 255], 1.0], "Name": "regular_63", "Occluders": [], "AbnormWalls": [], "ClosedEnds": [1, 3, 2, 4], "Goals": [[[366, 323], [505, 497], 201, [255, 0, 0]], [[104, 62], [355, 319], 202, [0, 255, 0]]], "Paddle": null, "BKColor": [255, 255, 255]}