{"Dims": [1000, 620], "Walls": [[[55, 181], [201, 280], [0, 0, 0], 1.0], [[509, 334], [628, 575], [0, 0, 0], 1.0]], "Ball": [[246, 464], [296.35914448941224, 46.59675393741146], 20, [0, 0, 255], 1.0], "Name": "regular_24", "Occluders": [], "AbnormWalls": [], "ClosedEnds": [1, 3, 2, 4], "Goals": [[[666, 223], [749, 521], 201, [255, 0, 0]], [[163, 311], [342, 408], 202, [0, 255, 0]]], "Paddle": null, "BKColor": [255, 255, 255]}