{"Dims": [1000, 620], "Walls": [[[825, 110], [932, 377], [0, 0, 0], 1.0], [[514, 51], [720, 149], [0, 0, 0], 1.0], [[678, 372], [767, 445], [0, 0, 0], 1.0], [[39, 461], [248, 611], [0, 0, 0], 1.0]], "Ball": [[262, 115], [294.5838433015815, 56.74820936090648], 20, [0, 0, 255], 1.0], "Name": "regular_87", "Occluders": [], "AbnormWalls": [], "ClosedEnds": [1, 3, 2, 4], "Goals": [[[607, 222], [824, 320], 201, [255, 0, 0]], [[104, 175], [370, 409], 202, [0, 255, 0]]], "Paddle": null, "BKColor": [255, 255, 255]}