{"Dims": [1000, 620], "Walls": [[[234, 86], [338, 253], [0, 0, 0], 1.0]], "Ball": [[31, 464], [132.4598101211969, 269.17354755372315], 20, [0, 0, 255], 1.0], "Name": "regular_8", "Occluders": [], "AbnormWalls": [], "ClosedEnds": [1, 3, 2, 4], "Goals": [[[522, 352], [674, 492], 201, [255, 0, 0]], [[623, 50], [773, 170], 202, [0, 255, 0]]], "Paddle": null, "BKColor": [255, 255, 255]}