{"Dims": [1000, 620], "Walls": [[[229, 464], [347, 584], [0, 0, 0], 1.0], [[25, 24], [286, 152], [0, 0, 0], 1.0], [[492, 271], [606, 555], [0, 0, 0], 1.0], [[695, 419], [803, 489], [0, 0, 0], 1.0]], "Ball": [[398, 459], [264.91125240993676, 140.7907253571725], 20, [0, 0, 255], 1.0], "Name": "regular_74", "Occluders": [], "AbnormWalls": [], "ClosedEnds": [1, 3, 2, 4], "Goals": [[[104, 234], [164, 334], 201, [255, 0, 0]], [[527, 40], [769, 129], 202, [0, 255, 0]]], "Paddle": null, "BKColor": [255, 255, 255]}