{"Dims": [1000, 620], "Walls": [[[623, 181], [674, 351], [0, 0, 0], 1.0], [[530, 358], [829, 420], [0, 0, 0], 1.0], [[130, 343], [397, 543], [0, 0, 0], 1.0]], "Ball": [[889, 180], [165.07320064027752, 250.50117450897253], 20, [0, 0, 255], 1.0], "Name": "regular_52", "Occluders": [], "AbnormWalls": [], "ClosedEnds": [1, 3, 2, 4], "Goals": [[[398, 459], [519, 551], 201, [255, 0, 0]], [[259, 95], [490, 329], 202, [0, 255, 0]]], "Paddle": null, "BKColor": [255, 255, 255]}