{"Dims": [1000, 620], "Walls": [[[573, 172], [722, 363], [0, 0, 0], 1.0], [[20, 339], [169, 569], [0, 0, 0], 1.0], [[31, 125], [86, 234], [0, 0, 0], 1.0]], "Ball": [[91, 284], [124.88971653144372, 272.7683242326638], 20, [0, 0, 255], 1.0], "Name": "regular_54", "Occluders": [], "AbnormWalls": [], "ClosedEnds": [1, 3, 2, 4], "Goals": [[[794, 115], [859, 403], 201, [255, 0, 0]], [[290, 7], [457, 60], 202, [0, 255, 0]]], "Paddle": null, "BKColor": [255, 255, 255]}