{"Dims": [1000, 620], "Walls": [[[579, 514], [702, 606], [0, 0, 0], 1.0], [[667, 198], [885, 315], [0, 0, 0], 1.0], [[37, 54], [183, 189], [0, 0, 0], 1.0]], "Ball": [[612, 389], [139.8650413971618, 265.4011495735657], 20, [0, 0, 255], 1.0], "Name": "regular_50", "Occluders": [], "AbnormWalls": [], "ClosedEnds": [1, 3, 2, 4], "Goals": [[[643, 18], [904, 190], 201, [255, 0, 0]], [[257, 162], [472, 391], 202, [0, 255, 0]]], "Paddle": null, "BKColor": [255, 255, 255]}