{"Dims": [1000, 620], "Walls": [[[320, 237], [446, 352], [0, 0, 0], 1.0]], "Ball": [[325, 88], [201.76648376991065, 222.0141572673382], 20, [0, 0, 255], 1.0], "Name": "regular_4", "Occluders": [], "AbnormWalls": [], "ClosedEnds": [1, 3, 2, 4], "Goals": [[[508, 196], [601, 491], 201, [255, 0, 0]], [[847, 108], [967, 161], 202, [0, 255, 0]]], "Paddle": null, "BKColor": [255, 255, 255]}