{"Dims": [1000, 620], "Walls": [[[57, 90], [300, 174], [0, 0, 0], 1.0], [[473, 74], [703, 241], [0, 0, 0], 1.0], [[472, 464], [706, 579], [0, 0, 0], 1.0], [[592, 322], [652, 426], [0, 0, 0], 1.0]], "Ball": [[517, 34], [235.61006384682602, 185.7091753632399], 20, [0, 0, 255], 1.0], "Name": "regular_73", "Occluders": [], "AbnormWalls": [], "ClosedEnds": [1, 3, 2, 4], "Goals": [[[32, 192], [168, 486], 201, [255, 0, 0]], [[219, 311], [518, 405], 202, [0, 255, 0]]], "Paddle": null, "BKColor": [255, 255, 255]}