{"Dims": [1000, 620], "Walls": [[[90, 217], [259, 501], [0, 0, 0], 1.0], [[336, 457], [450, 532], [0, 0, 0], 1.0]], "Ball": [[63, 396], [102.06563990563502, 282.1038907045652], 20, [0, 0, 255], 1.0], "Name": "regular_39", "Occluders": [], "AbnormWalls": [], "ClosedEnds": [1, 3, 2, 4], "Goals": [[[640, 427], [919, 566], 201, [255, 0, 0]], [[451, 205], [588, 294], 202, [0, 255, 0]]], "Paddle": null, "BKColor": [255, 255, 255]}