{"Dims": [1000, 620], "Walls": [[[711, 43], [777, 93], [0, 0, 0], 1.0], [[256, 325], [358, 562], [0, 0, 0], 1.0], [[312, 68], [588, 139], [0, 0, 0], 1.0]], "Ball": [[861, 284], [115.96385809762339, 276.68101419344674], 20, [0, 0, 255], 1.0], "Name": "regular_67", "Occluders": [], "AbnormWalls": [], "ClosedEnds": [1, 3, 2, 4], "Goals": [[[139, 96], [253, 370], 201, [255, 0, 0]], [[425, 259], [703, 523], 202, [0, 255, 0]]], "Paddle": null, "BKColor": [255, 255, 255]}