{"Dims": [1000, 620], "Walls": [[[846, 29], [934, 182], [0, 0, 0], 1.0], [[344, 68], [452, 201], [0, 0, 0], 1.0]], "Ball": [[899, 529], [186.76228111510196, 234.77617075138534], 20, [0, 0, 255], 1.0], "Name": "regular_30", "Occluders": [], "AbnormWalls": [], "ClosedEnds": [1, 3, 2, 4], "Goals": [[[45, 159], [252, 325], 201, [255, 0, 0]], [[407, 287], [599, 337], 202, [0, 255, 0]]], "Paddle": null, "BKColor": [255, 255, 255]}