{"Dims": [1000, 620], "Walls": [[[360, 262], [447, 410], [0, 0, 0], 1.0]], "Ball": [[790, 306], [261.1093025308011, 147.72248350159362], 20, [0, 0, 255], 1.0], "Name": "regular_23", "Occluders": [], "AbnormWalls": [], "ClosedEnds": [1, 3, 2, 4], "Goals": [[[154, 382], [308, 580], 201, [255, 0, 0]], [[107, 257], [291, 373], 202, [0, 255, 0]]], "Paddle": null, "BKColor": [255, 255, 255]}