{"Dims": [1000, 620], "Walls": [[[253, 503], [527, 618], [0, 0, 0], 1.0], [[685, 51], [928, 168], [0, 0, 0], 1.0], [[510, 381], [763, 456], [0, 0, 0], 1.0]], "Ball": [[873, 297], [42.412401127790304, 296.9868485818444], 20, [0, 0, 255], 1.0], "Name": "regular_51", "Occluders": [], "AbnormWalls": [], "ClosedEnds": [1, 3, 2, 4], "Goals": [[[64, 56], [203, 172], 201, [255, 0, 0]], [[473, 83], [683, 329], 202, [0, 255, 0]]], "Paddle": null, "BKColor": [255, 255, 255]}