{"Dims": [1000, 620], "Walls": [[[420, 136], [608, 381], [0, 0, 0], 1.0], [[641, 123], [712, 358], [0, 0, 0], 1.0]], "Ball": [[246, 389], [264.09417615901003, 142.3174835320446], 20, [0, 0, 255], 1.0], "Name": "regular_47", "Occluders": [], "AbnormWalls": [], "ClosedEnds": [1, 3, 2, 4], "Goals": [[[717, 248], [767, 380], 201, [255, 0, 0]], [[101, 139], [283, 367], 202, [0, 255, 0]]], "Paddle": null, "BKColor": [255, 255, 255]}