{"Dims": [1000, 620], "Walls": [[[162, 284], [373, 563], [0, 0, 0], 1.0], [[673, 67], [920, 201], [0, 0, 0], 1.0], [[506, 5], [654, 89], [0, 0, 0], 1.0], [[885, 333], [959, 451], [0, 0, 0], 1.0]], "Ball": [[31, 340], [228.68333559535657, 194.17500359464788], 20, [0, 0, 255], 1.0], "Name": "regular_95", "Occluders": [], "AbnormWalls": [], "ClosedEnds": [1, 3, 2, 4], "Goals": [[[658, 336], [857, 615], 201, [255, 0, 0]], [[395, 97], [658, 387], 202, [0, 255, 0]]], "Paddle": null, "BKColor": [255, 255, 255]}