{"Dims": [1000, 620], "Walls": [[[447, 123], [739, 186], [0, 0, 0], 1.0]], "Ball": [[693, 506], [23.547534298173183, 299.0744282423296], 20, [0, 0, 255], 1.0], "Name": "regular_17", "Occluders": [], "AbnormWalls": [], "ClosedEnds": [1, 3, 2, 4], "Goals": [[[28, 302], [87, 459], 201, [255, 0, 0]], [[807, 495], [860, 586], 202, [0, 255, 0]]], "Paddle": null, "BKColor": [255, 255, 255]}