{"Dims": [1000, 620], "Walls": [[[279, 274], [345, 416], [0, 0, 0], 1.0]], "Ball": [[917, 424], [295.8607418515157, 49.66307915414401], 20, [0, 0, 255], 1.0], "Name": "regular_19", "Occluders": [], "AbnormWalls": [], "ClosedEnds": [1, 3, 2, 4], "Goals": [[[30, 228], [221, 454], 201, [255, 0, 0]], [[725, 46], [788, 291], 202, [0, 255, 0]]], "Paddle": null, "BKColor": [255, 255, 255]}