{"Dims": [1000, 620], "Walls": [[[441, 343], [628, 455], [0, 0, 0], 1.0], [[838, 325], [918, 379], [0, 0, 0], 1.0]], "Ball": [[587, 491], [296.7811147155804, 43.82887117160918], 20, [0, 0, 255], 1.0], "Name": "regular_34", "Occluders": [], "AbnormWalls": [], "ClosedEnds": [1, 3, 2, 4], "Goals": [[[425, 75], [674, 199], 201, [255, 0, 0]], [[188, 253], [255, 516], 202, [0, 255, 0]]], "Paddle": null, "BKColor": [255, 255, 255]}