{"Dims": [1000, 620], "Walls": [[[570, 446], [698, 522], [0, 0, 0], 1.0]], "Ball": [[935, 380], [221.66773652691657, 202.14701230301057], 20, [0, 0, 255], 1.0], "Name": "regular_2", "Occluders": [], "AbnormWalls": [], "ClosedEnds": [1, 3, 2, 4], "Goals": [[[444, 274], [649, 330], 201, [255, 0, 0]], [[274, 56], [428, 289], 202, [0, 255, 0]]], "Paddle": null, "BKColor": [255, 255, 255]}