{"Dims": [1000, 620], "Walls": [[[598, 34], [856, 137], [0, 0, 0], 1.0], [[742, 137], [938, 239], [0, 0, 0], 1.0], [[182, 134], [357, 434], [0, 0, 0], 1.0]], "Ball": [[430, 528], [168.92408748312968, 247.92065800975914], 20, [0, 0, 255], 1.0], "Name": "regular_48", "Occluders": [], "AbnormWalls": [], "ClosedEnds": [1, 3, 2, 4], "Goals": [[[410, 168], [498, 431], 201, [255, 0, 0]], [[750, 282], [820, 572], 202, [0, 255, 0]]], "Paddle": null, "BKColor": [255, 255, 255]}