{"Dims": [1000, 620], "Walls": [[[306, 55], [557, 213], [0, 0, 0], 1.0]], "Ball": [[843, 544], [194.1870692723658, 228.67309008147285], 20, [0, 0, 255], 1.0], "Name": "regular_3", "Occluders": [], "AbnormWalls": [], "ClosedEnds": [1, 3, 2, 4], "Goals": [[[675, 426], [894, 512], 201, [255, 0, 0]], [[124, 41], [195, 166], 202, [0, 255, 0]]], "Paddle": null, "BKColor": [255, 255, 255]}