{"Dims": [1000, 620], "Walls": [[[415, 442], [658, 541], [0, 0, 0], 1.0]], "Ball": [[643, 325], [274.4756252591818, 121.09141645294751], 20, [0, 0, 255], 1.0], "Name": "regular_18", "Occluders": [], "AbnormWalls": [], "ClosedEnds": [1, 3, 2, 4], "Goals": [[[58, 234], [145, 363], 201, [255, 0, 0]], [[161, 214], [288, 363], 202, [0, 255, 0]]], "Paddle": null, "BKColor": [255, 255, 255]}