{"Dims": [1000, 620], "Walls": [[[30, 320], [229, 573], [0, 0, 0], 1.0], [[446, 59], [676, 236], [0, 0, 0], 1.0], [[777, 206], [921, 345], [0, 0, 0], 1.0], [[187, 15], [252, 74], [0, 0, 0], 1.0]], "Ball": [[333, 195], [272.0045291553888, 126.5446013030791], 20, [0, 0, 255], 1.0], "Name": "regular_91", "Occluders": [], "AbnormWalls": [], "ClosedEnds": [1, 3, 2, 4], "Goals": [[[805, 370], [995, 596], 201, [255, 0, 0]], [[416, 281], [631, 402], 202, [0, 255, 0]]], "Paddle": null, "BKColor": [255, 255, 255]}