{"Dims": [1000, 620], "Walls": [[[717, 19], [965, 240], [0, 0, 0], 1.0], [[221, 47], [335, 273], [0, 0, 0], 1.0]], "Ball": [[646, 169], [295.8050045513931, 49.99399246259802], 20, [0, 0, 255], 1.0], "Name": "regular_25", "Occluders": [], "AbnormWalls": [], "ClosedEnds": [1, 3, 2, 4], "Goals": [[[636, 403], [712, 575], 201, [255, 0, 0]], [[261, 307], [430, 607], 202, [0, 255, 0]]], "Paddle": null, "BKColor": [255, 255, 255]}