{"Dims": [1000, 620], "Walls": [[[869, 206], [889, 527], [0, 0, 0], 1.0], [[216, 189], [889, 207], [0, 0, 0], 1.0], [[216, 40], [238, 189], [0, 0, 0], 1.0], [[70, 20], [238, 41], [0, 0, 0], 1.0], [[70, 342], [762, 359], [0, 0, 0], 1.0], [[70, 22], [89, 358], [0, 0, 0], 1.0], [[741, 509], [877, 527], [0, 0, 0], 1.0], [[741, 357], [762, 522], [0, 0, 0], 1.0]], "Ball": [[456, 257], [-195.88188662083883, 227.22298848017303], 20, [0, 0, 255], 1.0], "Name": "size_2_c", "Occluders": [], "AbnormWalls": [], "ClosedEnds": [1, 3, 2, 4], "Goals": [[[758, 24], [878, 79], 201, [255, 0, 0]], [[110, 61], [199, 92], 202, [0, 255, 0]]], "Paddle": null, "BKColor": [255, 255, 255]}