{"Dims": [1000, 620], "Walls": [[[852, 358], [862, 519], [0, 0, 0], 1.0], [[148, 510], [858, 519], [0, 0, 0], 1.0], [[148, 96], [159, 519], [0, 0, 0], 1.0], [[148, 94], [290, 106], [0, 0, 0], 1.0], [[277, 355], [862, 364], [0, 0, 0], 1.0], [[277, 96], [290, 362], [0, 0, 0], 1.0]], "Ball": [[214, 413], [203.11695924626497, 220.7793035285489], 20, [0, 0, 255], 1.0], "Name": "size_4_b", "Occluders": [], "AbnormWalls": [], "ClosedEnds": [1, 3, 2, 4], "Goals": [[[307, 273], [401, 344], 201, [255, 0, 0]], [[831, 367], [848, 505], 202, [0, 255, 0]]], "Paddle": null, "BKColor": [255, 255, 255]}