{"Dims": [1000, 620], "Walls": [[[74, 12], [100, 328], [0, 0, 0], 1.0], [[100, 12], [312, 38], [0, 0, 0], 1.0], [[100, 302], [284, 328], [0, 0, 0], 1.0], [[151, 328], [177, 499], [0, 0, 0], 1.0], [[177, 328], [284, 343], [0, 0, 0], 1.0], [[177, 473], [559, 499], [0, 0, 0], 1.0], [[286, 38], [474, 51], [0, 0, 0], 1.0], [[312, 25], [474, 38], [0, 0, 0], 1.0], [[448, 10], [555, 25], [0, 0, 0], 1.0], [[474, 25], [555, 36], [0, 0, 0], 1.0], [[529, 36], [555, 166], [0, 0, 0], 1.0], [[533, 469], [576, 473], [0, 0, 0], 1.0], [[550, 225], [576, 469], [0, 0, 0], 1.0], [[555, 140], [676, 166], [0, 0, 0], 1.0], [[559, 473], [576, 495], [0, 0, 0], 1.0], [[576, 225], [676, 251], [0, 0, 0], 1.0], [[650, 166], [676, 225], [0, 0, 0], 1.0]], "Ball": [[138, 254], [283.73495717535536, 97.43959193623118], 20, [0, 0, 255], 1.0], "Name": "RandomTrial_0001", "Occluders": [], "AbnormWalls": [], "ClosedEnds": [1, 3, 2, 4], "Goals": [[[169, 54], [240, 86], 201, [255, 0, 0]], [[748, 522], [787, 551], 202, [0, 255, 0]]], "Paddle": null, "BKColor": [255, 255, 255]}