{"Dims": [1000, 620], "Walls": [[[75, 240], [101, 429], [0, 0, 0], 1.0], [[101, 240], [142, 266], [0, 0, 0], 1.0], [[101, 403], [287, 429], [0, 0, 0], 1.0], [[116, 56], [142, 240], [0, 0, 0], 1.0], [[142, 56], [256, 82], [0, 0, 0], 1.0], [[230, 13], [256, 56], [0, 0, 0], 1.0], [[256, 13], [678, 39], [0, 0, 0], 1.0], [[261, 310], [287, 403], [0, 0, 0], 1.0], [[287, 310], [341, 336], [0, 0, 0], 1.0], [[315, 336], [341, 420], [0, 0, 0], 1.0], [[341, 394], [414, 420], [0, 0, 0], 1.0], [[388, 310], [420, 394], [0, 0, 0], 1.0], [[414, 394], [442, 403], [0, 0, 0], 1.0], [[416, 403], [442, 500], [0, 0, 0], 1.0], [[420, 352], [425, 394], [0, 0, 0], 1.0], [[425, 377], [442, 394], [0, 0, 0], 1.0], [[442, 474], [758, 500], [0, 0, 0], 1.0], [[652, 39], [839, 45], [0, 0, 0], 1.0], [[652, 194], [678, 261], [0, 0, 0], 1.0], [[678, 19], [839, 39], [0, 0, 0], 1.0], [[678, 194], [839, 220], [0, 0, 0], 1.0], [[678, 235], [835, 261], [0, 0, 0], 1.0], [[732, 500], [758, 544], [0, 0, 0], 1.0], [[758, 518], [961, 544], [0, 0, 0], 1.0], [[809, 261], [835, 352], [0, 0, 0], 1.0], [[813, 45], [839, 194], [0, 0, 0], 1.0], [[835, 326], [961, 352], [0, 0, 0], 1.0], [[935, 352], [961, 518], [0, 0, 0], 1.0]], "Ball": [[179, 308], [22.95807139395244, -299.12025501104097], 20, [0, 0, 255], 1.0], "Name": "RandomTrial_0000", "Occluders": [], "AbnormWalls": [], "ClosedEnds": [1, 3, 2, 4], "Goals": [[[325, 49], [381, 107], 201, [255, 0, 0]], [[201, 539], [263, 559], 202, [0, 255, 0]]], "Paddle": null, "BKColor": [255, 255, 255]}