{"Dims": [1000, 620], "Walls": [[[13, 95], [39, 414], [0, 0, 0], 1.0], [[16, 414], [355, 434], [0, 0, 0], 1.0], [[39, 95], [190, 121], [0, 0, 0], 1.0], [[39, 388], [42, 414], [0, 0, 0], 1.0], [[42, 408], [355, 414], [0, 0, 0], 1.0], [[164, 76], [235, 95], [0, 0, 0], 1.0], [[190, 95], [235, 102], [0, 0, 0], 1.0], [[209, 42], [235, 76], [0, 0, 0], 1.0], [[235, 42], [544, 68], [0, 0, 0], 1.0], [[329, 434], [355, 521], [0, 0, 0], 1.0], [[355, 495], [779, 521], [0, 0, 0], 1.0], [[514, 93], [540, 179], [0, 0, 0], 1.0], [[518, 68], [544, 93], [0, 0, 0], 1.0], [[540, 93], [544, 119], [0, 0, 0], 1.0], [[540, 153], [570, 179], [0, 0, 0], 1.0], [[544, 179], [570, 246], [0, 0, 0], 1.0], [[570, 220], [599, 246], [0, 0, 0], 1.0], [[573, 246], [599, 280], [0, 0, 0], 1.0], [[599, 254], [705, 280], [0, 0, 0], 1.0], [[679, 236], [1000, 254], [0, 0, 0], 1.0], [[705, 254], [1000, 262], [0, 0, 0], 1.0], [[753, 521], [779, 620], [0, 0, 0], 1.0], [[779, 596], [858, 620], [0, 0, 0], 1.0], [[832, 453], [858, 596], [0, 0, 0], 1.0], [[858, 453], [1000, 479], [0, 0, 0], 1.0], [[974, 262], [1000, 453], [0, 0, 0], 1.0]], "Ball": [[773, 335], [-203.8367762447426, 220.1148987464291], 20, [0, 0, 255], 1.0], "Name": "RandomTrial_0002", "Occluders": [], "AbnormWalls": [], "ClosedEnds": [1, 3, 2, 4], "Goals": [[[82, 240], [132, 305], 201, [255, 0, 0]], [[338, 562], [376, 591], 202, [0, 255, 0]]], "Paddle": null, "BKColor": [255, 255, 255]}