{"Dims": [1000, 620], "Walls": [[[32, 9], [58, 206], [0, 0, 0], 1.0], [[58, 9], [496, 35], [0, 0, 0], 1.0], [[58, 180], [329, 206], [0, 0, 0], 1.0], [[64, 353], [90, 620], [0, 0, 0], 1.0], [[81, 206], [107, 353], [0, 0, 0], 1.0], [[90, 353], [107, 379], [0, 0, 0], 1.0], [[90, 596], [453, 620], [0, 0, 0], 1.0], [[107, 206], [329, 228], [0, 0, 0], 1.0], [[427, 535], [453, 596], [0, 0, 0], 1.0], [[453, 535], [519, 561], [0, 0, 0], 1.0], [[470, 35], [496, 121], [0, 0, 0], 1.0], [[487, 121], [513, 257], [0, 0, 0], 1.0], [[493, 406], [543, 459], [0, 0, 0], 1.0], [[493, 459], [519, 535], [0, 0, 0], 1.0], [[496, 95], [513, 121], [0, 0, 0], 1.0], [[513, 231], [658, 257], [0, 0, 0], 1.0], [[543, 433], [630, 459], [0, 0, 0], 1.0], [[604, 459], [893, 471], [0, 0, 0], 1.0], [[630, 445], [893, 459], [0, 0, 0], 1.0], [[632, 257], [658, 370], [0, 0, 0], 1.0], [[644, 370], [893, 374], [0, 0, 0], 1.0], [[658, 344], [670, 370], [0, 0, 0], 1.0], [[670, 348], [893, 370], [0, 0, 0], 1.0], [[867, 374], [893, 445], [0, 0, 0], 1.0]], "Ball": [[124, 139], [43.7261768795291, 296.79626253627276], 20, [0, 0, 255], 1.0], "Name": "sample", "Occluders": [], "AbnormWalls": [], "ClosedEnds": [1, 3, 2, 4], "Goals": [[[164, 507], [197, 538], 201, [255, 0, 0]], [[881, 257], [927, 287], 202, [0, 255, 0]]], "Paddle": null, "BKColor": [255, 255, 255]}