{"regular_29": {"p_red": 0.7214, "p_green": 0.2786, "avg_time": 5.490729999999995, "goal": "R", "avg_bounces": 3.4294}, "regular_28": {"p_red": 0.8176, "p_green": 0.1824, "avg_time": 2.5791400000000024, "goal": "R", "avg_bounces": 1.764}, "regular_23": {"p_red": 0.541, "p_green": 0.4488, "avg_time": 11.035259999999974, "goal": "R", "avg_bounces": 6.6572}, "regular_22": {"p_red": 0.6512, "p_green": 0.3448, "avg_time": 6.756089999999993, "goal": "G", "avg_bounces": 22.016}, "regular_21": {"p_red": 0.3028, "p_green": 0.6968, "avg_time": 5.01427, "goal": "R", "avg_bounces": 6.1114}, "regular_20": {"p_red": 0.428, "p_green": 0.572, "avg_time": 5.193419999999974, "goal": "G", "avg_bounces": 3.09}, "regular_27": {"p_red": 0.5672, "p_green": 0.4308, "avg_time": 8.370220000000037, "goal": "G", "avg_bounces": 5.568}, "regular_26": {"p_red": 0.9998, "p_green": 0.0, "avg_time": 5.692840000000023, "goal": "R", "avg_bounces": 6.1546}, "regular_25": {"p_red": 0.4154, "p_green": 0.5844, "avg_time": 4.005959999999997, "goal": "R", "avg_bounces": 3.1312}, "regular_24": {"p_red": 0.1644, "p_green": 0.8356, "avg_time": 3.6936799999999965, "goal": "G", "avg_bounces": 3.175}, "regular_58": {"p_red": 0.7208, "p_green": 0.2786, "avg_time": 6.8839400000000195, "goal": "G", "avg_bounces": 5.1468}, "regular_59": {"p_red": 0.5246, "p_green": 0.4754, "avg_time": 4.879050000000005, "goal": "R", "avg_bounces": 3.8428}, "regular_56": {"p_red": 0.8946, "p_green": 0.1052, "avg_time": 4.5631300000000055, "goal": "R", "avg_bounces": 4.8476}, "regular_57": {"p_red": 0.3492, "p_green": 0.6508, "avg_time": 3.758949999999991, "goal": "G", "avg_bounces": 2.4526}, "regular_54": {"p_red": 0.4182, "p_green": 0.5816, "avg_time": 6.410200000000009, "goal": "R", "avg_bounces": 5.245}, "regular_55": {"p_red": 0.3952, "p_green": 0.6032, "avg_time": 8.575110000000006, "goal": "G", "avg_bounces": 8.5404}, "regular_52": {"p_red": 0.4386, "p_green": 0.5608, "avg_time": 7.967729999999999, "goal": "R", "avg_bounces": 8.0198}, "regular_53": {"p_red": 0.3828, "p_green": 0.6136, "avg_time": 9.14767000000002, "goal": "R", "avg_bounces": 10.0242}, "regular_50": {"p_red": 0.216, "p_green": 0.784, "avg_time": 4.870170000000012, "goal": "R", "avg_bounces": 4.1056}, "regular_51": {"p_red": 0.0634, "p_green": 0.9352, "avg_time": 7.837749999999997, "goal": "G", "avg_bounces": 10.3932}, "regular_49": {"p_red": 0.3002, "p_green": 0.6998, "avg_time": 4.628700000000005, "goal": "R", "avg_bounces": 3.2728}, "regular_48": {"p_red": 0.4644, "p_green": 0.5356, "avg_time": 3.4229100000000123, "goal": "R", "avg_bounces": 2.8556}, "regular_45": {"p_red": 0.6588, "p_green": 0.341, "avg_time": 5.227970000000008, "goal": "G", "avg_bounces": 3.1624}, "regular_44": {"p_red": 0.455, "p_green": 0.5448, "avg_time": 7.998520000000007, "goal": "G", "avg_bounces": 6.7936}, "regular_47": {"p_red": 0.3142, "p_green": 0.6856, "avg_time": 4.922640000000004, "goal": "R", "avg_bounces": 3.4194}, "regular_46": {"p_red": 0.501, "p_green": 0.4988, "avg_time": 6.450120000000004, "goal": "G", "avg_bounces": 5.912}, "regular_41": {"p_red": 0.8816, "p_green": 0.1178, "avg_time": 6.97489000000001, "goal": "R", "avg_bounces": 7.7984}, "regular_40": {"p_red": 0.4998, "p_green": 0.4992, "avg_time": 6.632019999999988, "goal": "R", "avg_bounces": 3.5534}, "regular_43": {"p_red": 0.3276, "p_green": 0.6722, "avg_time": 4.927429999999991, "goal": "R", "avg_bounces": 3.5242}, "regular_42": {"p_red": 0.5072, "p_green": 0.4928, "avg_time": 2.61397, "goal": "G", "avg_bounces": 1.9382}, "regular_70": {"p_red": 0.4474, "p_green": 0.5526, "avg_time": 3.6134499999999976, "goal": "G", "avg_bounces": 2.3036}, "regular_71": {"p_red": 0.7678, "p_green": 0.232, "avg_time": 4.413160000000003, "goal": "R", "avg_bounces": 3.4402}, "regular_72": {"p_red": 0.8292, "p_green": 0.1704, "avg_time": 7.984400000000011, "goal": "R", "avg_bounces": 12.7818}, "regular_73": {"p_red": 0.1854, "p_green": 0.738, "avg_time": 15.620040000000076, "goal": "G", "avg_bounces": 23.707}, "regular_74": {"p_red": 0.601, "p_green": 0.399, "avg_time": 6.20173000000001, "goal": "G", "avg_bounces": 7.8234}, "regular_75": {"p_red": 0.6038, "p_green": 0.3946, "avg_time": 7.75949000000002, "goal": "R", "avg_bounces": 8.5706}, "regular_76": {"p_red": 0.912, "p_green": 0.0764, "avg_time": 13.848900000000059, "goal": "R", "avg_bounces": 15.0192}, "regular_77": {"p_red": 0.0002, "p_green": 0.9998, "avg_time": 2.316709999999992, "goal": "G", "avg_bounces": 1.9318}, "regular_78": {"p_red": 0.8006, "p_green": 0.1786, "avg_time": 13.200840000000037, "goal": "G", "avg_bounces": 19.9738}, "regular_79": {"p_red": 0.2444, "p_green": 0.7094, "avg_time": 16.545190000000172, "goal": "G", "avg_bounces": 18.366}, "regular_92": {"p_red": 0.763, "p_green": 0.2354, "avg_time": 9.073300000000028, "goal": "R", "avg_bounces": 9.9808}, "regular_93": {"p_red": 0.614, "p_green": 0.3406, "avg_time": 19.19383000000006, "goal": "G", "avg_bounces": 22.9384}, "regular_90": {"p_red": 0.7196, "p_green": 0.2804, "avg_time": 5.900530000000017, "goal": "G", "avg_bounces": 15.414}, "regular_91": {"p_red": 0.1002, "p_green": 0.899, "avg_time": 5.544009999999968, "goal": "R", "avg_bounces": 6.3036}, "regular_94": {"p_red": 0.7642, "p_green": 0.2358, "avg_time": 2.6507400000000096, "goal": "G", "avg_bounces": 2.4642}, "regular_95": {"p_red": 0.1112, "p_green": 0.8884, "avg_time": 7.175200000000023, "goal": "G", "avg_bounces": 9.517}, "regular_0": {"p_red": 0.4942, "p_green": 0.5056, "avg_time": 3.2196300000000084, "goal": "R", "avg_bounces": 1.5422}, "regular_1": {"p_red": 0.5126, "p_green": 0.4862, "avg_time": 7.649730000000011, "goal": "G", "avg_bounces": 4.5578}, "regular_2": {"p_red": 0.648, "p_green": 0.3516, "avg_time": 5.982610000000002, "goal": "G", "avg_bounces": 4.091}, "regular_3": {"p_red": 0.9108, "p_green": 0.0892, "avg_time": 3.2875400000000083, "goal": "R", "avg_bounces": 2.2206}, "regular_4": {"p_red": 0.8102, "p_green": 0.1884, "avg_time": 6.10902000000002, "goal": "R", "avg_bounces": 4.3824}, "regular_5": {"p_red": 0.5288, "p_green": 0.471, "avg_time": 5.4459, "goal": "R", "avg_bounces": 2.802}, "regular_6": {"p_red": 0.7398, "p_green": 0.2602, "avg_time": 3.7808300000000004, "goal": "G", "avg_bounces": 2.5236}, "regular_7": {"p_red": 0.0924, "p_green": 0.9076, "avg_time": 3.7991600000000036, "goal": "G", "avg_bounces": 2.5322}, "regular_8": {"p_red": 0.6562, "p_green": 0.3426, "avg_time": 6.50691, "goal": "R", "avg_bounces": 4.4916}, "regular_9": {"p_red": 0.6174, "p_green": 0.3826, "avg_time": 3.4576799999999888, "goal": "R", "avg_bounces": 1.6666}, "regular_67": {"p_red": 0.0498, "p_green": 0.9502, "avg_time": 3.7790100000000044, "goal": "G", "avg_bounces": 3.1042}, "regular_66": {"p_red": 0.4458, "p_green": 0.5494, "avg_time": 9.72692, "goal": "R", "avg_bounces": 9.23}, "regular_65": {"p_red": 0.7098, "p_green": 0.2902, "avg_time": 6.071000000000006, "goal": "G", "avg_bounces": 4.5288}, "regular_64": {"p_red": 0.3402, "p_green": 0.6596, "avg_time": 4.597970000000024, "goal": "G", "avg_bounces": 3.907}, "regular_63": {"p_red": 0.543, "p_green": 0.4564, "avg_time": 7.226300000000035, "goal": "R", "avg_bounces": 8.261}, "regular_62": {"p_red": 0.1924, "p_green": 0.8066, "avg_time": 5.691910000000002, "goal": "G", "avg_bounces": 5.948}, "regular_61": {"p_red": 0.8662, "p_green": 0.1338, "avg_time": 3.916519999999993, "goal": "R", "avg_bounces": 3.4888}, "regular_60": {"p_red": 0.7012, "p_green": 0.2966, "avg_time": 6.908970000000007, "goal": "R", "avg_bounces": 8.3954}, "regular_69": {"p_red": 0.4552, "p_green": 0.544, "avg_time": 9.056410000000017, "goal": "G", "avg_bounces": 8.5602}, "regular_68": {"p_red": 0.5692, "p_green": 0.4308, "avg_time": 5.240420000000012, "goal": "R", "avg_bounces": 5.2366}, "regular_89": {"p_red": 0.4972, "p_green": 0.5028, "avg_time": 3.1865000000000023, "goal": "R", "avg_bounces": 2.5384}, "regular_88": {"p_red": 0.8822, "p_green": 0.1144, "avg_time": 8.344539999999999, "goal": "G",