{"Dims": [1000, 620], "Walls": [[[492, 392], [513, 490], [0, 0, 0], 1.0], [[346, 276], [367, 398], [0, 0, 0], 1.0], [[253, 258], [367, 282], [0, 0, 0], 1.0], [[595, 0], [612, 38], [0, 0, 0], 1.0], [[857, 0], [878, 132], [0, 0, 0], 1.0], [[814, 315], [1000, 338], [0, 0, 0], 1.0], [[420, 375], [603, 392], [0, 0, 0], 1.0], [[600, 375], [620, 460], [0, 0, 0], 1.0], [[708, 123], [733, 222], [0, 0, 0], 1.0], [[381, 488], [402, 600], [0, 0, 0], 1.0], [[494, 220], [745, 256], [0, 0, 0], 1.0], [[481, 131], [505, 256], [0, 0, 0], 1.0], [[481, 0], [503, 42], [0, 0, 0], 1.0], [[166, 109], [505, 134], [0, 0, 0], 1.0], [[0, 236], [95, 260], [0, 0, 0], 1.0], [[93, 359], [260, 385], [0, 0, 0], 1.0], [[0, 494], [108, 518], [0, 0, 0], 1.0], [[225, 109], [262, 600], [0, 0, 0], 1.0], [[600, 454], [1000, 479], [0, 0, 0], 1.0], [[414, 236], [438, 392], [0, 0, 0], 1.0], [[424, 236], [529, 256], [0, 0, 0], 1.0]], "Ball": [[84, 86], [-260.8369672178305, 148.20282228285822], 20, [0, 0, 255], 1.0], "Name": "complex_6_c", "Occluders": [], "AbnormWalls": [], "ClosedEnds": [1, 3, 2, 4], "Goals": [[[840, 489], [1000, 600], 201, [255, 0, 0]], [[0, 523], [78, 600], 202, [0, 255, 0]]], "Paddle": null, "BKColor": [255, 255, 255]}