{"Dims": [1000, 620], "Walls": [[[606, 456], [636, 555], [0, 0, 0], 1.0], [[514, 436], [636, 461], [0, 0, 0], 1.0], [[449, 66], [463, 134], [0, 0, 0], 1.0], [[750, 0], [765, 563], [0, 0, 0], 1.0], [[236, 542], [759, 562], [0, 0, 0], 1.0], [[231, 0], [253, 562], [0, 0, 0], 1.0], [[233, 126], [761, 145], [0, 0, 0], 1.0], [[243, 236], [351, 296], [0, 0, 0], 1.0], [[644, 136], [662, 290], [0, 0, 0], 1.0], [[407, 406], [437, 547], [0, 0, 0], 1.0]], "Ball": [[562, 234], [-246.90777769300757, 170.40114235151225], 20, [0, 0, 255], 1.0], "Name": "complex_4_b", "Occluders": [], "AbnormWalls": [], "ClosedEnds": [1, 3, 2, 4], "Goals": [[[263, 67], [420, 117], 201, [255, 0, 0]], [[270, 471], [395, 532], 202, [0, 255, 0]]], "Paddle": null, "BKColor": [255, 255, 255]}