{"Dims": [1000, 600], "Walls": [[[674, 157], [674, 157], [0, 0, 0], 1.0], [[497, 155], [677, 177], [0, 0, 0], 1.0], [[473, 82], [902, 103], [0, 0, 0], 1.0], [[213, 408], [236, 529], [0, 0, 0], 1.0], [[570, 383], [814, 409], [0, 0, 0], 1.0], [[784, 253], [817, 409], [0, 0, 0], 1.0], [[861, 83], [902, 484], [0, 0, 0], 1.0], [[570, 458], [873, 484], [0, 0, 0], 1.0], [[646, 251], [817, 280], [0, 0, 0], 1.0], [[644, 155], [677, 280], [0, 0, 0], 1.0], [[167, 408], [235, 431], [0, 0, 0], 1.0], [[164, 0], [197, 199], [0, 0, 0], 1.0], [[497, 155], [527, 304], [0, 0, 0], 1.0], [[164, 169], [317, 200], [0, 0, 0], 1.0], [[290, 171], [317, 328], [0, 0, 0], 1.0], [[164, 299], [311, 328], [0, 0, 0], 1.0], [[501, 256], [501, 256], [0, 0, 0], 1.0], [[364, 252], [516, 285], [0, 0, 0], 1.0], [[570, 395], [597, 469], [0, 0, 0], 1.0], [[364, 253], [390, 458], [0, 0, 0], 1.0], [[0, 228], [97, 254], [0, 0, 0], 1.0], [[56, 516], [91, 600], [0, 0, 0], 1.0], [[214, 503], [437, 529], [0, 0, 0], 1.0], [[785, 0], [810, 99], [0, 0, 0], 1.0], [[365, 435], [433, 458], [0, 0, 0], 1.0], [[164, 299], [196, 431], [0, 0, 0], 1.0], [[412, 435], [437, 526], [0, 0, 0], 1.0], [[0, 408], [75, 440], [0, 0, 0], 1.0], [[44, 346], [75, 429], [0, 0, 0], 1.0]], "Ball": [[959, 492], [-185.5678818993782, 235.72136349380474], 20, [0, 0, 255], 1.0], "Name": "complex_2_c", "Occluders": [], "AbnormWalls": [], "ClosedEnds": [1, 3, 2, 4], "Goals": [[[214, 22], [375, 132], 201, [255, 0, 0]], [[399, 399], [568, 431], 202, [0, 255, 0]]], "Paddle": null, "BKColor": [255, 255, 255]}