{"Dims": [1000, 620], "Walls": [[[263, 0], [290, 96], [0, 0, 0], 1.0], [[0, 312], [234, 327], [0, 0, 0], 1.0], [[232, 275], [254, 327], [0, 0, 0], 1.0], [[723, 0], [749, 93], [0, 0, 0], 1.0], [[725, 180], [752, 620], [0, 0, 0], 1.0], [[175, 249], [731, 276], [0, 0, 0], 1.0]], "Ball": [[525, 178], [229.28744505236725, -193.46128176293487], 20, [0, 0, 255], 1.0], "Name": "complex_1_b", "Occluders": [], "AbnormWalls": [], "ClosedEnds": [1, 3, 2, 4], "Goals": [[[127, 337], [262, 419], 201, [255, 0, 0]], [[849, 39], [963, 105], 202, [0, 255, 0]]], "Paddle": null, "BKColor": [255, 255, 255]}
