{"Dims": [1000, 620], "Walls": [[[453, 89], [468, 161], [0, 0, 0], 1.0], [[298, 42], [313, 121], [0, 0, 0], 1.0], [[244, 154], [468, 166], [0, 0, 0], 1.0], [[150, 162], [241, 175], [0, 0, 0], 1.0], [[381, 457], [502, 473], [0, 0, 0], 1.0], [[237, 154], [253, 484], [0, 0, 0], 1.0], [[377, 378], [393, 473], [0, 0, 0], 1.0], [[377, 364], [570, 386], [0, 0, 0], 1.0], [[375, 248], [571, 281], [0, 0, 0], 1.0], [[562, 23], [591, 281], [0, 0, 0], 1.0], [[62, 23], [590, 43], [0, 0, 0], 1.0], [[562, 364], [590, 557], [0, 0, 0], 1.0], [[68, 543], [590, 576], [0, 0, 0], 1.0], [[62, 24], [95, 576], [0, 0, 0], 1.0], [[375, 217], [387, 255], [0, 0, 0], 1.0], [[157, 38], [171, 105], [0, 0, 0], 1.0], [[286, 477], [299, 551], [0, 0, 0], 1.0], [[87, 430], [165, 444], [0, 0, 0], 1.0], [[386, 89], [460, 97], [0, 0, 0], 1.0], [[243, 467], [299, 484], [0, 0, 0], 1.0], [[234, 108], [399, 121], [0, 0, 0], 1.0], [[386, 94], [399, 112], [0, 0, 0], 1.0]], "Ball": [[807, 510], [-185.34646557957103, -235.89550164672679], 20, [0, 0, 255], 1.0], "Name": "complex_5_c", "Occluders": [], "AbnormWalls": [], "ClosedEnds": [1, 3, 2, 4], "Goals": [[[131, 254], [213, 381], 201, [255, 0, 0]], [[743, 62], [882, 140], 202, [0, 255, 0]]], "Paddle": null, "BKColor": [255, 255, 255]}