{"Dims": [1000, 620], "Walls": [[[166, 0], [206, 401], [0, 0, 0], 1.0], [[667, 0], [704, 407], [0, 0, 0], 1.0], [[166, 393], [704, 410], [0, 0, 0], 1.0]], "Ball": [[416, 318], [-247.74029456205898, -169.1884938472598], 20, [0, 0, 255], 1.0], "Name": "porous_3_a", "Occluders": [], "AbnormWalls": [], "ClosedEnds": [1, 3, 2, 4], "Goals": [[[224, 507], [666, 544], 201, [255, 0, 0]], [[373, 37], [504, 73], 202, [0, 255, 0]]], "Paddle": null, "BKColor": [255, 255, 255]}