{"Dims": [1000, 600], "Walls": [[[285, 50], [861, 87], [0, 0, 0], 1.0], [[827, 64], [861, 522], [0, 0, 0], 1.0], [[285, 483], [861, 523], [0, 0, 0], 1.0], [[285, 423], [325, 488], [0, 0, 0], 1.0], [[285, 221], [325, 397], [0, 0, 0], 1.0], [[285, 79], [325, 197], [0, 0, 0], 1.0]], "Ball": [[628, 339], [-162.97538344718228, -251.87104714564535], 20, [0, 0, 255], 1.0], "Name": "porous_4_b", "Occluders": [], "AbnormWalls": [], "ClosedEnds": [1, 3, 2, 4], "Goals": [[[48, 75], [142, 528], 201, [255, 0, 0]], [[330, 186], [370, 292], 202, [0, 255, 0]]], "Paddle": null, "BKColor": [255, 255, 255]}