{"Dims": [1000, 600], "Walls": [[[200, 84], [758, 110], [0, 0, 0], 1.0], [[199, 84], [226, 435], [0, 0, 0], 1.0], [[199, 410], [759, 436], [0, 0, 0], 1.0]], "Ball": [[392, 344], [125.6469370391401, -272.4203502176046], 20, [0, 0, 255], 1.0], "Name": "porous_2_a", "Occluders": [], "AbnormWalls": [], "ClosedEnds": [1, 3, 2, 4], "Goals": [[[7, 487], [211, 583], 201, [255, 0, 0]], [[757, 114], [793, 407], 202, [0, 255, 0]]], "Paddle": null, "BKColor": [255, 255, 255]}