{"Dims": [1000, 620], "Walls": [[[549, 86], [645, 118], [0, 0, 0], 1.0], [[201, 86], [289, 116], [0, 0, 0], 1.0], [[432, 86], [516, 118], [0, 0, 0], 1.0], [[324, 86], [402, 117], [0, 0, 0], 1.0], [[431, 409], [529, 441], [0, 0, 0], 1.0], [[558, 409], [641, 441], [0, 0, 0], 1.0], [[670, 409], [759, 442], [0, 0, 0], 1.0], [[676, 87], [752, 119], [0, 0, 0], 1.0], [[200, 86], [232, 165], [0, 0, 0], 1.0], [[198, 373], [229, 437], [0, 0, 0], 1.0], [[198, 410], [276, 438], [0, 0, 0], 1.0], [[308, 411], [404, 439], [0, 0, 0], 1.0], [[197, 194], [230, 259], [0, 0, 0], 1.0], [[196, 285], [229, 350], [0, 0, 0], 1.0]], "Ball": [[391, 344], [126.28113251322422, -272.1269475284973], 20, [0, 0, 255], 1.0], "Name": "porous_2_b", "Occluders": [], "AbnormWalls": [], "ClosedEnds": [1, 3, 2, 4], "Goals": [[[7, 487], [211, 583], 201, [255, 0, 0]], [[757, 114], [793, 407], 202, [0, 255, 0]]], "Paddle": null, "BKColor": [255, 255, 255]}