{"Dims": [1000, 600], "Walls": [[[465, 86], [516, 116], [0, 0, 0], 1.0], [[353, 86], [402, 115], [0, 0, 0], 1.0], [[197, 219], [230, 259], [0, 0, 0], 1.0], [[351, 411], [404, 436], [0, 0, 0], 1.0], [[480, 409], [527, 440], [0, 0, 0], 1.0], [[599, 409], [641, 439], [0, 0, 0], 1.0], [[709, 409], [759, 439], [0, 0, 0], 1.0], [[702, 87], [759, 112], [0, 0, 0], 1.0], [[593, 86], [645, 114], [0, 0, 0], 1.0], [[200, 86], [289, 115], [0, 0, 0], 1.0], [[200, 86], [232, 165], [0, 0, 0], 1.0], [[196, 319], [231, 350], [0, 0, 0], 1.0], [[198, 410], [276, 438], [0, 0, 0], 1.0]], "Ball": [[391, 344], [126.28113251322422, -272.1269475284973], 20, [0, 0, 255], 1.0], "Name": "porous_2_c", "Occluders": [], "AbnormWalls": [], "ClosedEnds": [1, 3, 2, 4], "Goals": [[[7, 487], [211, 583], 201, [255, 0, 0]], [[757, 114], [793, 407], 202, [0, 255, 0]]], "Paddle": null, "BKColor": [255, 255, 255]}