{"Dims": [1000, 600], "Walls": [[[374, 265], [384, 437], [0, 0, 0], 1.0], [[521, 265], [531, 439], [0, 0, 0], 1.0], [[293, 153], [305, 434], [0, 0, 0], 1.0], [[293, 431], [384, 438], [0, 0, 0], 1.0], [[523, 429], [663, 439], [0, 0, 0], 1.0], [[656, 156], [669, 438], [0, 0, 0], 1.0], [[374, 261], [531, 268], [0, 0, 0], 1.0], [[293, 153], [669, 160], [0, 0, 0], 1.0]], "Ball": [[468, 227], [236.116774545392, -185.06449896800993], 20, [0, 0, 255], 1.0], "Name": "size_5_50", "Occluders": [], "AbnormWalls": [], "ClosedEnds": [1, 3, 2, 4], "Goals": [[[409, 275], [505, 303], 201, [255, 0, 0]], [[560, 400], [629, 422], 202, [0, 255, 0]]], "Paddle": null, "BKColor": [255, 255, 255]}