{"Dims": [1000, 600], "Walls": [[[11, 6], [858, 26], [0, 0, 0], 1.0], [[11, 10], [31, 586], [0, 0, 0], 1.0], [[11, 561], [875, 587], [0, 0, 0], 1.0], [[851, 6], [875, 584], [0, 0, 0], 1.0]], "Ball": [[113, 459], [132.8662569668213, -268.9731543474675], 20, [0, 0, 255], 1.0], "Name": "size_1_c", "Occluders": [], "AbnormWalls": [], "ClosedEnds": [1, 3, 2, 4], "Goals": [[[879, 457], [998, 560], 201, [255, 0, 0]], [[712, 29], [846, 126], 202, [0, 255, 0]]], "Paddle": null, "BKColor": [255, 255, 255]}