{"Dims": [1000, 600], "Walls": [[[620, 328], [631, 411], [0, 0, 0], 1.0], [[620, 404], [688, 413], [0, 0, 0], 1.0], [[285, 161], [294, 329], [0, 0, 0], 1.0], [[285, 321], [631, 329], [0, 0, 0], 1.0], [[285, 160], [369, 170], [0, 0, 0], 1.0], [[358, 170], [369, 244], [0, 0, 0], 1.0], [[358, 244], [694, 253], [0, 0, 0], 1.0], [[684, 253], [694, 413], [0, 0, 0], 1.0]], "Ball": [[478, 278], [-195.88188662083883, 227.22298848017303], 20, [0, 0, 255], 1.0], "Name": "size_2_50", "Occluders": [], "AbnormWalls": [], "ClosedEnds": [1, 3, 2, 4], "Goals": [[[629, 162], [689, 189], 201, [255, 0, 0]], [[305, 180], [349, 196], 202, [0, 255, 0]]], "Paddle": null, "BKColor": [255, 255, 255]}