{"Dims": [1000, 600], "Walls": [[[763, 79], [781, 513], [0, 0, 0], 1.0], [[133, 495], [781, 515], [0, 0, 0], 1.0], [[489, 201], [489, 201], [0, 0, 0], 1.0], [[133, 82], [148, 514], [0, 0, 0], 1.0], [[133, 79], [768, 94], [0, 0, 0], 1.0]], "Ball": [[209, 419], [132.8662569668213, -268.9731543474675], 20, [0, 0, 255], 1.0], "Name": "size_1_75", "Occluders": [], "AbnormWalls": [], "ClosedEnds": [1, 3, 2, 4], "Goals": [[[784, 417], [873, 495], 201, [255, 0, 0]], [[659, 96], [759, 169], 202, [0, 255, 0]]], "Paddle": null, "BKColor": [255, 255, 255]}