{"Dims": [1000, 620], "Walls": [[[970, 378], [983, 593], [0, 0, 0], 1.0], [[31, 580], [978, 593], [0, 0, 0], 1.0], [[31, 28], [46, 593], [0, 0, 0], 1.0], [[31, 26], [220, 42], [0, 0, 0], 1.0], [[203, 374], [983, 386], [0, 0, 0], 1.0], [[203, 28], [220, 383], [0, 0, 0], 1.0]], "Ball": [[119, 451], [203.11695924626497, 220.7793035285489], 20, [0, 0, 255], 1.0], "Name": "size_4_c", "Occluders": [], "AbnormWalls": [], "ClosedEnds": [1, 3, 2, 4], "Goals": [[[243, 265], [369, 359], 201, [255, 0, 0]], [[942, 390], [965, 574], 202, [0, 255, 0]]], "Paddle": null, "BKColor": [255, 255, 255]}