{"Dims": [1000, 600], "Walls": [[[680, 342], [696, 466], [0, 0, 0], 1.0], [[680, 456], [782, 470], [0, 0, 0], 1.0], [[177, 91], [191, 343], [0, 0, 0], 1.0], [[177, 331], [696, 344], [0, 0, 0], 1.0], [[177, 90], [303, 105], [0, 0, 0], 1.0], [[287, 105], [303, 216], [0, 0, 0], 1.0], [[287, 216], [791, 230], [0, 0, 0], 1.0], [[776, 229], [791, 470], [0, 0, 0], 1.0]], "Ball": [[467, 267], [-195.88188662083883, 227.22298848017303], 20, [0, 0, 255], 1.0], "Name": "size_2_75", "Occluders": [], "AbnormWalls": [], "ClosedEnds": [1, 3, 2, 4], "Goals": [[[693, 93], [783, 134], 201, [255, 0, 0]], [[207, 120], [274, 144], 202, [0, 255, 0]]], "Paddle": null, "BKColor": [255, 255, 255]}