{"Dims": [1000, 600], "Walls": [[[7, 0], [745, 9], [0, 0, 0], 1.0], [[0, 0], [11, 600], [0, 0, 0], 1.0], [[0, 584], [393, 600], [0, 0, 0], 1.0], [[382, 303], [396, 600], [0, 0, 0], 1.0], [[735, 0], [745, 322], [0, 0, 0], 1.0], [[382, 303], [745, 322], [0, 0, 0], 1.0]], "Ball": [[288, 103], [-235.21374733852844, 186.21088330966836], 20, [0, 0, 255], 1.0], "Name": "size_6_c", "Occluders": [], "AbnormWalls": [], "ClosedEnds": [1, 3, 2, 4], "Goals": [[[418, 328], [613, 488], 201, [255, 0, 0]], [[30, 509], [377, 558], 202, [0, 255, 0]]], "Paddle": null, "BKColor": [255, 255, 255]}