{"Dims": [1000, 600], "Walls": [[[255, 153], [679, 163], [0, 0, 0], 1.0], [[255, 155], [265, 443], [0, 0, 0], 1.0], [[255, 430], [687, 443], [0, 0, 0], 1.0], [[675, 153], [687, 442], [0, 0, 0], 1.0]], "Ball": [[306, 379], [132.8662569668213, -268.9731543474675], 20, [0, 0, 255], 1.0], "Name": "size_1_a", "Occluders": [], "AbnormWalls": [], "ClosedEnds": [1, 3, 2, 4], "Goals": [[[689, 378], [749, 430], 201, [255, 0, 0]], [[606, 164], [673, 213], 202, [0, 255, 0]]], "Paddle": null, "BKColor": [255, 255, 255]}