{"Dims": [1000, 600], "Walls": [[[382, 292], [751, 326], [0, 0, 0], 1.0], [[551, 223], [551, 223], [0, 0, 0], 1.0], [[716, 0], [757, 325], [0, 0, 0], 1.0], [[382, 296], [416, 600], [0, 0, 0], 1.0], [[0, 563], [389, 600], [0, 0, 0], 1.0], [[0, 0], [9, 566], [0, 0, 0], 1.0], [[7, 0], [745, 9], [0, 0, 0], 1.0]], "Ball": [[288, 103], [-235.21374733852844, 186.21088330966836], 20, [0, 0, 255], 1.0], "Name": "size_6", "Occluders": [], "AbnormWalls": [], "ClosedEnds": [1, 3, 2, 4], "Goals": [[[418, 328], [613, 488], 201, [255, 0, 0]], [[30, 509], [377, 558], 202, [0, 255, 0]]], "Paddle": null, "BKColor": [255, 255, 255]}