{"Dims": [1000, 600], "Walls": [[[411, 294], [688, 319], [0, 0, 0], 1.0], [[538, 242], [538, 242], [0, 0, 0], 1.0], [[662, 75], [692, 318], [0, 0, 0], 1.0], [[411, 297], [437, 525], [0, 0, 0], 1.0], [[125, 497], [416, 525], [0, 0, 0], 1.0], [[125, 75], [131, 499], [0, 0, 0], 1.0], [[130, 75], [683, 81], [0, 0, 0], 1.0]], "Ball": [[341, 152], [-235.21374733852844, 186.21088330966836], 20, [0, 0, 255], 1.0], "Name": "size_6_75", "Occluders": [], "AbnormWalls": [], "ClosedEnds": [1, 3, 2, 4], "Goals": [[[438, 321], [584, 441], 201, [255, 0, 0]], [[147, 456], [407, 493], 202, [0, 255, 0]]], "Paddle": null, "BKColor": [255, 255, 255]}