{"Dims": [1000, 600], "Walls": [[[351, 164], [360, 341], [0, 0, 0], 1.0], [[351, 337], [741, 343], [0, 0, 0], 1.0], [[265, 163], [360, 171], [0, 0, 0], 1.0], [[265, 164], [273, 446], [0, 0, 0], 1.0], [[265, 440], [739, 446], [0, 0, 0], 1.0], [[735, 339], [741, 446], [0, 0, 0], 1.0]], "Ball": [[309, 375], [203.11695924626497, 220.7793035285489], 20, [0, 0, 255], 1.0], "Name": "size_4_50", "Occluders": [], "AbnormWalls": [], "ClosedEnds": [1, 3, 2, 4], "Goals": [[[371, 282], [434, 329], 201, [255, 0, 0]], [[721, 345], [732, 437], 202, [0, 255, 0]]], "Paddle": null, "BKColor": [255, 255, 255]}