{"Dims": [1000, 600], "Walls": [[[311, 248], [326, 506], [0, 0, 0], 1.0], [[531, 248], [546, 508], [0, 0, 0], 1.0], [[190, 79], [208, 501], [0, 0, 0], 1.0], [[190, 496], [326, 507], [0, 0, 0], 1.0], [[534, 493], [745, 508], [0, 0, 0], 1.0], [[734, 84], [754, 507], [0, 0, 0], 1.0], [[311, 241], [546, 252], [0, 0, 0], 1.0], [[190, 79], [753, 90], [0, 0, 0], 1.0]], "Ball": [[452, 190], [236.116774545392, -185.06449896800993], 20, [0, 0, 255], 1.0], "Name": "size_5_75", "Occluders": [], "AbnormWalls": [], "ClosedEnds": [1, 3, 2, 4], "Goals": [[[363, 262], [508, 304], 201, [255, 0, 0]], [[590, 450], [694, 483], 202, [0, 255, 0]]], "Paddle": null, "BKColor": [255, 255, 255]}