{"Dims": [1000, 600], "Walls": [[[242, 85], [786, 117], [0, 0, 0], 1.0], [[752, 114], [786, 501], [0, 0, 0], 1.0], [[240, 489], [786, 514], [0, 0, 0], 1.0], [[240, 85], [274, 504], [0, 0, 0], 1.0], [[400, 174], [650, 325], [0, 0, 0], 1.0], [[400, 116], [428, 188], [0, 0, 0], 1.0]], "Ball": [[686, 370], [-262.02812938742596, 146.08647921599854], 20, [0, 0, 255], 1.0], "Name": "size_3_b", "Occluders": [], "AbnormWalls": [], "ClosedEnds": [1, 3, 2, 4], "Goals": [[[164, 98], [236, 167], 201, [255, 0, 0]], [[286, 126], [390, 174], 202, [0, 255, 0]]], "Paddle": null, "BKColor": [255, 255, 255]}