{"Dims": [1000, 620], "Walls": [[[328, 157], [691, 178], [0, 0, 0], 1.0], [[668, 176], [691, 434], [0, 0, 0], 1.0], [[327, 426], [691, 443], [0, 0, 0], 1.0], [[327, 157], [349, 436], [0, 0, 0], 1.0], [[433, 216], [600, 317], [0, 0, 0], 1.0], [[433, 177], [452, 225], [0, 0, 0], 1.0]], "Ball": [[624, 347], [-262.02812938742596, 146.08647921599854], 20, [0, 0, 255], 1.0], "Name": "size_3_a", "Occluders": [], "AbnormWalls": [], "ClosedEnds": [1, 3, 2, 4], "Goals": [[[276, 165], [324, 211], 201, [255, 0, 0]], [[357, 184], [427, 216], 202, [0, 255, 0]]], "Paddle": null, "BKColor": [255, 255, 255]}