{"Dims": [1000, 600], "Walls": [[[281, 379], [483, 420], [0, 0, 0], 1.0], [[274, 217], [483, 257], [0, 0, 0], 1.0], [[268, 379], [330, 600], [0, 0, 0], 1.0], [[268, 0], [330, 256], [0, 0, 0], 1.0]], "Ball": [[81, 429], [242.3372843577627, -176.84072101782687], 20, [0, 0, 255], 1.0], "Name": "stopper_3_a", "Occluders": [], "AbnormWalls": [], "ClosedEnds": [1, 3, 2, 4], "Goals": [[[561, 37], [701, 78], 201, [255, 0, 0]], [[486, 214], [563, 423], 202, [0, 255, 0]]], "Paddle": null, "BKColor": [255, 255, 255]}