{"Dims": [1000, 620], "Walls": [[[556, 212], [618, 246], [0, 0, 0], 1.0], [[139, 78], [179, 559], [0, 0, 0], 1.0], [[589, 76], [808, 112], [0, 0, 0], 1.0], [[589, 78], [623, 246], [0, 0, 0], 1.0], [[353, 211], [424, 246], [0, 0, 0], 1.0], [[353, 78], [391, 228], [0, 0, 0], 1.0], [[162, 78], [375, 115], [0, 0, 0], 1.0], [[802, 76], [839, 559], [0, 0, 0], 1.0], [[147, 527], [826, 559], [0, 0, 0], 1.0]], "Ball": [[484, 460], [-290.6855342854457, -74.17492943835512], 20, [0, 0, 255], 1.0], "Name": "stopper_5_c", "Occluders": [], "AbnormWalls": [], "ClosedEnds": [1, 3, 2, 4], "Goals": [[[394, 80], [587, 148], 201, [255, 0, 0]], [[364, 359], [610, 387], 202, [0, 255, 0]]], "Paddle": null, "BKColor": [255, 255, 255]}