{"Dims": [1000, 600], "Walls": [[[496, 208], [683, 221], [0, 0, 0], 1.0], [[669, 156], [683, 215], [0, 0, 0], 1.0], [[595, 289], [618, 600], [0, 0, 0], 1.0], [[873, 393], [1000, 414], [0, 0, 0], 1.0], [[364, 265], [618, 291], [0, 0, 0], 1.0], [[484, 208], [498, 369], [0, 0, 0], 1.0], [[849, 359], [879, 461], [0, 0, 0], 1.0], [[598, 343], [897, 367], [0, 0, 0], 1.0], [[678, 156], [1000, 171], [0, 0, 0], 1.0], [[266, 238], [282, 440], [0, 0, 0], 1.0], [[592, 146], [608, 208], [0, 0, 0], 1.0]], "Ball": [[379, 406], [-183.65195789742504, -237.217112284174], 20, [0, 0, 255], 1.0], "Name": "tmp", "Occluders": [], "AbnormWalls": [], "ClosedEnds": [1, 3, 2, 4], "Goals": [[[792, 479], [986, 588], 201, [255, 0, 0]], [[819, 8], [990, 112], 202, [0, 255, 0]]], "Paddle": null, "BKColor": [255, 255, 255]}