{"stopper_2_a": {"p_red": 0.0, "p_green": 1.0, "avg_time": 3.8304100000000028, "goal": "G", "avg_bounces": 4.3458}, "stopper_2_b": {"p_red": 0.0, "p_green": 1.0, "avg_time": 6.265490000000009, "goal": "G", "avg_bounces": 7.5516}, "stopper_2_c": {"p_red": 0.0488, "p_green": 0.949, "avg_time": 9.745550000000026, "goal": "G", "avg_bounces": 12.0394}, "stopper_3_a": {"p_red": 0.0, "p_green": 0.8668, "avg_time": 19.745400000000185, "goal": "G", "avg_bounces": 21.8836}, "porous_2_b": {"p_red": 0.0234, "p_green": 0.9764, "avg_time": 4.4800600000000035, "goal": "G", "avg_bounces": 4.8744}, "stopper_3_c": {"p_red": 0.177, "p_green": 0.6588, "avg_time": 22.69544000000027, "goal": "G", "avg_bounces": 24.2848}, "stopper_3_b": {"p_red": 0.069, "p_green": 0.8016, "avg_time": 19.85773000000022, "goal": "G", "avg_bounces": 21.9882}, "complex_6_a": {"p_red": 0.0, "p_green": 0.708, "avg_time": 30.495199999999993, "goal": "G", "avg_bounces": 69.42}, "complex_6_c": {"p_red": 0.0, "p_green": 0.5082, "avg_time": 34.77012999999923, "goal": "G", "avg_bounces": 76.6988}, "complex_6_b": {"p_red": 0.0, "p_green": 0.471, "avg_time": 35.600389999999166, "goal": "G", "avg_bounces": 63.1498}, "complex_4_c": {"p_red": 0.0, "p_green": 0.7508, "avg_time": 22.599620000000492, "goal": "G", "avg_bounces": 53.956}, "complex_4_b": {"p_red": 0.0, "p_green": 0.934, "avg_time": 16.253160000000122, "goal": "G", "avg_bounces": 31.1392}, "complex_4_a": {"p_red": 0.0, "p_green": 0.999, "avg_time": 7.195019999999992, "goal": "G", "avg_bounces": 5.826}, "size_6_a": {"p_red": 0.0506, "p_green": 0.9368, "avg_time": 4.731429999999975, "goal": "G", "avg_bounces": 6.234}, "stopper_6_b": {"p_red": 0.0, "p_green": 0.7654, "avg_time": 24.956090000000444, "goal": "G", "avg_bounces": 29.4784}, "stopper_6_c": {"p_red": 0.0642, "p_green": 0.6984, "avg_time": 25.019280000000492, "goal": "G", "avg_bounces": 29.6918}, "stopper_1_c": {"p_red": 0.1994, "p_green": 0.7766, "avg_time": 11.744740000000032, "goal": "G", "avg_bounces": 16.7096}, "stopper_1_b": {"p_red": 0.0238, "p_green": 0.9552, "avg_time": 10.693390000000004, "goal": "G", "avg_bounces": 15.842}, "stopper_1_a": {"p_red": 0.0, "p_green": 0.9788, "avg_time": 10.719260000000045, "goal": "G", "avg_bounces": 15.7466}, "size_2_b": {"p_red": 0.01, "p_green": 0.9682, "avg_time": 12.640280000000002, "goal": "G", "avg_bounces": 34.1706}, "porous_3_c": {"p_red": 0.1894, "p_green": 0.8104, "avg_time": 4.08095, "goal": "G", "avg_bounces": 3.4066}, "porous_3_b": {"p_red": 0.0012, "p_green": 0.9988, "avg_time": 4.629989999999995, "goal": "G", "avg_bounces": 3.941}, "porous_3_a": {"p_red": 0.0, "p_green": 1.0, "avg_time": 4.704779999999999, "goal": "G", "avg_bounces": 3.9434}, "porous_4_c": {"p_red": 0.1646, "p_green": 0.8346, "avg_time": 5.924190000000004, "goal": "G", "avg_bounces": 4.8748}, "size_2_a": {"p_red": 0.0162, "p_green": 0.9754, "avg_time": 9.644640000000003, "goal": "G", "avg_bounces": 48.3944}, "porous_2_c": {"p_red": 0.2576, "p_green": 0.7424, "avg_time": 5.425910000000007, "goal": "G", "avg_bounces": 7.1096}, "size_2_c": {"p_red": 0.0, "p_green": 0.9552, "avg_time": 15.385880000000071, "goal": "G", "avg_bounces": 28.484}, "porous_2_a": {"p_red": 0.0, "p_green": 1.0, "avg_time": 4.564200000000003, "goal": "G", "avg_bounces": 4.1448}, "stopper_4_b": {"p_red": 0.0, "p_green": 0.9936, "avg_time": 8.831120000000006, "goal": "G", "avg_bounces": 12.3466}, "stopper_4_c": {"p_red": 0.1186, "p_green": 0.8638, "avg_time": 9.99842000000002, "goal": "G", "avg_bounces": 13.5176}, "stopper_4_a": {"p_red": 0.0, "p_green": 1.0, "avg_time": 3.251400000000002, "goal": "G", "avg_bounces": 3.9896}, "stopper_5_c": {"p_red": 0.0222, "p_green": 0.9778, "avg_time": 3.2255500000000006, "goal": "G", "avg_bounces": 3.2298}, "stopper_5_b": {"p_red": 0.0, "p_green": 1.0, "avg_time": 4.075150000000007, "goal": "G", "avg_bounces": 3.9444}, "stopper_5_a": {"p_red": 0.0, "p_green": 1.0, "avg_time": 5.502060000000018, "goal": "G", "avg_bounces": 5.3294}, "porous_5_a": {"p_red": 0.0006, "p_green": 0.9512, "avg_time": 15.936280000000043, "goal": "G", "avg_bounces": 34.4048}, "porous_5_c": {"p_red": 0.3166, "p_green": 0.6764, "avg_time": 10.37272000000006, "goal": "G", "avg_bounces": 22.8746}, "porous_5_b": {"p_red": 0.0182, "p_green": 0.9364, "avg_time": 15.186640000000066, "goal": "G", "avg_bounces": 33.0898}, "size_1_b": {"p_red": 0.0, "p_green": 0.9924, "avg_time": 11.114310000000057, "goal": "G", "avg_bounces": 8.5476}, "size_1_c": {"p_red": 0.0, "p_green": 0.9694, "avg_time": 14.829490000000034, "goal": "G", "avg_bounces": 8.5356}, "size_1_a": {"p_red": 0.0048, "p_green": 0.995, "avg_time": 7.283340000000007, "goal": "G", "avg_bounces": 8.5368}, "porous_6_b": {"p_red": 0.0004, "p_green": 0.9994, "avg_time": 5.008110000000008, "goal": "G", "avg_bounces": 2.833}, "porous_6_c": {"p_red": 0.1596, "p_green": 0.8404, "avg_time": 4.570030000000007, "goal": "G", "avg_bounces": 2.5052}, "size_6_c": {"p_red": 0.0, "p_green": 0.9964, "avg_time": 6.999680000000013, "goal": "G", "avg_bounces": 5.3988}, "porous_6_a": {"p_red": 0.0, "p_green": 0.9996, "avg_time": 5.072979999999997, "goal": "G", "avg_bounces": 2.8472}, "complex_1_b": {"p_red": 0.0, "p_green": 0.7628, "avg_time": 28.01743000000026, "goal": "G", "avg_bounces": 36.9964}, "complex_1_c": {"p_red": 0.0, "p_green": 0.7098, "avg_time": 26.92221000000047, "goal": "G", "avg_bounces": 46.21}, "complex_1_a": {"p_red": 0.0, "p_green": 0.9996, "avg_time": 7.667130000000019, "goal": "G", "avg_bounces": 7.6028}, "porous_1_a": {"p_red": 0.0, "p_green": 1.0, "avg_time": 5.293489999999991, "goal": "G", "avg_bounces": 9.474}, "porous_4_b": {"p_red": 0.0004, "p_green": 0.999, "avg_time": 6.873360000000002, "goal": "G", "avg_bounces": 5.7476}, "porous_1_c": {"p_red": 0.1526, "p_green": 0.8474, "avg_time": 4.795960000000004, "goal": "G", "avg_bounces": 8.3966}, "porous_1_b": {"p_red": 0.001, "p_green": 0.999, "avg_time": 5.217429999999994, "goal": "G", "avg_bounces": 8.9996}, "size_3_a": {"p_red": 0.0034, "p_green": 0.9932, "avg_time": 8.623960000000016, "goal": "G", "avg_bounces": 28.5372}, "size_3_b": {"p_red": 0.0002, "p_green": 0.9748, "avg_time": 13.437470000000024, "goal": "G", "avg_bounces": 27.8252}, "size_3_c": {"p_red": 0.0, "p_green": 0.9488, "avg_time": 16.627880000000054, "goal": "G", "avg_bounces": 24.2964}, "porous_4_a": {"p_red": 0.0, "p_green": 0.9992, "avg_time": 7.104960000000025, "goal": "G", "avg_bounces": 5.9238}, "complex_2_a": {"p_red": 0.0, "p_green": 0.9884, "avg_time": 11.787810000000036, "goal": "G", "avg_bounces": 23.542}, "complex_2_c": {"p_red": 0.0, "p_green": 0.8328, "avg_time": 20.89507000000033, "goal": "G", "avg_bounces": 58.1444}, "complex_2_b": {"p_red": 0.0, "p_green": 0.948, "avg_time": 16.246550000000074, "goal": "G", "avg_bounces": 37.6038}, "size_4_c": {"p_red": 0.0, "p_green": 0.9926, "avg_time": 9.364560000000008, "goal": "G", "avg_bounces": 12.6184}, "size_4_b": {"p_red": 0.0006, "p_green": 0.9982, "avg_time": 6.97512000000002, "goal": "G", "avg_bounces": 13.3906}, "size_4_a": {"p_red": 0.0152, "p_green": 0.9846, "avg_time": 4.3032399999999935, "goal": "G", "avg_bounces": 13.7136}, "complex_5_b": {"p_red": 0.0, "p_green": 0.9852, "avg_time": 7.623350000000012, "goal": "G", "avg_bounces": 13.583}, "complex_5_c": {"p_red": 0.0, "p_green": 0.9732, "avg_time": 8.034059999999991, "goal": "G", "avg_bounces": 16.6546}, "complex_5_a": {"p_red": 0.0, "p_green": 0.9926, "avg_time": 5.638409999999991, "goal": "G", "avg_bounces": 7.4716}, "size_5_b": {"p_red": 0.0054, "p_green": 0.9888, "avg_time": 8.436110000000031, "goal": "G", "avg_bounces": 14.365}, "size_5_c": {"p_red": 0.0, "p_green": 0.9866, "avg_time": 11.851540000000027, "goal": "G", "avg_bounces": 14.6008}, "size_6_b": {"p_red": 0.0, "p_green": 0.9994, "avg_time": 5.342300000000011, "goal": "G", "avg_bounces": 5.1104}, "size_5_a": {"p_red": 0.0006, "p_green": 0.9994, "avg_time": 4.707920000000011, "goal": "G", "avg_bounces": 13.0348},