{"Dims": [1000, 620], "Walls": [[[164, 88], [191, 616], [0, 0, 0, 255], 1.0], [[191, 587], [712, 616], [0, 0, 0, 255], 1.0], [[710, 88], [736, 616], [0, 0, 0, 255], 1.0], [[164, 64], [737, 88], [0, 0, 0, 255], 1.0], [[191, 184], [631, 216], [0, 0, 0, 255], 1.0]], "Ball": [[338, 463], [-288.32079117896507, 82.89222746395245], 20, [0, 0, 255, 255], 1.0], "Name": "QTr1", "Occluders": [], "AbnormWalls": [], "ClosedEnds": [1, 3, 2, 4], "Goals": [[[191, 88], [274, 184], 201, [255, 0, 0, 255]], [[38, 111], [102, 558], 202, [0, 255, 0, 255]]], "Paddle": null, "BKColor": [255, 255, 255, 255]}