{"Dims": [1000, 620], "Walls": [[[416, 487], [745, 546], [0, 0, 0, 255], 1.0], [[257, 366], [577, 405], [0, 0, 0, 255], 1.0], [[390, 233], [746, 282], [0, 0, 0, 255], 1.0], [[257, 89], [848, 138], [0, 0, 0, 255], 1.0], [[745, 233], [1000, 546], [0, 0, 0, 255], 1.0], [[0, 89], [257, 525], [0, 0, 0, 255], 1.0]], "Ball": [[615, 26], [225.77300841206335, 197.55138236055544], 20, [0, 0, 255, 255], 1.0], "Name": "QTr2", "Occluders": [], "AbnormWalls": [], "ClosedEnds": [1, 3, 2, 4], "Goals": [[[269, 504], [396, 589], 201, [255, 0, 0, 255]], [[851, 554], [982, 618], 202, [0, 255, 0, 255]]], "Paddle": null, "BKColor": [255, 255, 255, 255]}