{"Dims": [1000, 620], "Walls": [[[169, 511], [207, 620], [0, 0, 0, 255], 1.0], [[783, 93], [821, 229], [0, 0, 0, 255], 1.0], [[772, 473], [831, 620], [0, 0, 0, 255], 1.0], [[683, 326], [1000, 367], [0, 0, 0, 255], 1.0], [[628, 326], [684, 620], [0, 0, 0, 255], 1.0], [[426, 92], [549, 393], [0, 0, 0, 255], 1.0], [[0, 187], [248, 233], [0, 0, 0, 255], 1.0], [[204, 58], [1000, 94], [0, 0, 0, 255], 1.0], [[83, 477], [207, 511], [0, 0, 0, 255], 1.0], [[279, 483], [373, 620], [0, 0, 0, 255], 1.0], [[612, 627], [700, 700], [0, 0, 0, 255], 1.0]], "Ball": [[396, 31], [-185.34646557957103, 235.89550164672679], 20, [0, 0, 255, 255], 1.0], "Name": "QTr4", "Occluders": [], "AbnormWalls": [], "ClosedEnds": [1, 3, 2, 4], "Goals": [[[33, 516], [141, 602], 201, [255, 0, 0, 255]], [[874, 508], [980, 588], 202, [0, 255, 0, 255]]], "Paddle": null, "BKColor": [255, 255, 255, 255]}