{"Dims": [1000, 620], "Walls": [[[702, 122], [763, 217], [0, 0, 0, 255], 1.0], [[182, 293], [463, 348], [0, 0, 0, 255], 1.0], [[819, 427], [919, 598], [0, 0, 0, 255], 1.0]], "Ball": [[672, 172], [255.02816665820478, 157.98934840980556], 20, [0, 0, 255, 255], 1.0], "Name": "RTr_Bl3_5", "Occluders": [], "AbnormWalls": [], "ClosedEnds": [1, 3, 2, 4], "Goals": [[[123, 9], [233, 108], 201, [255, 0, 0, 255]], [[446, 532], [520, 585], 202, [0, 255, 0, 255]]], "Paddle": null, "BKColor": [255, 255, 255, 255]}