{"Dims": [1000, 620], "Walls": [[[231, 8], [431, 300], [0, 0, 0, 255], 1.0], [[580, 87], [646, 207], [0, 0, 0, 255], 1.0]], "Ball": [[149, 511], [86.92258373455017, 287.1314410455778], 20, [0, 0, 255, 255], 1.0], "Name": "RTr_Bl2_6", "Occluders": [], "AbnormWalls": [], "ClosedEnds": [1, 3, 2, 4], "Goals": [[[704, 170], [847, 391], 201, [255, 0, 0, 255]], [[491, 522], [734, 620], 202, [0, 255, 0, 255]]], "Paddle": null, "BKColor": [255, 255, 255, 255]}