{"Dims": [1000, 620], "Walls": [[[571, 447], [637, 557], [0, 0, 0, 255], 1.0], [[143, 255], [198, 518], [0, 0, 0, 255], 1.0], [[106, 129], [253, 207], [0, 0, 0, 255], 1.0]], "Ball": [[317, 414], [269.82524228882147, 131.12718491517617], 20, [0, 0, 255, 255], 1.0], "Name": "RTr_Bl3_6", "Occluders": [], "AbnormWalls": [], "ClosedEnds": [1, 3, 2, 4], "Goals": [[[277, 125], [499, 346], 201, [255, 0, 0, 255]], [[789, 169], [950, 433], 202, [0, 255, 0, 255]]], "Paddle": null, "BKColor": [255, 255, 255, 255]}