{"Dims": [1000, 620], "Walls": [[[209, 333], [408, 512], [0, 0, 0, 255], 1.0], [[751, 53], [969, 147], [0, 0, 0, 255], 1.0]], "Ball": [[827, 169], [257.6976112002335, 153.5966834983532], 20, [0, 0, 255, 255], 1.0], "Name": "RTr_Bl2_1", "Occluders": [], "AbnormWalls": [], "ClosedEnds": [1, 3, 2, 4], "Goals": [[[60, 301], [181, 579], 201, [255, 0, 0, 255]], [[438, 261], [629, 361], 202, [0, 255, 0, 255]]], "Paddle": null, "BKColor": [255, 255, 255, 255]}