{"Dims": [1000, 620], "Walls": [[[774, 479], [836, 590], [0, 0, 0, 255], 1.0], [[363, 41], [495, 320], [0, 0, 0, 255], 1.0], [[457, 376], [523, 447], [0, 0, 0, 255], 1.0]], "Ball": [[598, 329], [293.3825516328096, 62.663214068716584], 20, [0, 0, 255, 255], 1.0], "Name": "RTr_Bl3_3", "Occluders": [], "AbnormWalls": [], "ClosedEnds": [1, 3, 2, 4], "Goals": [[[122, 265], [272, 544], 201, [255, 0, 0, 255]], [[726, 119], [989, 272], 202, [0, 255, 0, 255]]], "Paddle": null, "BKColor": [255, 255, 255, 255]}