{"Dims": [1000, 620], "Walls": [[[246, 389], [303, 479], [0, 0, 0, 255], 1.0]], "Ball": [[270, 572], [214.70836156764426, 209.52403077675305], 20, [0, 0, 255, 255], 1.0], "Name": "RTr_Bl1_10", "Occluders": [], "AbnormWalls": [], "ClosedEnds": [1, 3, 2, 4], "Goals": [[[134, 188], [306, 272], 201, [255, 0, 0, 255]], [[613, 428], [840, 493], 202, [0, 255, 0, 255]]], "Paddle": null, "BKColor": [255, 255, 255, 255]}