{"Dims": [1000, 620], "Walls": [[[250, 345], [465, 499], [0, 0, 0, 255], 1.0], [[515, 338], [586, 408], [0, 0, 0, 255], 1.0], [[765, 78], [823, 243], [0, 0, 0, 255], 1.0]], "Ball": [[167, 377], [265.36450200897525, 139.93455996832435], 20, [0, 0, 255, 255], 1.0], "Name": "RTr_Bl3_7", "Occluders": [], "AbnormWalls": [], "ClosedEnds": [1, 3, 2, 4], "Goals": [[[361, 16], [459, 294], 201, [255, 0, 0, 255]], [[599, 283], [837, 464], 202, [0, 255, 0, 255]]], "Paddle": null, "BKColor": [255, 255, 255, 255]}