{"Dims": [1000, 620], "Walls": [[[481, 75], [615, 302], [0, 0, 0, 255], 1.0], [[109, 240], [234, 394], [0, 0, 0, 255], 1.0]], "Ball": [[875, 182], [76.4038409026584, 290.1076577674592], 20, [0, 0, 255, 255], 1.0], "Name": "RTr_Bl2_9", "Occluders": [], "AbnormWalls": [], "ClosedEnds": [1, 3, 2, 4], "Goals": [[[379, 137], [435, 423], 201, [255, 0, 0, 255]], [[271, 156], [378, 439], 202, [0, 255, 0, 255]]], "Paddle": null, "BKColor": [255, 255, 255, 255]}