{"Dims": [1000, 620], "Walls": [[[295, 170], [466, 416], [0, 0, 0, 255], 1.0], [[739, 276], [968, 535], [0, 0, 0, 255], 1.0], [[491, 468], [553, 604], [0, 0, 0, 255], 1.0], [[674, 51], [724, 230], [0, 0, 0, 255], 1.0], [[500, 388], [608, 461], [0, 0, 0, 255], 1.0]], "Ball": [[692, 578], [257.96026377026897, 153.15515765253636], 20, [0, 0, 255, 255], 1.0], "Name": "RTr_Bl5_11", "Occluders": [], "AbnormWalls": [], "ClosedEnds": [1, 3, 2, 4], "Goals": [[[157, 44], [400, 160], 201, [255, 0, 0, 255]], [[200, 483], [459, 545], 202, [0, 255, 0, 255]]], "Paddle": null, "BKColor": [255, 255, 255, 255]}