{"Dims": [1000, 620], "Walls": [[[468, 43], [721, 135], [0, 0, 0, 255], 1.0], [[499, 137], [671, 241], [0, 0, 0, 255], 1.0], [[683, 419], [917, 555], [0, 0, 0, 255], 1.0], [[341, 220], [417, 342], [0, 0, 0, 255], 1.0], [[555, 424], [662, 570], [0, 0, 0, 255], 1.0]], "Ball": [[291, 191], [295.60296878895133, 51.175041213059046], 20, [0, 0, 255, 255], 1.0], "Name": "RTr_Bl5_10", "Occluders": [], "AbnormWalls": [], "ClosedEnds": [1, 3, 2, 4], "Goals": [[[39, 434], [322, 536], 201, [255, 0, 0, 255]], [[700, 282], [926, 390], 202, [0, 255, 0, 255]]], "Paddle": null, "BKColor": [255, 255, 255, 255]}