{"Dims": [1000, 620], "Walls": [[[0, 401], [257, 612], [0, 0, 0, 255], 1.0], [[433, 7], [516, 291], [0, 0, 0, 255], 1.0], [[177, 209], [418, 290], [0, 0, 0, 255], 1.0], [[518, 460], [627, 603], [0, 0, 0, 255], 1.0]], "Ball": [[963, 352], [260.58791060146586, 148.6403069438516], 20, [0, 0, 255, 255], 1.0], "Name": "RTr_Bl4_3", "Occluders": [], "AbnormWalls": [], "ClosedEnds": [1, 3, 2, 4], "Goals": [[[160, 316], [357, 373], 201, [255, 0, 0, 255]], [[754, 167], [976, 256], 202, [0, 255, 0, 255]]], "Paddle": null, "BKColor": [255, 255, 255, 255]}