{"Dims": [1000, 620], "Walls": [[[847, 222], [986, 289], [0, 0, 0, 255], 1.0], [[597, 479], [759, 576], [0, 0, 0, 255], 1.0], [[332, 219], [456, 277], [0, 0, 0, 255], 1.0], [[853, 15], [975, 77], [0, 0, 0, 255], 1.0]], "Ball": [[65, 365], [112.73165701355781, 278.0136210817332], 20, [0, 0, 255, 255], 1.0], "Name": "RTr_Bl4_0", "Occluders": [], "AbnormWalls": [], "ClosedEnds": [1, 3, 2, 4], "Goals": [[[494, 30], [664, 279], 201, [255, 0, 0, 255]], [[320, 303], [573, 586], 202, [0, 255, 0, 255]]], "Paddle": null, "BKColor": [255, 255, 255, 255]}