{"Dims": [1000, 620], "Walls": [[[788, 287], [850, 348], [0, 0, 0, 255], 1.0]], "Ball": [[597, 259], [188.45523922563382, 233.41941394924532], 20, [0, 0, 255, 255], 1.0], "Name": "RTr_Bl1_1", "Occluders": [], "AbnormWalls": [], "ClosedEnds": [1, 3, 2, 4], "Goals": [[[122, 290], [297, 531], 201, [255, 0, 0, 255]], [[172, 63], [224, 151], 202, [0, 255, 0, 255]]], "Paddle": null, "BKColor": [255, 255, 255, 255]}