{"Dims": [1000, 620], "Walls": [[[622, 326], [689, 449], [0, 0, 0, 255], 1.0], [[354, 210], [629, 261], [0, 0, 0, 255], 1.0], [[702, 379], [977, 444], [0, 0, 0, 255], 1.0], [[29, 69], [133, 166], [0, 0, 0, 255], 1.0]], "Ball": [[664, 256], [264.3091384277767, 141.9178612563141], 20, [0, 0, 255, 255], 1.0], "Name": "RTr_Bl4_4", "Occluders": [], "AbnormWalls": [], "ClosedEnds": [1, 3, 2, 4], "Goals": [[[92, 318], [321, 373], 201, [255, 0, 0, 255]], [[208, 32], [415, 124], 202, [0, 255, 0, 255]]], "Paddle": null, "BKColor": [255, 255, 255, 255]}