{"Dims": [1000, 620], "Walls": [[[377, 238], [540, 477], [0, 0, 0, 255], 1.0], [[588, 325], [776, 588], [0, 0, 0, 255], 1.0]], "Ball": [[300, 514], [194.3173545660514, 228.56238910733208], 20, [0, 0, 255, 255], 1.0], "Name": "RTr_Bl2_0", "Occluders": [], "AbnormWalls": [], "ClosedEnds": [1, 3, 2, 4], "Goals": [[[25, 316], [122, 442], 201, [255, 0, 0, 255]], [[801, 420], [972, 527], 202, [0, 255, 0, 255]]], "Paddle": null, "BKColor": [255, 255, 255, 255]}