{"Dims": [1000, 620], "Walls": [[[181, 456], [350, 542], [0, 0, 0, 255], 1.0], [[654, 182], [877, 423], [0, 0, 0, 255], 1.0], [[413, 37], [627, 281], [0, 0, 0, 255], 1.0], [[73, 142], [175, 364], [0, 0, 0, 255], 1.0]], "Ball": [[672, 562], [114.70407962036302, 277.2056531141554], 20, [0, 0, 255, 255], 1.0], "Name": "RTr_Bl4_2", "Occluders": [], "AbnormWalls": [], "ClosedEnds": [1, 3, 2, 4], "Goals": [[[373, 385], [608, 558], 201, [255, 0, 0, 255]], [[223, 99], [381, 345], 202, [0, 255, 0, 255]]], "Paddle": null, "BKColor": [255, 255, 255, 255]}