{"Dims": [1000, 620], "Walls": [[[580, 56], [865, 117], [0, 0, 0, 255], 1.0], [[903, 353], [967, 616], [0, 0, 0, 255], 1.0], [[62, 181], [233, 358], [0, 0, 0, 255], 1.0]], "Ball": [[559, 451], [205.53576216936494, 218.5292897289932], 20, [0, 0, 255, 255], 1.0], "Name": "RTr_Bl3_16", "Occluders": [], "AbnormWalls": [], "ClosedEnds": [1, 3, 2, 4], "Goals": [[[333, 91], [528, 301], 201, [255, 0, 0, 255]], [[133, 461], [381, 523], 202, [0, 255, 0, 255]]], "Paddle": null, "BKColor": [255, 255, 255, 255]}