{"Dims": [1000, 620], "Walls": [[[565, 236], [663, 317], [0, 0, 0, 255], 1.0], [[197, 142], [416, 385], [0, 0, 0, 255], 1.0], [[913, 84], [965, 191], [0, 0, 0, 255], 1.0]], "Ball": [[741, 231], [298.96725953883964, 24.871222805404848], 20, [0, 0, 255, 255], 1.0], "Name": "RTr_Bl3_2", "Occluders": [], "AbnormWalls": [], "ClosedEnds": [1, 3, 2, 4], "Goals": [[[736, 455], [852, 616], 201, [255, 0, 0, 255]], [[27, 89], [139, 362], 202, [0, 255, 0, 255]]], "Paddle": null, "BKColor": [255, 255, 255, 255]}