{"Dims": [1000, 620], "Walls": [[[382, 297], [651, 424], [0, 0, 0, 255], 1.0], [[40, 68], [156, 219], [0, 0, 0, 255], 1.0], [[122, 398], [293, 510], [0, 0, 0, 255], 1.0], [[830, 504], [910, 573], [0, 0, 0, 255], 1.0]], "Ball": [[233, 307], [32.97249838300126, 298.1825185190825], 20, [0, 0, 255, 255], 1.0], "Name": "RTr_Bl4_6", "Occluders": [], "AbnormWalls": [], "ClosedEnds": [1, 3, 2, 4], "Goals": [[[675, 165], [958, 422], 201, [255, 0, 0, 255]], [[412, 7], [497, 251], 202, [0, 255, 0, 255]]], "Paddle": null, "BKColor": [255, 255, 255, 255]}