{"Dims": [1000, 620], "Walls": [[[485, 111], [545, 182], [0, 0, 0, 255], 1.0]], "Ball": [[451, 85], [142.92060881467273, 263.7682687057776], 20, [0, 0, 255, 255], 1.0], "Name": "RTr_Bl1_8", "Occluders": [], "AbnormWalls": [], "ClosedEnds": [1, 3, 2, 4], "Goals": [[[693, 133], [807, 266], 201, [255, 0, 0, 255]], [[694, 324], [753, 435], 202, [0, 255, 0, 255]]], "Paddle": null, "BKColor": [255, 255, 255, 255]}