{"Dims": [1000, 620], "Walls": [[[207, 29], [316, 135], [0, 0, 0, 255], 1.0]], "Ball": [[58, 481], [117.32536803161756, 276.10642516291705], 20, [0, 0, 255, 255], 1.0], "Name": "RTr_Bl1_18", "Occluders": [], "AbnormWalls": [], "ClosedEnds": [1, 3, 2, 4], "Goals": [[[745, 37], [954, 252], 201, [255, 0, 0, 255]], [[597, 336], [669, 498], 202, [0, 255, 0, 255]]], "Paddle": null, "BKColor": [255, 255, 255, 255]}