{"Dims": [1000, 620], "Walls": [[[296, 274], [453, 374], [0, 0, 0, 255], 1.0]], "Ball": [[540, 527], [296.3936418716018, 46.376815954619246], 20, [0, 0, 255, 255], 1.0], "Name": "RTr_Bl1_0", "Occluders": [], "AbnormWalls": [], "ClosedEnds": [1, 3, 2, 4], "Goals": [[[6, 466], [87, 610], 201, [255, 0, 0, 255]], [[590, 369], [643, 443], 202, [0, 255, 0, 255]]], "Paddle": null, "BKColor": [255, 255, 255, 255]}