{"Dims": [1000, 620], "Walls": [[[183, 188], [351, 461], [0, 0, 0, 255], 1.0], [[645, 198], [821, 475], [0, 0, 0, 255], 1.0], [[578, 47], [743, 119], [0, 0, 0, 255], 1.0]], "Ball": [[875, 81], [189.10901857014397, 232.89005795747684], 20, [0, 0, 255, 255], 1.0], "Name": "RTr_Bl3_17", "Occluders": [], "AbnormWalls": [], "ClosedEnds": [1, 3, 2, 4], "Goals": [[[455, 48], [519, 305], 201, [255, 0, 0, 255]], [[363, 327], [576, 402], 202, [0, 255, 0, 255]]], "Paddle": null, "BKColor": [255, 255, 255, 255]}