{"Dims": [1000, 620], "Walls": [[[600, 256], [838, 505], [0, 0, 0, 255], 1.0]], "Ball": [[837, 62], [28.535226570736665, 298.63981791542255], 20, [0, 0, 255, 255], 1.0], "Name": "RTr_Bl1_12", "Occluders": [], "AbnormWalls": [], "ClosedEnds": [1, 3, 2, 4], "Goals": [[[87, 184], [331, 430], 201, [255, 0, 0, 255]], [[386, 373], [509, 481], 202, [0, 255, 0, 255]]], "Paddle": null, "BKColor": [255, 255, 255, 255]}