{"Dims": [1000, 620], "Walls": [[[344, 334], [417, 551], [0, 0, 0, 255], 1.0], [[464, 285], [550, 350], [0, 0, 0, 255], 1.0], [[646, 299], [807, 491], [0, 0, 0, 255], 1.0]], "Ball": [[946, 268], [183.79889989384137, 237.10327791452758], 20, [0, 0, 255, 255], 1.0], "Name": "RTr_Bl3_1", "Occluders": [], "AbnormWalls": [], "ClosedEnds": [1, 3, 2, 4], "Goals": [[[72, 212], [277, 404], 201, [255, 0, 0, 255]], [[821, 124], [903, 201], 202, [0, 255, 0, 255]]], "Paddle": null, "BKColor": [255, 255, 255, 255]}