{"Dims": [1000, 620], "Walls": [[[748, 82], [952, 366], [0, 0, 0, 255], 1.0]], "Ball": [[86, 343], [28.933539822085304, 298.601490742032], 20, [0, 0, 255, 255], 1.0], "Name": "RTr_Bl1_13", "Occluders": [], "AbnormWalls": [], "ClosedEnds": [1, 3, 2, 4], "Goals": [[[162, 362], [287, 602], 201, [255, 0, 0, 255]], [[503, 104], [616, 158], 202, [0, 255, 0, 255]]], "Paddle": null, "BKColor": [255, 255, 255, 255]}