{"Dims": [1000, 620], "Walls": [[[191, 8], [393, 231], [0, 0, 0, 255], 1.0], [[592, 129], [850, 253], [0, 0, 0, 255], 1.0], [[428, 506], [515, 607], [0, 0, 0, 255], 1.0], [[640, 291], [726, 511], [0, 0, 0, 255], 1.0]], "Ball": [[940, 179], [49.599951686178926, 295.87133148165725], 20, [0, 0, 255, 255], 1.0], "Name": "RTr_Bl4_1", "Occluders": [], "AbnormWalls": [], "ClosedEnds": [1, 3, 2, 4], "Goals": [[[353, 286], [595, 408], 201, [255, 0, 0, 255]], [[430, 54], [481, 253], 202, [0, 255, 0, 255]]], "Paddle": null, "BKColor": [255, 255, 255, 255]}