{"Dims": [1000, 620], "Walls": [[[746, 138], [896, 260], [0, 0, 0, 255], 1.0], [[481, 29], [673, 136], [0, 0, 0, 255], 1.0], [[200, 302], [461, 424], [0, 0, 0, 255], 1.0], [[854, 309], [962, 390], [0, 0, 0, 255], 1.0]], "Ball": [[751, 92], [262.79419543046635, 144.70387295457527], 20, [0, 0, 255, 255], 1.0], "Name": "RTr_Bl4_10", "Occluders": [], "AbnormWalls": [], "ClosedEnds": [1, 3, 2, 4], "Goals": [[[516, 442], [783, 612], 201, [255, 0, 0, 255]], [[55, 439], [268, 577], 202, [0, 255, 0, 255]]], "Paddle": null, "BKColor": [255, 255, 255, 255]}