{"Dims": [1000, 620], "Walls": [[[354, 88], [427, 329], [0, 0, 0, 255], 1.0], [[352, 447], [492, 612], [0, 0, 0, 255], 1.0]], "Ball": [[60, 405], [268.8736302715455, 133.06754279162243], 20, [0, 0, 255, 255], 1.0], "Name": "RTr_Bl2_4", "Occluders": [], "AbnormWalls": [], "ClosedEnds": [1, 3, 2, 4], "Goals": [[[569, 184], [730, 339], 201, [255, 0, 0, 255]], [[0, 43], [279, 119], 202, [0, 255, 0, 255]]], "Paddle": null, "BKColor": [255, 255, 255, 255]}