{"Dims": [1000, 620], "Walls": [[[93, 453], [239, 564], [0, 0, 0, 255], 1.0], [[324, 131], [461, 234], [0, 0, 0, 255], 1.0], [[706, 387], [968, 554], [0, 0, 0, 255], 1.0], [[388, 303], [588, 394], [0, 0, 0, 255], 1.0], [[543, 442], [614, 575], [0, 0, 0, 255], 1.0]], "Ball": [[318, 533], [213.96655728278887, 210.28150742409815], 20, [0, 0, 255, 255], 1.0], "Name": "RTr_Bl5_7", "Occluders": [], "AbnormWalls": [], "ClosedEnds": [1, 3, 2, 4], "Goals": [[[827, 232], [880, 331], 201, [255, 0, 0, 255]], [[440, 34], [684, 102], 202, [0, 255, 0, 255]]], "Paddle": null, "BKColor": [255, 255, 255, 255]}