{"Dims": [1000, 620], "Walls": [[[122, 377], [239, 428], [0, 0, 0, 255], 1.0]], "Ball": [[578, 381], [136.26248317109923, 267.2686582449313], 20, [0, 0, 255, 255], 1.0], "Name": "RTr_Bl1_15", "Occluders": [], "AbnormWalls": [], "ClosedEnds": [1, 3, 2, 4], "Goals": [[[109, 197], [402, 255], 201, [255, 0, 0, 255]], [[695, 3], [779, 68], 202, [0, 255, 0, 255]]], "Paddle": null, "BKColor": [255, 255, 255, 255]}