{"Dims": [1000, 620], "Walls": [[[31, 46], [206, 226], [0, 0, 0, 255], 1.0], [[675, 108], [959, 339], [0, 0, 0, 255], 1.0], [[427, 283], [638, 349], [0, 0, 0, 255], 1.0], [[506, 437], [665, 579], [0, 0, 0, 255], 1.0], [[443, 124], [503, 209], [0, 0, 0, 255], 1.0]], "Ball": [[182, 411], [24.92809681432962, 298.96252271683727], 20, [0, 0, 255, 255], 1.0], "Name": "RTr_Bl5_2", "Occluders": [], "AbnormWalls": [], "ClosedEnds": [1, 3, 2, 4], "Goals": [[[720, 430], [899, 611], 201, [255, 0, 0, 255]], [[346, 322], [427, 491], 202, [0, 255, 0, 255]]], "Paddle": null, "BKColor": [255, 255, 255, 255]}