{"Dims": [1000, 620], "Walls": [[[400, 210], [507, 274], [0, 0, 0, 255], 1.0], [[706, 399], [809, 595], [0, 0, 0, 255], 1.0]], "Ball": [[225, 497], [296.561883720291, 45.28850984822296], 20, [0, 0, 255, 255], 1.0], "Name": "RTr_Bl2_2", "Occluders": [], "AbnormWalls": [], "ClosedEnds": [1, 3, 2, 4], "Goals": [[[622, 108], [875, 317], 201, [255, 0, 0, 255]], [[159, 291], [255, 441], 202, [0, 255, 0, 255]]], "Paddle": null, "BKColor": [255, 255, 255, 255]}