{"Dims": [1000, 620], "Walls": [[[609, 344], [774, 617], [0, 0, 0, 255], 1.0], [[782, 365], [994, 490], [0, 0, 0, 255], 1.0]], "Ball": [[586, 585], [59.773253400426974, 293.98496250306465], 20, [0, 0, 255, 255], 1.0], "Name": "RTr_Bl2_8", "Occluders": [], "AbnormWalls": [], "ClosedEnds": [1, 3, 2, 4], "Goals": [[[87, 333], [373, 596], 201, [255, 0, 0, 255]], [[884, 161], [994, 353], 202, [0, 255, 0, 255]]], "Paddle": null, "BKColor": [255, 255, 255, 255]}